date,pun_Price,brent_Price,coal_Price,crude_oil_Price,gasoline_Price,ttf_gas_Price,Calabria_Load,Centre-North_Load,Centre-South_Load,Italy_Load,North_Load,Sardinia_Load,Sicily_Load,South_Load,bari_tavg,bologna_tavg,cagliari_tavg,milano_tavg,napoli_tavg,palermo_tavg,roma_tavg,torino_tavg,venezia_tavg,bari_tmin,bologna_tmin,cagliari_tmin,milano_tmin,napoli_tmin,palermo_tmin,roma_tmin,torino_tmin,venezia_tmin,bari_tmax,bologna_tmax,cagliari_tmax,milano_tmax,napoli_tmax,palermo_tmax,roma_tmax,torino_tmax,venezia_tmax,bari_wspd,bologna_wspd,cagliari_wspd,milano_wspd,napoli_wspd,palermo_wspd,roma_wspd,torino_wspd,venezia_wspd,bari_pres,bologna_pres,cagliari_pres,milano_pres,napoli_pres,palermo_pres,roma_pres,torino_pres,venezia_pres,target_pun
2020-01-01,35.792118,66.3929,,61.1925,1.7168,,,2476.88,4176.5,22828.29,10989.54,904.88,1781.29,2499.21,10.8,3.7,7.9,2.3,8.7,12.7,5.3,0.1,3.8,7.6,0.8,3.0,-2.4,3.0,10.0,0.2,-5.3,-2.0,13.6,9.0,15.1,10.0,15.0,14.0,12.0,8.9,11.0,22.7,4.8,8.8,3.5,8.3,11.4,6.1,3.5,5.9,1028.4,1031.2,1031.1,1031.0,1028.4,1028.6,1028.8,1029.7,1031.3,45.745415
2020-01-02,45.745415,66.2512,,61.005,1.7155,12.073,,3531.79,5240.46,29670.96,15077.83,852.17,2064.17,2904.54,10.3,2.9,7.4,1.7,10.6,12.2,6.9,-0.5,4.2,5.5,-1.0,1.0,-2.0,6.0,9.8,1.4,-5.1,0.0,13.0,8.0,15.7,8.0,15.0,15.0,13.3,8.2,11.0,14.9,7.6,9.6,3.8,11.4,9.7,6.2,4.1,6.8,1030.5,1032.5,1031.9,1032.7,1029.5,1029.4,1029.8,1031.6,1031.9,43.938159
2020-01-03,43.938159,68.6226,67.5,62.8565,1.7628,12.985,,3576.67,5496.0,31013.54,15846.12,892.92,2133.62,3068.21,9.6,5.1,8.4,3.1,7.1,12.1,6.5,-0.9,1.3,7.0,1.0,2.1,-1.0,1.0,8.0,1.7,-3.8,-2.0,13.2,11.0,14.0,8.0,14.0,15.0,12.1,5.4,5.0,13.7,6.9,9.0,2.3,3.9,7.1,7.0,3.2,4.4,1027.8,1027.4,1030.3,1027.6,1027.8,1028.9,1027.8,1026.9,1027.3,44.208705
2020-01-04,44.208705,,,,,,,2901.5,4922.5,27712.83,14102.29,993.08,1956.46,2837.0,9.9,6.5,12.6,4.3,8.2,14.1,8.1,0.7,3.7,5.8,3.0,10.0,-0.3,3.0,12.0,3.7,-5.5,-1.1,13.7,12.0,15.7,10.0,12.0,15.0,13.4,11.9,11.0,14.7,6.9,14.3,6.3,4.2,10.8,5.9,4.0,6.1,1023.1,1023.5,1025.8,1023.8,1023.5,1024.8,1023.5,1023.3,1023.2,38.060425
2020-01-05,38.060425,69.4577,,63.5387,,,,2727.04,4587.71,25802.42,12743.71,1205.58,1883.5,2654.88,10.6,5.0,11.6,4.8,8.7,14.4,8.1,1.0,5.0,8.7,0.0,7.9,-1.0,3.1,13.0,3.7,-4.2,0.4,12.9,11.0,16.3,12.0,14.0,15.3,14.0,10.1,11.0,48.6,7.7,11.9,3.3,18.7,31.5,11.8,4.3,8.3,1022.1,1027.5,1025.8,1027.6,1023.9,1022.6,1024.6,1026.2,1028.1,39.923403
2020-01-06,39.923403,68.91,,63.27,1.7591,12.28,,2906.12,4550.5,25532.12,12788.67,838.33,1814.71,2633.79,8.6,1.7,8.2,1.2,7.4,11.5,5.3,-0.6,3.0,7.3,-2.0,3.6,-1.0,5.0,10.0,0.2,-4.5,0.4,9.8,7.0,16.0,3.7,10.0,13.0,11.1,7.7,7.0,56.0,5.7,8.9,4.2,19.8,39.9,10.7,3.4,5.0,1025.6,1031.4,1028.5,1031.7,1026.1,1024.9,1026.8,1030.3,1031.9,52.590938
2020-01-07,52.590938,68.27,,62.51,1.7858,11.929,,3648.46,5703.08,35240.79,19635.71,1162.25,2071.92,3019.38,9.2,0.2,8.8,0.2,6.8,11.5,4.3,-1.8,1.0,6.1,-3.0,1.0,-1.0,1.1,8.4,-0.1,-5.6,-2.0,11.7,4.0,16.4,2.0,12.0,14.0,9.3,5.8,4.3,19.8,6.9,11.2,5.8,7.0,9.8,6.1,3.3,5.7,1025.3,1027.9,1027.1,1027.9,1025.0,1025.4,1025.0,1026.4,1027.7,47.919989
2020-01-08,47.919989,64.79,,59.46,1.6676,11.964,,3832.71,5943.38,37521.04,21331.38,1153.58,2094.88,3165.12,9.7,0.5,11.5,0.6,9.4,11.5,6.4,-1.1,2.1,4.0,-2.0,9.0,-0.1,6.0,9.0,3.0,-6.9,-3.0,13.0,6.4,15.4,2.0,14.0,14.0,13.0,8.3,8.0,14.0,7.6,9.7,5.9,11.7,7.8,7.4,2.7,7.7,1028.4,1031.2,1025.6,1031.6,1027.0,1025.3,1027.2,1030.2,1030.6,55.440532
2020-01-09,55.440532,65.3377,68.95,59.55,1.6658,12.179,,3950.17,5825.38,37556.46,21241.62,1100.17,2248.33,3190.79,9.9,1.4,10.2,0.8,7.3,10.1,5.8,-0.5,3.8,6.8,-3.7,5.4,-1.4,2.0,7.0,0.7,-6.0,1.4,12.9,9.0,13.2,6.0,14.0,14.0,12.2,9.2,8.0,12.4,4.6,7.5,4.0,5.6,6.6,5.6,3.2,6.4,1028.6,1027.5,1028.0,1027.6,1028.3,1028.2,1028.3,1026.3,1027.0,52.978107
2020-01-10,52.978107,65.021,70.9,59.0841,1.6687,11.94,,3899.92,5678.83,37598.79,21782.38,1086.83,2176.38,2974.46,8.5,3.2,10.7,4.5,7.1,10.3,7.0,1.4,1.7,1.6,-2.5,6.7,1.0,1.0,6.0,1.0,-4.6,-3.0,12.0,8.0,16.1,8.0,14.0,14.0,14.0,9.5,7.0,9.5,4.4,7.4,3.9,4.7,10.6,6.7,3.4,4.9,1026.0,1024.9,1024.8,1024.7,1025.6,1025.3,1025.4,1023.6,1025.0,45.419283
2020-01-11,45.419283,,,,,,,3030.58,5226.33,31402.17,17193.62,1046.0,2080.08,2825.54,9.4,5.7,9.6,3.0,7.7,11.2,6.5,4.8,4.9,4.2,1.1,5.0,-2.0,2.0,8.0,2.8,0.0,-1.0,14.0,10.0,16.0,11.0,15.0,14.0,12.0,11.0,14.0,14.0,6.2,8.5,3.6,6.0,8.9,7.3,4.5,7.8,1024.5,1028.2,1025.1,1028.5,1024.3,1023.3,1024.5,1028.0,1028.0,45.060714
2020-01-12,45.060714,64.84,,58.8386,,,,2584.38,4569.08,27319.62,14508.92,1116.08,1965.71,2575.46,10.4,3.8,10.1,2.6,10.0,10.7,6.7,-0.5,4.6,6.7,0.0,6.0,-2.0,5.8,7.1,2.0,-6.1,1.0,13.0,9.1,16.4,9.0,15.0,14.0,13.0,8.0,9.0,15.4,5.7,7.7,2.7,10.7,8.9,8.4,3.8,7.9,1026.0,1028.6,1025.2,1028.6,1024.9,1023.6,1025.2,1027.7,1028.6,54.283781
2020-01-13,54.283781,64.2342,,58.2467,1.6696,12.054,,3823.88,5611.75,37083.75,21385.04,1018.08,2202.0,3043.0,8.4,1.3,9.2,1.1,8.7,10.9,6.3,-1.6,3.2,6.0,-3.0,3.4,-3.0,3.5,8.0,1.0,-1.8,-0.6,11.3,7.0,15.0,7.0,15.0,14.2,13.0,7.0,8.0,8.5,6.3,7.1,2.7,6.1,8.1,6.1,3.5,6.4,1026.0,1026.6,1025.6,1026.3,1025.1,1024.0,1025.2,1025.3,1026.4,56.214004
2020-01-14,56.214004,64.4199,70.8,58.2282,1.6686,11.303,,3881.04,5728.33,38458.67,22514.88,1080.25,2196.04,3058.12,10.5,2.3,8.2,3.2,8.2,10.7,7.6,-1.3,2.0,4.0,-3.1,2.8,0.2,1.0,7.0,3.6,-5.7,-1.5,12.0,7.0,15.2,6.0,14.0,14.1,13.9,7.0,6.0,6.9,4.0,8.3,4.0,3.8,9.2,6.0,3.6,3.9,1027.0,1026.3,1026.7,1026.1,1026.1,1025.8,1026.0,1025.0,1026.4,54.866988
2020-01-15,54.866988,64.0,70.5,57.84,1.6611,11.179,,3860.08,5808.88,38770.12,22782.58,1094.08,2144.0,3080.5,7.2,5.4,7.6,5.2,8.5,10.5,6.3,-0.9,2.7,2.9,3.6,2.0,4.0,4.0,7.0,0.9,-6.0,0.0,13.0,8.0,15.3,6.2,15.0,14.2,13.3,7.6,6.0,8.8,3.5,7.6,3.8,5.8,6.7,5.7,3.2,4.9,1028.5,1028.9,1028.5,1028.8,1028.5,1027.8,1028.5,1027.8,1029.0,50.281465
2020-01-16,50.281465,64.62,70.45,58.52,1.6737,11.117,,3620.92,5834.46,38635.58,22615.33,1475.33,2131.46,2958.08,8.6,5.3,8.4,5.1,7.8,11.0,6.3,-0.7,3.7,4.0,2.9,2.8,1.1,2.0,7.0,0.5,-6.1,-1.0,14.0,9.0,14.0,9.0,15.0,14.2,12.1,8.0,9.0,13.7,5.3,7.1,4.0,6.4,11.9,6.9,3.2,6.6,1027.9,1030.6,1030.1,1030.6,1028.4,1028.6,1028.9,1029.7,1030.4,51.889451
2020-01-17,51.889451,64.85,70.0,58.54,1.6618,10.929,,4123.42,5810.04,38155.08,22191.71,869.42,2159.08,3001.42,8.6,6.0,10.6,4.9,7.4,13.3,6.6,0.4,5.0,4.0,1.0,5.0,-1.0,2.0,12.0,1.0,-5.8,0.3,13.0,11.0,16.3,11.1,14.0,14.1,12.0,8.4,11.0,13.2,7.2,6.6,4.2,4.6,9.0,6.3,2.9,7.0,1025.4,1025.6,1028.4,1025.4,1026.2,1027.3,1026.4,1024.5,1024.9,46.751225
2020-01-18,46.751225,,,,,,,3220.33,5139.58,32333.08,17989.67,1084.04,2090.46,2809.0,8.4,6.3,11.9,6.0,8.2,12.4,9.2,2.0,5.6,3.0,6.0,8.9,2.0,2.0,9.0,6.0,-3.0,3.0,14.0,8.0,15.5,9.0,12.0,15.0,12.8,8.4,7.0,9.0,12.8,15.6,5.3,6.3,15.9,8.1,5.1,10.2,1021.3,1022.2,1026.2,1023.1,1022.3,1025.2,1021.2,1021.7,1022.4,42.983175
2020-01-19,42.983175,,,,,,,2859.04,4530.08,27875.25,15116.12,959.96,1918.46,2491.58,9.5,6.7,11.7,3.6,8.4,12.1,9.2,-1.0,6.8,6.5,4.0,6.9,1.0,2.0,9.0,5.6,-6.2,4.0,12.3,10.0,15.4,8.0,13.0,14.7,13.5,7.6,10.0,15.9,6.9,13.6,5.0,10.3,12.3,9.2,3.2,7.8,1022.6,1027.9,1020.8,1028.5,1021.7,1022.2,1022.2,1027.5,1028.2,45.856088
2020-01-20,45.856088,65.2,69.9,58.8004,1.6533,10.566,,3774.54,5532.21,36519.67,21088.12,1062.75,2114.04,2948.0,9.9,4.2,14.1,4.1,10.1,13.9,9.7,0.3,5.1,7.0,1.0,11.8,0.0,8.9,10.0,8.9,-4.7,2.7,12.0,9.0,15.0,9.0,12.0,16.3,11.3,7.8,10.0,11.8,7.4,37.9,5.7,20.2,10.2,15.7,4.6,14.8,1034.8,1039.9,1023.6,1040.6,1032.6,1027.6,1031.8,1039.6,1040.7,47.660681
2020-01-21,47.660681,64.5758,69.05,58.3668,1.6526,10.777,,3877.21,5665.21,38333.21,22491.46,1159.38,2164.96,2975.0,8.0,3.0,15.5,2.4,10.3,15.3,9.7,-1.6,4.0,4.0,0.0,14.4,-1.0,7.0,11.9,5.7,-6.1,0.0,12.0,8.0,17.1,6.3,15.0,19.0,15.0,4.6,8.3,10.2,6.0,44.6,4.0,12.4,11.2,11.9,3.3,8.0,1039.0,1041.8,1029.0,1041.8,1036.6,1032.6,1036.0,1041.0,1041.5,50.816421
2020-01-22,50.816421,63.21,67.9,56.3056,1.5878,10.455,,3794.0,5764.67,38576.29,22594.42,1257.04,2195.79,2970.38,6.8,3.9,15.1,2.8,9.7,13.0,8.1,-0.8,2.5,3.2,0.0,14.0,-1.7,4.7,9.0,3.0,-6.4,-1.0,12.0,10.0,16.3,9.0,15.6,16.0,15.0,9.0,6.3,11.0,7.8,36.4,5.0,6.6,6.2,6.6,3.4,5.3,1033.5,1034.2,1028.6,1034.0,1032.9,1031.5,1032.7,1033.2,1033.8,51.631008
2020-01-23,51.631008,62.04,69.1,55.59,1.5746,10.428,,3881.71,5676.21,38619.12,22602.96,1312.0,2167.96,2978.29,7.1,2.9,14.9,3.2,9.0,13.5,7.8,-1.6,3.5,3.0,-2.0,14.0,-1.0,3.8,10.8,2.0,-5.8,-1.3,13.0,9.0,16.4,9.0,16.2,16.1,14.8,6.2,10.0,10.6,4.5,29.5,4.6,4.1,9.9,6.3,3.5,9.2,1029.1,1030.8,1024.8,1030.8,1028.4,1027.4,1028.3,1029.7,1030.9,51.724331
2020-01-24,51.724331,60.69,69.1,54.19,1.5262,10.455,,4245.88,5586.42,37873.21,22289.29,823.58,2112.12,2815.92,7.8,3.5,14.5,3.7,9.0,12.2,9.7,-0.2,3.5,2.0,0.0,11.0,-1.0,2.0,8.0,3.7,-4.9,-1.3,13.0,8.0,16.7,8.0,15.0,15.9,13.3,6.9,8.0,10.6,5.8,21.6,3.5,6.2,10.1,8.5,3.9,5.6,1027.7,1027.6,1022.2,1027.4,1026.9,1025.3,1025.9,1026.2,1027.7,45.796182
2020-01-25,45.796182,,,,,,,3288.21,4927.96,31890.42,17809.88,1104.96,2036.96,2722.46,11.0,4.9,10.1,5.3,10.8,13.4,11.9,2.1,6.5,5.8,4.0,5.0,2.0,5.8,10.0,8.0,-2.3,4.0,18.0,6.0,15.7,8.0,15.0,17.3,15.3,9.5,9.0,10.2,7.5,5.9,4.1,6.0,6.7,13.5,2.5,7.3,1023.8,1024.6,1022.3,1024.6,1024.1,1022.9,1022.5,1023.2,1024.3,45.376838
2020-01-26,45.376838,,,,,,,3053.58,4698.42,28038.75,14906.38,935.0,1920.29,2525.08,10.3,6.3,9.6,5.8,9.2,13.9,9.4,0.0,7.2,6.5,4.0,4.5,2.0,5.0,10.0,6.0,-5.1,6.0,16.0,9.3,16.0,10.0,13.0,18.0,15.0,8.3,9.0,7.6,5.8,7.4,4.6,4.8,13.7,5.0,3.8,6.1,1019.5,1021.4,1020.3,1021.2,1019.6,1019.7,1019.7,1020.3,1021.1,48.039687
2020-01-27,48.039687,59.32,69.1,53.14,1.4875,10.526,,3970.54,5509.08,36680.58,21198.33,1006.33,2135.58,2860.71,10.7,6.5,11.2,5.4,9.9,13.7,9.3,1.1,4.3,7.3,2.0,6.0,-0.2,5.0,10.7,4.0,-5.2,1.9,14.0,11.0,17.4,10.0,14.1,16.0,14.5,9.4,8.0,12.2,6.0,10.5,3.4,5.5,10.8,5.4,3.2,4.2,1018.9,1018.5,1022.6,1018.4,1020.5,1022.4,1020.4,1017.2,1018.6,45.32706
2020-01-28,45.32706,59.51,68.35,53.48,1.5191,10.792,,3895.71,5599.79,38118.29,22468.92,1043.33,2161.29,2949.25,11.9,6.0,13.4,6.9,13.5,14.3,11.6,4.3,6.4,5.0,3.0,8.7,5.0,12.0,12.0,9.9,0.0,4.0,18.0,10.7,17.4,8.6,15.1,16.0,13.0,10.7,8.1,17.8,7.4,15.1,6.0,13.8,23.8,11.8,5.2,8.5,1015.2,1008.3,1019.9,1008.7,1017.4,1021.1,1016.1,1007.3,1007.8,44.50067
2020-01-29,44.50067,59.81,68.6,53.33,1.5382,10.15,,4138.54,5696.88,38520.42,22617.88,969.08,2181.79,2916.25,13.9,8.8,13.0,6.7,12.7,15.4,10.5,4.6,4.2,10.0,2.5,8.0,1.2,9.0,15.0,7.0,-3.0,1.0,18.0,15.1,18.7,14.7,14.3,17.0,15.0,15.6,9.0,13.7,11.5,11.9,7.8,13.0,29.3,7.4,6.3,6.2,1011.7,1009.9,1020.1,1010.3,1014.4,1019.4,1013.9,1008.9,1009.4,45.490746
2020-01-30,45.490746,58.29,68.65,52.14,1.5342,9.781,,4157.08,5478.04,37916.42,22355.08,1040.38,2033.67,2852.17,10.5,7.0,13.2,5.6,9.6,14.0,9.4,2.4,4.7,5.8,3.0,9.0,0.1,4.0,10.7,3.6,-4.3,1.0,16.0,12.0,19.0,11.0,16.0,15.2,15.1,11.4,8.9,11.2,6.8,12.2,4.8,4.4,12.9,7.4,3.9,6.1,1019.2,1018.3,1022.2,1018.3,1020.8,1022.4,1020.3,1017.1,1018.8,44.931204
2020-01-31,44.931204,56.62,68.5,51.56,1.5006,9.755,,3814.58,5536.29,37189.38,21672.38,1059.92,2112.46,2993.75,9.4,8.5,12.6,7.1,11.0,13.9,11.8,3.5,6.0,4.0,5.0,8.0,1.8,6.2,11.0,10.0,-3.1,3.0,15.7,14.0,19.0,13.0,14.0,18.0,14.0,13.3,10.0,7.9,4.8,8.7,4.7,4.0,11.5,7.8,4.3,5.1,1020.6,1019.0,1021.3,1018.9,1022.4,1022.3,1021.5,1017.7,1019.2,40.579922
2020-02-01,40.579922,,,,,,,3119.08,4787.04,30884.04,17327.42,979.12,1997.38,2674.0,11.4,8.7,12.1,8.4,12.9,14.2,12.1,4.0,7.4,6.7,6.0,6.8,7.0,11.0,12.0,9.8,-1.1,5.8,16.0,12.0,18.5,10.0,15.0,16.0,14.2,9.8,9.1,8.0,4.6,11.7,5.5,4.1,11.9,5.8,3.3,4.2,1020.1,1018.5,1021.9,1018.8,1021.5,1021.7,1021.0,1017.5,1018.5,38.738745
2020-02-02,38.738745,,,,,,,3030.25,4472.96,27197.88,14806.75,778.04,1783.5,2326.38,13.3,5.2,14.6,4.8,13.5,14.0,13.3,3.9,7.5,10.0,2.0,9.4,1.7,11.0,12.0,10.8,-1.3,4.7,18.0,7.1,19.5,7.2,15.3,17.0,16.3,13.2,10.0,7.9,4.4,19.1,5.5,5.1,11.7,7.3,3.3,4.7,1019.7,1018.8,1024.3,1018.5,1022.1,1023.3,1021.7,1017.0,1018.4,37.613866
2020-02-03,37.613866,54.45,66.3,50.11,1.465,9.211,,3630.71,5415.96,35693.12,20659.46,1125.54,1968.08,2893.38,13.1,5.2,16.9,6.3,14.4,16.2,12.8,9.7,7.7,7.0,2.7,13.3,3.0,12.0,13.0,8.8,-2.4,6.0,19.0,7.0,23.0,10.4,16.3,19.0,18.7,25.5,10.2,10.3,4.6,21.0,7.6,7.5,14.1,6.6,10.4,4.7,1017.4,1016.3,1023.1,1015.7,1020.0,1021.5,1019.4,1013.3,1016.1,40.085215
2020-02-04,40.085215,53.96,68.55,49.61,1.4385,9.366,,3617.96,5377.62,36299.75,21333.71,1088.79,2019.75,2861.92,13.3,8.9,15.8,9.3,-6.2,16.1,11.9,7.7,8.4,8.0,5.0,12.0,6.0,-15.0,13.0,8.0,4.0,5.6,21.0,17.0,21.1,16.0,-2.0,20.0,17.0,16.0,14.0,16.2,19.2,31.6,18.5,14.3,23.2,16.2,15.9,12.3,1006.4,1008.1,1017.5,1010.6,1010.1,1014.5,1010.0,1009.4,1006.6,39.166379
2020-02-05,39.166379,55.28,69.3,50.75,1.4999,9.313,,3963.83,5302.38,36106.71,21184.17,958.88,1932.88,2764.58,9.4,7.4,11.3,9.0,-8.3,12.9,7.7,3.3,8.1,6.8,2.0,6.0,5.0,-16.0,7.8,3.2,-5.1,4.0,10.2,14.0,16.3,13.4,0.0,14.0,12.6,15.1,14.0,32.1,16.7,22.7,18.7,24.5,45.2,25.0,7.5,15.5,1005.2,1019.0,1019.3,1021.3,1010.6,1012.7,1013.7,1020.7,1017.7,40.591906
2020-02-06,40.591906,54.93,69.7,50.95,1.5041,9.149,,3960.58,5654.62,37551.88,21862.71,1004.67,2153.92,2915.38,8.3,4.8,8.8,4.9,-7.3,11.4,7.3,-0.2,5.8,7.0,-1.0,2.8,-1.0,3.0,9.8,3.0,-5.3,0.0,10.0,11.6,15.5,12.0,10.0,12.4,12.5,7.9,11.0,25.9,6.9,10.7,5.0,24.3,31.8,18.7,4.3,10.1,1020.0,1028.6,1026.2,1028.6,1021.6,1020.9,1022.5,1027.6,1028.2,48.074449
2020-02-07,48.074449,54.5036,68.5,50.3817,1.5285,9.068,,3844.04,5488.67,36863.46,21502.46,1115.33,2064.75,2848.21,8.6,5.6,7.3,5.4,-4.9,10.7,5.7,0.3,4.5,5.0,0.7,0.0,-2.0,0.0,6.0,-0.5,-7.3,-1.2,12.2,13.0,14.4,13.0,14.0,13.0,13.2,12.1,11.0,15.5,9.5,9.2,5.2,7.0,14.1,7.7,3.8,7.8,1024.9,1026.4,1027.6,1026.1,1026.6,1026.9,1026.7,1025.1,1026.3,41.339893
2020-02-08,41.339893,,,,,,,3147.0,5068.71,31318.38,17208.5,1057.38,2001.92,2834.88,8.1,4.5,9.0,5.5,-1.6,9.1,6.6,0.9,4.4,4.0,1.0,1.6,1.0,-9.0,4.0,1.0,-5.3,0.0,13.0,10.0,14.3,11.0,7.0,14.0,15.0,10.0,9.0,10.3,7.4,10.3,3.5,5.3,8.4,6.4,3.2,6.6,1028.1,1028.6,1027.4,1028.6,1028.4,1028.1,1028.0,1027.3,1028.7,36.822657
2020-02-09,36.822657,,,,,,,2818.83,4589.29,27292.79,14759.04,915.21,1842.71,2367.71,7.6,6.5,10.4,4.2,-0.1,11.2,9.8,1.1,4.9,2.0,1.0,4.0,-1.0,-9.0,6.4,3.0,-5.5,0.0,13.1,12.4,16.7,9.0,9.0,15.0,14.6,9.7,9.0,9.5,6.6,7.0,3.8,5.1,10.4,11.5,3.8,5.3,1030.7,1029.3,1030.4,1029.5,1031.9,1031.8,1031.0,1028.2,1029.7,38.425382
2020-02-10,38.425382,53.27,68.1,49.57,1.5272,8.643,,3759.92,5397.79,36124.79,20999.38,982.46,2097.29,2887.96,11.6,8.4,12.7,6.9,12.5,14.9,12.1,2.7,6.6,5.7,5.0,6.7,4.8,8.8,13.0,9.8,-3.2,5.8,18.0,13.0,18.6,11.1,15.0,17.1,13.6,11.7,8.0,13.8,5.5,12.9,4.8,10.4,23.9,11.6,4.9,6.2,1022.7,1016.0,1029.0,1016.3,1025.9,1028.9,1024.8,1015.3,1016.2,38.561298
2020-02-11,38.561298,54.01,68.95,49.94,1.5214,8.557,,3922.04,5571.67,37195.29,21691.96,971.33,2072.5,2965.79,15.7,10.4,14.3,9.9,0.2,16.4,13.7,12.6,6.9,9.5,1.6,11.0,1.0,13.1,14.7,11.0,10.0,4.0,23.3,20.0,19.5,19.0,17.0,18.0,18.2,18.3,12.0,11.7,10.2,18.7,9.2,12.4,25.2,9.9,18.4,6.8,1011.9,1008.2,1022.8,1008.5,1017.4,1021.1,1015.9,1007.2,1007.8,42.865939
2020-02-12,42.865939,55.79,68.9,51.17,1.601,8.722,,3967.88,5848.92,37649.25,21688.5,1050.58,2091.38,3002.0,13.0,11.5,13.7,9.6,1.1,15.4,11.9,7.3,6.8,7.3,5.0,10.0,0.9,0.0,12.0,9.0,-0.9,2.0,17.0,17.0,18.7,16.0,3.0,18.0,16.8,15.4,12.0,10.4,13.5,16.3,7.9,6.4,11.7,7.5,7.7,7.8,1016.4,1016.6,1022.8,1017.2,1018.3,1021.2,1018.2,1015.6,1016.4,42.177546
2020-02-13,42.177546,56.34,69.1,51.42,1.581,8.889,,3803.38,5532.42,37193.67,21917.25,880.08,2056.58,3003.96,10.7,8.0,12.3,6.4,11.2,13.4,10.4,1.8,6.7,3.8,1.0,8.8,0.0,5.0,10.0,4.3,-6.1,3.0,18.0,14.0,18.1,11.0,15.3,17.0,15.2,9.9,12.0,12.5,7.3,9.4,6.4,7.9,6.0,10.8,4.6,8.5,1021.4,1018.6,1022.4,1018.8,1022.4,1022.6,1021.3,1017.5,1019.2,38.18762
2020-02-14,38.18762,57.32,69.45,52.05,1.5839,8.879,,3665.25,5178.67,35932.08,21247.67,980.54,2017.12,2842.83,11.0,9.4,12.9,8.5,-2.9,15.4,13.3,4.1,8.3,8.9,5.0,6.2,3.0,10.8,14.0,9.0,-3.9,5.0,13.8,15.2,18.1,15.1,17.0,17.0,17.4,15.8,12.2,13.8,9.8,22.3,8.0,12.6,23.1,17.3,4.0,10.3,1016.0,1017.7,1022.2,1018.1,1017.5,1020.2,1017.5,1017.1,1017.0,36.423655
2020-02-15,36.423655,,,,,,,3011.38,4648.42,29714.96,16670.58,943.58,1869.33,2571.67,10.8,8.4,10.9,6.5,11.8,14.3,10.3,2.9,7.5,5.6,3.9,5.8,1.0,4.0,11.5,4.4,-4.5,2.8,14.0,15.0,18.0,13.1,17.0,16.0,18.4,12.2,13.1,11.3,7.2,10.3,4.6,10.8,15.1,7.1,4.2,8.1,1024.7,1026.9,1026.7,1027.1,1025.0,1024.9,1025.3,1025.7,1027.4,36.443523
2020-02-16,36.443523,,,,,,,2918.5,4342.79,28301.46,15888.42,851.38,1866.67,2433.71,8.5,7.8,9.8,7.7,10.8,12.1,10.1,2.9,7.4,3.5,2.0,3.2,0.8,4.0,8.0,3.7,-4.0,2.9,14.0,13.4,16.0,14.0,17.0,15.2,17.4,10.9,13.0,8.9,7.5,8.8,3.2,4.4,9.7,5.4,3.4,6.9,1029.2,1028.2,1029.5,1028.3,1029.1,1028.9,1028.9,1027.0,1028.5,40.646977
2020-02-17,40.646977,,69.1,,,9.312,,3796.67,5333.33,35543.96,20752.42,838.33,2009.62,2813.58,8.8,10.2,9.4,9.7,0.2,11.4,9.8,3.3,7.8,3.0,3.6,2.8,8.4,5.0,6.3,4.0,1.0,5.3,14.3,17.0,16.0,11.0,15.1,15.0,16.3,12.1,9.2,7.4,5.8,9.0,2.5,5.0,8.0,5.4,3.4,6.9,1026.3,1024.8,1028.0,1025.1,1028.0,1028.2,1027.7,1023.9,1025.3,39.37202
2020-02-18,39.37202,57.75,68.4,52.05,1.6075,9.38,,3861.79,5220.96,36399.46,21659.04,811.62,1964.21,2881.83,9.6,10.3,11.2,10.1,1.2,11.8,10.4,4.1,9.5,4.0,7.9,6.0,6.9,-6.0,8.0,5.7,-4.3,7.6,16.1,12.0,17.4,14.5,8.0,14.5,15.5,15.0,13.0,10.2,7.3,20.2,5.5,5.2,9.2,6.6,4.4,4.9,1022.1,1023.6,1026.0,1023.6,1024.3,1025.0,1024.0,1022.4,1023.5,40.002552
2020-02-19,40.002552,59.12,,53.29,1.6731,9.572,,3952.5,5239.75,36746.04,21942.38,787.88,1965.67,2857.88,11.8,9.9,11.9,8.2,0.5,12.7,9.9,3.3,7.9,8.7,6.0,7.0,3.0,-3.0,8.7,7.0,-4.2,3.9,15.0,14.0,16.2,14.0,5.0,15.0,14.2,15.6,13.0,11.7,7.4,25.5,6.5,7.6,12.4,6.7,6.9,8.1,1018.7,1020.4,1025.1,1021.1,1020.3,1022.6,1020.6,1019.8,1020.1,38.828794
2020-02-20,38.828794,59.31,68.6,53.78,1.6566,9.567,,3888.88,5216.29,36178.79,21325.42,822.58,2027.71,2897.92,9.8,7.7,12.6,7.4,1.2,14.3,9.4,3.0,7.2,7.0,2.0,9.0,1.0,-4.0,12.0,5.5,-5.0,2.0,13.0,14.0,18.0,14.0,6.0,15.5,16.0,13.2,12.0,18.4,9.2,18.1,5.6,9.8,18.1,9.0,4.0,8.6,1020.0,1024.0,1024.5,1023.9,1021.5,1022.7,1022.0,1022.7,1024.5,46.09493
2020-02-21,46.09493,58.2434,67.9,53.4353,1.6448,9.41,,3690.5,5338.21,36397.25,21250.83,1045.08,2075.96,2996.67,9.1,7.6,11.6,7.6,9.7,11.8,9.0,2.8,6.7,4.1,1.0,5.0,1.0,4.0,8.0,2.0,-5.9,0.9,13.2,14.0,18.1,15.3,15.0,15.0,16.0,13.6,12.0,10.3,8.3,16.9,6.4,6.5,6.5,5.7,3.9,8.7,1023.6,1024.0,1025.8,1023.8,1024.3,1024.9,1024.2,1022.7,1024.5,37.748791
2020-02-22,37.748791,,,,,,,3104.46,4750.0,29960.38,16701.21,857.58,1965.62,2581.5,9.4,7.6,12.0,8.1,5.0,12.7,10.4,3.6,8.0,4.5,1.7,6.7,2.0,7.0,9.0,4.1,-4.1,3.4,12.0,14.0,17.1,14.1,16.0,15.4,16.4,13.2,12.5,13.5,5.4,9.9,4.2,13.4,15.6,6.4,3.2,9.6,1029.2,1030.8,1030.2,1031.2,1029.4,1028.3,1029.6,1029.9,1031.2,32.624379
2020-02-23,32.624379,,,,,,,2692.5,4281.83,26589.62,14526.12,908.38,1841.0,2339.79,9.8,9.4,11.4,10.1,4.5,12.6,10.8,4.3,7.1,3.8,4.4,4.7,4.5,-2.0,9.0,6.0,-1.9,3.0,16.5,15.0,19.4,15.1,12.0,16.0,16.0,13.5,10.2,8.7,7.2,13.5,9.7,6.7,8.0,6.6,2.9,5.7,1026.8,1025.6,1031.6,1025.6,1029.6,1031.3,1029.5,1024.8,1025.5,38.301587
2020-02-24,38.301587,56.3,68.0,51.43,1.6089,9.044,,3537.25,5160.04,34554.75,20141.08,1003.71,1996.08,2716.58,10.9,10.2,13.6,12.9,4.8,13.0,13.2,7.4,9.0,5.0,5.0,8.4,9.0,-1.0,10.0,11.0,-3.5,5.8,17.0,16.0,21.0,18.6,11.0,16.0,16.8,19.7,12.1,8.8,7.3,20.5,12.8,7.8,14.2,9.5,5.7,10.9,1019.9,1018.9,1024.6,1018.7,1022.9,1023.9,1022.3,1017.0,1019.4,40.238115
2020-02-25,40.238115,54.95,67.9,49.9,1.5267,9.007,,3840.88,5317.54,36192.29,21309.5,858.21,2039.0,2827.17,12.2,10.3,13.3,11.3,5.1,13.6,13.4,7.6,9.1,6.0,3.0,6.7,10.0,0.0,9.0,10.0,3.0,7.0,19.0,17.1,21.5,13.7,11.0,17.0,17.4,10.9,11.0,9.1,6.1,13.1,2.8,10.2,9.3,16.0,3.6,6.3,1012.8,1009.9,1016.5,1010.0,1016.2,1017.0,1014.9,1008.5,1009.9,34.905421
2020-02-26,34.905421,53.43,67.75,48.73,1.4394,9.071,,3928.62,5168.12,36188.04,21119.54,1061.62,2041.92,2868.21,14.5,9.5,13.1,9.7,6.7,15.5,11.8,6.5,9.0,11.0,3.7,9.5,7.0,8.6,14.6,6.0,0.8,6.8,21.0,17.0,17.2,13.2,16.0,17.0,16.7,10.5,13.6,18.7,17.5,21.6,16.6,22.8,26.9,16.4,23.6,13.5,1003.7,999.4,1013.1,1000.9,1006.5,1011.7,1005.0,1001.0,998.4,38.965698
2020-02-27,38.965698,52.18,67.9,47.09,1.3854,8.871,,3652.46,5056.79,35458.54,20945.46,1075.21,1981.04,2747.58,8.9,9.2,12.7,7.1,6.1,14.1,8.6,1.9,8.5,5.0,3.0,8.0,0.3,4.1,13.0,1.8,-6.0,3.2,11.6,15.0,16.3,11.3,14.0,15.0,13.5,8.4,13.0,25.1,14.9,15.7,8.5,16.3,26.2,10.2,5.7,12.2,1009.6,1007.7,1017.5,1008.5,1012.2,1016.9,1012.1,1007.6,1007.0,40.753146
2020-02-28,40.753146,50.52,67.4,44.76,1.3883,8.874,,3745.0,5348.96,36060.83,21223.33,984.08,2035.38,2724.08,11.3,10.1,14.1,9.9,13.7,14.7,12.8,3.7,9.2,8.0,6.0,9.4,5.0,10.0,11.0,8.8,-4.9,3.8,15.0,15.5,18.4,15.8,17.1,16.0,16.5,12.7,14.1,16.6,15.7,19.1,11.7,17.2,23.4,16.4,5.5,9.9,1012.9,1014.3,1018.4,1015.0,1013.3,1017.4,1013.1,1014.1,1013.2,35.17935
2020-02-29,35.17935,,,,,,,3173.67,4739.29,29941.08,16541.5,945.38,1946.5,2594.75,9.3,9.1,10.7,7.2,10.7,13.8,10.9,3.1,7.3,2.8,3.0,3.4,3.0,4.0,7.1,3.7,-2.3,1.0,13.3,14.0,16.5,10.0,16.0,21.0,15.3,9.9,11.6,13.4,8.0,11.2,5.5,7.8,13.5,14.6,4.6,8.6,1019.4,1015.1,1017.1,1015.5,1019.5,1018.7,1018.2,1014.1,1015.8,24.804817
2020-03-01,24.804817,,,,,,,2664.08,4159.71,25806.42,14139.29,787.58,1773.42,2282.33,13.3,7.2,12.8,6.6,13.9,19.2,13.8,4.8,8.2,7.0,4.0,6.5,5.0,9.6,17.0,11.5,0.3,6.8,19.0,9.0,19.0,8.0,17.0,24.0,16.3,10.1,9.0,14.7,11.2,12.3,4.8,10.6,29.4,22.7,3.1,12.2,1012.1,1006.6,1012.5,1007.1,1012.8,1014.0,1010.2,1005.3,1006.2,35.247574
2020-03-02,35.247574,52.0486,66.35,46.7658,1.5396,8.887,,3588.12,5100.79,34262.88,19909.92,1047.83,1945.62,2670.58,15.9,9.3,13.5,4.8,14.6,17.9,13.3,1.6,8.0,8.6,2.0,8.5,0.0,12.8,15.0,11.0,-3.7,4.1,21.0,16.5,19.5,9.0,16.4,22.0,15.1,4.1,12.0,15.1,14.5,14.1,11.4,15.6,27.3,23.8,5.9,17.5,1007.8,997.4,1007.5,997.0,1009.0,1010.7,1005.5,996.0,999.1,38.086227
2020-03-03,38.086227,51.9,,47.25,1.5093,9.169,,3903.71,5150.96,35393.5,20688.83,815.42,2008.08,2826.5,15.1,7.4,12.2,8.0,12.3,14.2,10.7,5.7,10.0,11.0,5.0,8.7,5.0,9.0,10.0,8.0,-2.5,7.7,17.0,11.0,16.0,12.0,16.0,17.0,12.8,13.9,12.0,15.3,11.3,20.2,8.3,16.5,28.7,16.7,6.2,11.2,1003.5,997.9,1008.3,998.1,1005.0,1008.9,1002.6,996.5,997.6,41.960963
2020-03-04,41.960963,51.4,65.75,47.06,1.5379,8.912,,3847.92,5265.38,36601.08,21704.79,1076.12,1898.42,2808.46,9.6,8.0,11.9,7.4,10.8,12.6,9.2,3.8,8.7,4.0,5.0,7.6,1.0,8.0,10.0,3.8,-5.1,7.0,14.2,12.0,17.0,13.2,14.0,14.5,15.4,12.5,12.0,11.6,8.6,19.2,6.3,7.3,19.7,9.9,5.5,10.2,1007.3,1010.7,1011.4,1010.5,1008.0,1009.1,1008.2,1009.1,1010.5,45.838131
2020-03-05,45.838131,49.93,66.4,45.89,1.494,8.849,,3827.29,5357.29,36358.17,21455.79,1153.5,1894.46,2669.83,11.6,8.3,14.3,6.6,10.8,14.1,10.1,3.0,7.1,8.0,3.0,10.3,4.0,5.9,13.1,4.0,-2.1,3.0,13.4,13.0,18.0,10.0,14.4,15.0,15.1,7.8,11.0,16.1,10.9,9.2,8.6,7.9,13.7,13.1,7.0,7.3,1011.5,1008.3,1011.9,1008.8,1011.4,1013.0,1010.5,1007.5,1009.9,36.457765
2020-03-06,36.457765,45.5,65.9,41.56,1.3821,8.647,,3829.25,5233.08,35980.92,21077.83,1045.46,2002.38,2792.92,14.9,8.1,12.6,6.4,13.4,16.0,12.3,2.6,7.8,11.6,4.0,8.0,3.8,10.0,13.3,11.0,-1.5,4.4,20.1,12.0,18.1,11.0,16.0,19.0,15.3,8.2,11.0,17.7,11.0,13.7,7.3,16.2,30.0,19.3,3.1,16.8,1004.7,999.9,1007.5,1000.6,1005.1,1007.7,1002.9,999.4,999.6,40.098095
2020-03-07,40.098095,,,,,,,2966.46,4587.08,29447.79,16355.75,893.42,1936.83,2708.25,12.4,9.0,11.4,8.6,10.8,12.9,10.5,4.7,9.9,9.8,6.0,7.6,2.0,8.5,11.0,6.6,-5.0,6.6,13.9,13.0,16.5,16.0,14.0,14.0,15.4,14.8,14.0,9.1,9.7,14.7,6.2,6.8,20.2,8.9,5.6,8.6,1008.8,1011.4,1011.0,1011.5,1008.4,1009.4,1007.6,1010.3,1011.0,23.087681
2020-03-08,23.087681,,,,,,,2659.46,4358.83,26268.75,14103.12,970.92,1732.75,2443.67,11.3,8.7,11.7,8.5,10.8,11.6,10.1,4.3,8.9,9.2,4.3,4.9,1.6,8.0,9.0,4.9,-4.7,3.8,13.3,14.2,18.3,14.0,15.9,14.0,16.3,12.6,12.0,23.7,6.4,12.7,4.9,9.6,10.9,11.4,4.1,8.8,1015.3,1019.7,1019.3,1019.8,1015.6,1016.3,1016.0,1018.4,1019.7,43.461504
2020-03-09,43.461504,33.44,,30.21,1.187,8.627,,3800.29,5271.25,35167.08,20436.5,1033.08,1847.17,2778.79,10.6,8.2,10.6,7.5,10.0,13.0,9.3,4.8,8.7,5.1,4.0,6.1,3.0,5.0,10.0,3.1,-0.2,3.8,12.0,14.0,17.0,10.0,15.0,15.0,14.4,11.1,12.0,16.1,10.1,13.4,5.0,7.1,17.0,7.8,4.7,8.2,1013.8,1013.8,1015.9,1014.6,1013.4,1014.9,1013.1,1012.8,1014.1,39.65422
2020-03-10,39.65422,37.81,65.3,34.78,1.1603,8.993,,4050.42,5301.88,35433.0,20320.12,890.12,1951.42,2919.04,11.6,9.3,11.7,9.7,11.7,13.0,10.6,5.2,9.4,6.0,3.9,5.7,4.8,8.0,10.0,5.0,3.0,6.0,14.1,16.0,18.0,16.0,17.0,15.7,16.2,16.3,12.4,19.3,6.8,14.7,7.7,11.7,16.7,8.5,4.6,6.5,1015.5,1017.1,1017.5,1017.2,1015.3,1014.5,1015.6,1016.0,1016.7,39.768568
2020-03-11,39.768568,35.79,,33.11,1.1132,9.369,,4129.08,5219.58,35882.62,20813.0,772.67,1992.83,2955.46,10.4,11.9,13.6,12.2,11.4,12.5,12.4,12.3,9.5,5.0,3.4,8.6,3.9,6.0,8.4,5.4,3.9,4.6,15.4,19.1,19.9,20.1,17.2,15.0,18.7,21.0,14.3,9.0,10.6,12.9,5.9,6.2,8.9,6.1,5.5,9.1,1019.9,1018.4,1022.3,1018.2,1020.9,1022.1,1021.1,1017.8,1018.5,39.678352
2020-03-12,39.678352,32.66,,30.99,0.9396,9.324,,3645.38,4962.83,34483.17,19990.96,1097.46,1989.54,2797.0,13.5,11.3,13.6,11.3,13.0,13.1,13.6,8.6,9.2,9.8,4.0,7.5,6.0,8.7,8.7,8.6,1.8,3.8,16.6,18.0,21.4,15.0,17.0,17.0,17.6,13.4,12.0,11.8,6.7,10.9,3.7,6.0,7.7,7.8,2.8,6.2,1020.8,1019.4,1022.2,1019.6,1022.8,1023.0,1022.8,1017.8,1019.5,34.172414
2020-03-13,34.172414,34.67,,32.9,0.9581,9.285,,3654.25,5009.96,34112.0,19484.79,1063.54,2068.08,2831.38,12.3,13.5,13.8,15.2,11.9,14.3,12.5,13.3,11.5,6.0,8.9,10.5,12.8,7.0,11.0,9.3,10.0,10.0,18.0,19.0,19.3,19.0,15.3,18.2,15.6,18.0,13.7,7.7,7.5,7.7,8.2,4.3,9.0,5.9,4.8,7.7,1015.0,1014.9,1016.8,1014.8,1017.8,1017.5,1017.6,1014.6,1015.2,36.241799
2020-03-14,36.241799,,,,,,,2692.21,4235.83,26811.46,14840.71,889.92,1769.42,2383.38,13.2,11.6,13.6,10.5,12.8,15.1,13.2,9.4,10.7,8.8,9.0,9.8,5.0,8.0,11.6,9.9,7.9,8.0,17.1,14.0,20.6,14.0,17.0,17.0,14.3,11.0,14.0,7.8,8.7,20.8,10.5,5.4,7.2,5.5,8.8,20.3,1014.2,1017.3,1015.6,1017.9,1014.8,1014.7,1015.1,1017.6,1018.1,20.688307
2020-03-15,20.688307,,,,,,,2764.62,3942.0,23993.21,12802.21,609.67,1595.75,2278.96,13.8,8.3,13.1,8.3,12.8,15.1,12.7,7.0,9.0,10.5,4.0,7.5,3.9,8.7,13.0,8.4,5.2,5.9,16.2,14.0,17.7,13.4,17.1,17.0,18.0,9.4,13.0,22.3,7.9,12.5,5.8,14.1,12.6,9.5,2.9,12.8,1018.9,1024.0,1019.0,1024.2,1017.9,1017.3,1018.1,1022.5,1024.3,33.101315
2020-03-16,33.101315,29.51,,28.57,0.777,8.741,,3145.38,4284.67,29352.21,16873.0,692.96,1836.75,2519.46,12.6,8.2,14.6,8.8,12.6,14.7,12.6,7.4,8.6,5.0,2.0,6.0,2.3,7.0,11.9,5.4,2.5,3.9,15.0,15.1,19.0,15.0,18.0,18.0,17.8,13.3,13.0,13.0,6.8,18.5,4.2,8.2,10.2,8.0,2.2,10.7,1026.3,1026.6,1021.1,1026.6,1024.0,1021.8,1024.1,1024.8,1026.9,33.77712
2020-03-17,33.77712,28.62,,26.86,0.7585,8.47,,3442.25,4444.79,30942.92,17904.67,627.42,1872.62,2651.17,12.6,10.1,15.6,10.0,12.2,14.5,12.5,6.7,9.0,8.1,5.0,14.5,3.8,6.9,11.4,5.7,-2.2,2.7,16.9,17.0,17.0,17.0,17.9,17.0,17.2,16.4,14.0,9.2,7.3,23.0,4.0,7.3,8.2,5.9,3.9,6.7,1030.4,1030.1,1026.5,1029.9,1028.7,1027.0,1029.1,1028.2,1030.5,29.352859
2020-03-18,29.352859,24.88,66.1,20.37,0.7069,8.265,,3216.0,4483.04,29707.96,16729.75,873.83,1824.92,2580.42,12.1,11.6,14.1,11.4,12.9,14.0,12.5,7.9,12.9,8.5,5.0,9.0,4.8,8.0,12.0,7.1,-0.9,5.0,15.0,19.0,18.4,19.0,18.0,16.0,19.0,17.8,20.0,12.5,7.9,9.4,3.5,6.3,12.2,6.6,4.1,6.2,1026.9,1027.9,1025.6,1028.3,1025.2,1025.1,1025.6,1026.7,1027.8,30.981497
2020-03-19,30.981497,28.47,66.15,25.22,0.7114,8.544,,2788.0,4208.0,28479.67,16342.5,932.12,1803.29,2405.75,13.0,13.8,11.4,13.0,13.4,13.7,13.0,9.5,13.3,9.3,8.0,3.6,5.0,6.0,10.4,7.0,-0.8,8.0,17.4,21.0,17.8,20.3,20.0,17.0,19.6,19.7,18.8,8.6,9.8,13.2,3.5,6.3,9.9,7.4,4.1,6.8,1025.6,1024.6,1023.2,1024.9,1023.9,1023.4,1024.3,1023.3,1024.6,30.37618
2020-03-20,30.37618,26.98,,22.63,0.6734,8.293,,2635.92,4090.88,27785.33,15825.75,1031.83,1818.5,2382.46,12.5,13.7,15.2,12.2,12.7,13.8,13.6,8.7,11.4,4.0,6.0,9.9,6.6,6.4,10.7,6.6,0.9,9.3,16.4,20.0,18.2,17.3,18.0,17.0,18.5,17.5,13.7,8.7,8.0,24.7,4.5,5.8,11.1,6.4,4.4,7.8,1023.0,1020.9,1019.5,1021.3,1022.1,1021.6,1022.2,1019.7,1021.7,26.51632
2020-03-21,26.51632,,,,,,,2546.83,3839.71,24311.21,13329.71,690.08,1710.79,2194.08,13.7,12.9,14.8,12.7,12.7,13.2,13.7,8.8,12.3,3.0,5.0,14.0,6.0,6.0,11.1,6.0,-0.4,10.0,19.0,19.0,16.0,20.0,18.0,16.0,17.5,18.6,15.0,13.6,9.0,17.8,5.3,4.9,9.0,5.5,2.9,8.4,1016.4,1015.3,1013.6,1015.2,1015.3,1014.1,1015.6,1013.4,1016.0,24.769151
2020-03-22,24.769151,,,,,,,2370.58,3640.5,21742.46,11192.71,796.5,1606.25,2135.92,13.8,11.3,13.6,11.7,14.5,14.4,14.0,9.5,10.1,12.2,9.0,10.8,10.0,11.0,11.7,6.8,7.7,7.0,15.6,14.0,18.5,14.3,18.0,17.0,19.4,10.8,12.2,13.3,13.1,8.4,13.9,9.1,16.5,7.7,6.2,26.7,1014.0,1018.3,1013.2,1018.2,1013.0,1011.3,1013.3,1015.9,1019.7,16.974725
2020-03-23,16.974725,27.46,66.05,23.36,0.5665,7.849,,2592.38,4265.71,25724.29,13947.71,880.04,1750.29,2288.17,10.0,5.8,12.4,6.0,9.4,14.6,9.1,4.5,6.1,7.2,1.0,6.8,2.0,5.0,13.7,5.0,3.0,4.0,13.9,8.0,19.4,10.0,13.0,16.0,13.3,8.5,8.0,42.4,19.3,9.0,17.2,19.7,15.5,21.6,9.0,19.4,1018.6,1026.8,1017.7,1026.8,1018.0,1015.8,1017.7,1024.7,1027.5,27.289137
2020-03-24,27.289137,27.47,66.5,24.1,0.5755,7.908,,2917.79,4333.0,27758.71,15367.88,925.42,1812.33,2402.29,4.9,4.5,9.9,6.0,6.2,11.8,5.8,4.4,5.7,1.7,-3.0,5.9,-1.0,3.0,10.0,1.0,-1.8,0.0,7.8,11.0,14.4,11.6,9.8,12.9,10.1,9.6,9.1,21.1,12.2,16.6,6.1,11.7,25.7,19.1,5.3,11.3,1018.8,1025.2,1018.2,1024.9,1018.5,1016.4,1019.4,1023.2,1025.5,25.487049
2020-03-25,25.487049,27.45,66.35,24.32,0.6419,7.744,,3293.21,4454.5,27615.42,14496.67,818.92,1913.96,2638.17,6.5,5.9,8.3,5.6,5.2,10.4,7.2,2.4,5.8,2.2,4.6,2.7,1.0,2.0,7.8,-0.5,-3.2,3.0,11.3,7.1,13.4,8.3,8.0,12.7,13.3,5.9,9.0,10.3,18.5,12.5,10.3,16.6,36.1,10.1,5.1,32.2,1015.5,1020.0,1011.0,1021.0,1011.2,1005.5,1012.0,1019.5,1021.3,24.354777
2020-03-26,24.354777,26.34,66.5,22.6,0.6533,7.575,,3253.92,4361.71,27445.46,14336.25,810.33,1947.75,2735.5,11.9,3.3,7.7,4.7,10.8,10.9,8.7,2.2,6.7,8.0,0.6,0.0,1.0,7.0,8.0,4.7,-0.4,3.0,13.6,5.0,14.8,7.3,13.1,13.0,11.9,6.5,9.0,33.2,14.0,16.6,5.8,20.4,34.7,7.9,6.5,30.9,1006.2,1015.2,1007.0,1016.5,1000.8,1003.5,1002.5,1015.0,1015.5,29.955886
2020-03-27,29.955886,24.93,66.65,21.51,0.6744,7.218,,2848.42,4497.17,26227.79,13294.5,929.38,2032.67,2625.67,12.3,6.9,7.6,9.8,10.6,11.1,11.5,5.2,10.6,10.9,4.0,0.8,6.0,8.0,9.0,8.0,2.4,8.0,13.4,10.0,12.5,13.0,13.2,13.0,15.3,8.2,13.7,21.2,13.8,11.7,7.7,7.0,18.0,9.0,11.2,18.2,1010.8,1016.2,1008.1,1016.6,1008.5,1008.5,1007.9,1015.6,1015.5,31.280417
2020-03-28,31.280417,,,,,,,2108.96,3955.29,21016.25,9815.58,818.38,1873.08,2444.96,12.1,11.5,12.1,12.7,11.7,12.7,11.4,10.0,11.8,8.0,6.0,7.8,8.0,9.0,10.5,9.2,5.1,7.0,15.0,17.0,16.3,19.0,15.0,14.6,15.0,17.0,16.6,8.9,10.1,7.6,4.7,8.2,15.3,6.7,4.6,9.4,1014.2,1015.0,1013.8,1015.0,1013.0,1012.8,1013.4,1013.2,1014.3,28.866918
2020-03-29,28.866918,,,,,,,2390.61,3457.3,19822.91,9631.35,665.78,1646.43,2031.43,13.3,12.9,10.9,13.3,12.1,12.6,13.2,11.1,11.9,10.5,7.1,6.0,7.0,7.0,9.3,8.2,6.1,7.0,16.4,19.1,19.1,18.6,16.2,15.1,17.4,16.3,16.0,10.2,11.7,9.8,5.7,5.9,10.7,6.6,5.9,6.2,1013.8,1012.0,1013.9,1011.9,1013.4,1013.5,1013.3,1009.8,1012.2,34.353817
2020-03-30,34.353817,22.76,69.0,20.09,0.6637,6.897,,2597.25,4055.54,23741.83,12064.25,853.04,1824.96,2346.79,12.9,10.0,12.6,12.2,12.7,12.2,12.5,8.9,10.8,5.0,5.0,8.4,8.9,9.0,10.3,8.7,7.3,6.0,15.0,15.0,19.1,15.0,17.0,14.0,18.0,10.5,14.0,7.9,11.0,10.1,14.3,5.9,6.6,6.3,6.3,24.0,1012.7,1013.1,1012.9,1013.1,1011.8,1012.5,1012.2,1011.4,1014.6,24.873989
2020-03-31,24.873989,22.74,67.85,20.48,0.6308,6.902,,3028.12,4689.58,25270.12,12349.5,769.04,1881.5,2552.38,12.0,6.7,12.8,6.1,11.6,13.0,10.1,4.8,7.6,9.4,3.3,6.5,2.6,8.2,8.7,6.6,2.5,5.1,14.5,10.0,18.5,9.0,16.0,16.0,17.2,7.8,10.1,22.9,12.8,9.3,15.2,6.6,7.6,11.8,9.3,23.6,1015.4,1021.1,1014.5,1021.5,1014.2,1015.1,1014.5,1019.5,1021.6,25.382006
2020-04-01,25.382006,24.74,,20.31,0.6381,6.824,,2793.5,4414.46,25861.08,13011.38,971.62,1963.42,2706.71,7.8,5.0,13.1,6.4,7.8,12.8,8.1,4.5,6.6,3.0,-1.0,10.5,2.0,4.9,10.6,3.4,-0.8,3.0,9.3,11.0,17.4,10.0,12.0,13.7,13.2,7.6,10.0,28.9,7.7,11.5,6.9,18.3,16.5,17.7,4.1,11.5,1015.0,1021.3,1015.3,1021.4,1015.1,1014.7,1015.0,1019.6,1021.5,28.946506
2020-04-02,28.946506,29.94,66.2,25.32,0.7208,6.935,,2740.96,4251.67,25241.71,12964.29,958.71,1848.08,2478.0,9.5,6.8,11.8,7.2,9.0,11.9,8.8,4.1,7.4,5.9,0.9,9.9,0.0,5.0,10.2,1.3,-4.1,1.0,13.1,13.2,15.4,13.2,14.0,14.0,13.9,12.4,12.0,15.3,10.1,13.1,3.7,9.3,15.2,8.4,3.7,9.0,1015.4,1015.1,1012.9,1015.3,1014.1,1012.2,1014.0,1013.4,1015.0,27.927923
2020-04-03,27.927923,34.11,,28.34,0.7667,6.922,,2740.29,4377.75,24928.17,12835.54,809.21,1753.38,2412.0,10.7,9.1,11.7,9.3,11.7,12.8,10.7,6.2,9.3,3.6,3.0,9.0,2.0,8.0,11.2,1.8,-3.0,2.0,13.0,15.1,15.4,16.4,18.0,14.2,17.4,15.7,14.0,14.4,8.5,7.3,4.4,11.4,16.7,8.3,4.2,7.4,1014.0,1014.1,1011.9,1013.8,1011.0,1009.9,1011.6,1012.0,1014.1,19.244653
2020-04-04,19.244653,,,,,,,2343.88,3933.42,21422.58,10363.92,742.12,1777.04,2262.21,13.1,10.6,12.8,11.5,13.5,14.2,12.7,8.0,12.5,7.0,4.0,8.0,4.0,8.0,13.5,5.0,-1.2,5.8,16.0,18.0,19.4,18.4,20.0,15.1,21.0,17.7,17.2,27.9,9.4,12.9,4.6,20.1,19.2,10.5,4.7,10.5,1013.9,1020.0,1017.0,1020.1,1014.0,1013.7,1014.5,1018.3,1020.2,17.51625
2020-04-05,17.51625,,,,,,,1803.21,3459.04,19170.12,9321.88,997.71,1632.54,1955.75,14.9,11.1,12.9,13.0,15.0,14.1,14.3,8.2,14.8,10.2,3.0,5.6,7.6,10.2,11.1,5.6,-0.7,8.0,17.0,18.0,19.0,18.7,19.3,16.1,21.3,16.1,20.2,11.9,8.1,12.7,5.8,17.1,10.1,9.9,5.9,17.9,1016.2,1023.7,1019.7,1024.3,1016.9,1017.8,1017.6,1022.6,1023.9,28.826917
2020-04-06,28.826917,33.05,64.15,26.08,0.7789,7.287,,2212.0,4055.38,23886.71,12588.58,942.83,1729.71,2358.21,15.2,12.6,13.1,13.6,15.9,14.6,14.7,9.0,15.2,9.0,5.0,5.5,5.0,12.5,11.3,8.0,5.7,9.9,16.1,20.4,20.3,20.4,20.0,17.0,20.5,19.0,20.0,11.1,6.9,9.5,4.5,10.6,10.1,9.1,5.0,12.9,1023.5,1025.8,1022.9,1026.2,1022.0,1021.1,1022.5,1024.9,1025.5,30.787693
2020-04-07,30.787693,31.87,,23.63,0.7217,7.283,,2325.58,4080.29,24363.46,13052.42,832.62,1757.67,2314.88,13.4,13.4,13.6,14.6,16.5,14.1,14.0,11.1,14.3,7.0,6.0,6.3,6.0,11.3,10.9,8.0,7.0,9.0,16.0,21.0,20.4,22.0,22.0,17.0,20.0,22.0,19.2,11.2,8.5,9.9,6.0,11.7,10.1,7.8,4.1,10.2,1027.1,1028.0,1025.8,1028.2,1025.3,1024.5,1025.7,1026.3,1028.2,27.955599
2020-04-08,27.955599,32.84,62.65,25.09,0.7737,7.259,,2569.71,4102.25,25816.21,14043.71,842.29,1783.58,2474.67,13.6,13.1,13.4,14.9,15.6,14.1,15.0,11.0,14.7,4.0,5.0,6.6,6.0,10.0,10.4,7.7,8.0,9.0,17.0,21.0,20.2,22.0,21.0,17.0,20.2,21.3,20.0,9.4,8.2,10.4,5.6,9.9,7.2,8.5,4.8,12.5,1025.7,1026.5,1025.0,1026.6,1024.1,1024.1,1024.5,1024.9,1026.5,25.948929
2020-04-09,25.948929,31.48,63.6,22.76,0.7521,7.279,,2610.25,3997.42,24843.75,13616.46,647.0,1769.38,2203.25,13.7,14.1,14.3,15.5,14.0,13.8,15.1,11.0,14.3,5.0,6.9,8.0,7.0,8.0,10.3,7.5,-0.2,6.5,17.0,22.1,21.0,24.0,19.0,17.0,20.3,22.2,20.6,10.0,8.5,9.9,4.3,6.8,10.6,8.1,4.2,7.9,1022.6,1022.3,1022.2,1022.4,1022.0,1022.2,1022.0,1020.8,1022.2,22.611802
2020-04-10,22.611802,,,,,,,2753.33,4052.71,24766.58,13283.08,643.46,1756.0,2278.0,15.3,16.1,12.5,16.1,14.0,14.1,14.9,12.3,16.2,7.0,8.0,5.8,7.0,8.0,10.8,6.9,1.3,8.4,19.0,24.0,20.1,25.1,19.6,17.0,21.6,22.7,23.4,11.9,11.0,9.1,3.3,5.0,11.5,7.1,5.0,6.5,1021.3,1021.7,1022.5,1022.0,1022.0,1022.0,1022.1,1020.2,1021.4,23.396962
2020-04-11,23.396962,,,,,,,2592.04,4503.67,23618.54,11252.0,1002.42,1822.96,2445.46,16.1,17.6,11.8,17.4,14.3,14.5,15.7,17.5,15.9,8.0,11.0,4.6,7.0,8.6,10.3,7.6,9.0,9.8,19.1,25.2,21.0,26.1,18.3,17.8,23.6,25.6,22.0,10.1,10.7,9.9,5.4,5.3,12.5,6.6,7.3,8.1,1021.4,1020.8,1022.8,1020.9,1022.0,1021.8,1021.4,1021.2,1020.7,15.847701
2020-04-12,15.847701,,,,,,,2475.12,3461.25,19589.71,9230.38,660.96,1638.88,2123.12,16.7,17.9,13.9,17.4,14.5,14.8,16.1,13.4,15.9,9.0,10.0,5.0,8.0,11.2,11.6,8.9,11.0,9.0,22.0,25.8,20.1,24.8,18.2,18.0,22.6,22.0,21.1,8.4,11.3,11.3,6.0,6.9,9.5,7.6,6.5,8.6,1021.2,1018.9,1021.0,1019.2,1021.4,1021.1,1021.1,1016.7,1019.1,13.968084
2020-04-13,13.968084,31.74,63.6,22.41,0.7845,,,2352.83,3325.83,20661.42,10704.92,573.17,1640.46,2064.21,17.4,17.1,16.8,16.7,15.3,16.1,15.6,12.9,14.7,9.0,8.0,15.2,9.0,11.0,11.9,8.4,4.6,10.0,25.0,23.0,19.3,22.0,20.0,19.3,21.9,18.9,18.0,17.0,10.2,26.1,7.4,6.3,13.1,9.7,5.9,9.6,1017.5,1014.4,1014.0,1014.4,1018.0,1017.1,1017.3,1012.4,1014.1,25.615152
2020-04-14,25.615152,29.6,62.75,20.11,0.8099,6.874,,2527.0,4162.71,24482.79,13141.62,738.0,1577.0,2336.46,15.6,14.8,18.1,16.7,15.6,17.7,12.8,16.0,13.7,12.2,8.7,15.8,10.9,12.0,15.0,11.0,9.0,11.0,18.6,21.0,22.5,25.0,20.8,20.8,16.0,23.0,18.0,14.1,15.9,12.1,18.8,9.9,9.5,9.1,10.3,18.9,1012.1,1012.8,1009.4,1012.2,1011.2,1009.0,1011.8,1012.1,1013.3,19.811957
2020-04-15,19.811957,27.69,,19.87,0.7727,6.649,,2689.42,3986.33,25150.33,13734.96,721.88,1616.88,2400.88,12.3,10.1,16.7,11.8,13.0,16.1,12.4,11.3,10.7,11.3,3.0,10.7,7.0,9.0,13.9,6.0,9.7,7.0,13.3,16.0,22.0,17.0,18.0,17.2,18.4,17.0,14.3,35.9,9.0,16.6,10.1,20.3,21.7,11.5,6.3,13.1,1020.7,1024.8,1018.2,1024.7,1019.4,1017.3,1019.8,1022.5,1025.1,22.954948
2020-04-16,22.954948,27.82,61.9,19.87,0.7689,6.907,,2517.21,3999.58,24996.71,13750.67,742.96,1638.96,2347.33,12.4,12.4,15.6,13.2,12.5,15.7,13.7,9.6,12.5,3.0,6.0,8.7,5.9,5.0,12.8,5.7,0.0,6.0,15.0,20.0,20.8,21.0,18.0,18.0,19.0,19.5,18.1,12.2,8.1,14.5,4.0,7.7,12.0,7.4,4.2,9.9,1023.9,1022.0,1020.8,1022.0,1022.8,1022.0,1022.7,1020.3,1021.9,30.31259
2020-04-17,30.31259,28.08,,18.27,0.7657,6.994,,2794.88,4195.79,25213.25,13734.04,774.25,1625.62,2088.67,14.6,15.0,16.8,15.6,14.3,16.2,15.5,11.5,12.6,10.2,7.0,15.7,6.0,8.0,13.8,7.0,1.3,7.2,18.6,22.0,20.0,22.0,20.0,19.0,21.0,19.7,16.0,6.5,7.1,15.1,6.0,6.6,10.6,7.9,4.2,8.7,1020.2,1018.2,1018.7,1018.3,1020.2,1019.8,1020.4,1016.3,1018.8,29.305532
2020-04-18,29.305532,,,,,,,2197.0,3552.29,21198.29,10902.71,857.17,1586.46,2102.67,15.5,16.6,16.9,16.9,16.6,16.4,15.6,13.1,13.6,10.9,8.0,15.3,9.4,13.4,14.2,12.0,3.8,8.6,18.7,23.3,19.5,24.0,20.0,20.0,22.0,21.8,18.0,8.8,6.1,13.5,5.9,5.7,9.6,6.7,4.2,8.0,1018.2,1016.1,1017.8,1016.5,1018.5,1018.0,1018.5,1014.3,1016.7,24.299013
2020-04-19,24.299013,,,,,,,3284.62,3662.04,21968.71,9968.83,610.67,1544.12,2898.42,17.7,17.4,17.3,17.4,18.1,18.1,16.9,12.1,15.1,13.6,11.0,15.6,11.0,15.0,15.5,14.0,6.0,11.0,23.0,23.4,20.0,22.5,22.7,22.0,22.4,17.5,19.0,11.7,9.0,12.7,6.0,6.4,10.6,7.1,4.3,8.6,1014.2,1012.9,1011.8,1013.5,1014.5,1013.8,1014.2,1011.9,1013.9,30.939103
2020-04-20,30.939103,25.57,61.5,-37.63,0.7292,6.618,,2587.33,3778.46,24803.12,13858.08,835.29,1649.5,2094.46,16.3,14.1,17.4,14.4,16.8,21.2,16.8,11.2,15.9,15.1,11.7,15.7,12.1,15.0,18.3,14.3,10.0,14.4,17.4,16.0,20.1,16.0,20.0,25.0,19.6,12.1,17.3,10.5,11.1,21.7,11.5,9.5,18.5,9.8,7.1,23.1,1010.9,1011.9,1001.0,1012.4,1008.3,1003.8,1007.8,1010.3,1013.0,27.68922
2020-04-21,27.68922,19.33,61.25,10.01,0.6089,6.315,,2542.29,4000.29,24217.33,12834.46,918.75,1562.46,2359.08,15.5,12.3,17.5,12.6,16.1,17.7,16.5,9.4,15.9,13.4,11.0,15.7,10.8,13.0,16.0,14.8,8.2,14.2,17.7,14.1,21.1,16.0,18.1,19.6,19.0,11.0,18.4,11.2,8.3,17.5,8.8,8.4,21.6,10.0,8.2,26.9,1009.1,1013.2,1000.6,1014.2,1006.0,1004.2,1005.3,1013.5,1013.5,32.212015
2020-04-22,32.212015,20.37,,13.78,0.7211,6.226,,2747.67,3928.88,26231.62,14703.25,878.12,1686.58,2287.12,14.5,14.2,15.2,15.0,15.0,16.8,14.3,12.1,16.1,13.3,9.0,13.0,7.0,13.8,14.9,12.0,9.0,10.0,16.7,19.4,21.2,21.0,17.0,20.3,16.2,19.0,21.0,20.1,11.3,10.7,8.3,5.7,21.5,5.9,4.2,20.0,1013.3,1016.4,1009.3,1017.4,1010.9,1010.6,1010.5,1015.9,1016.8,26.421177
2020-04-23,26.421177,21.33,60.95,16.5,0.6707,6.057,,2821.08,4032.62,27575.46,15731.88,863.58,1648.54,2477.75,14.1,13.8,16.4,15.5,15.8,15.5,15.1,11.5,15.6,12.7,7.0,10.1,8.0,13.0,11.3,12.3,7.0,11.0,16.4,21.0,20.7,21.4,20.0,17.4,20.2,21.0,19.8,18.6,6.8,11.7,6.1,15.0,9.8,7.7,4.6,14.1,1016.8,1018.1,1015.2,1018.4,1014.6,1013.9,1015.0,1016.3,1018.0,27.825547
2020-04-24,27.825547,21.44,61.1,16.94,0.7,5.77,,2606.08,3898.46,27458.62,15797.25,900.17,1765.75,2490.92,15.6,16.1,16.8,17.2,15.5,16.2,15.9,13.3,15.5,8.9,8.0,15.0,9.0,9.0,13.6,9.3,9.8,10.0,18.0,24.0,20.1,25.0,21.0,18.0,21.0,23.0,21.3,7.5,10.2,10.9,6.7,8.9,9.9,8.0,5.1,8.8,1015.9,1014.1,1016.3,1014.1,1015.4,1015.8,1015.6,1012.4,1013.8,14.176373
2020-04-25,14.176373,,,,,,,2081.58,3601.5,23217.25,12797.5,844.88,1701.12,2190.67,16.9,19.0,16.5,19.1,15.1,16.6,16.3,13.8,15.8,12.6,12.0,11.2,15.0,11.3,12.0,9.8,4.9,10.0,20.1,25.3,20.2,24.4,18.1,21.0,21.6,22.1,21.0,9.5,12.5,12.2,12.7,8.0,8.7,8.3,6.3,11.9,1011.7,1008.4,1012.2,1008.5,1013.4,1013.2,1012.9,1006.4,1008.2,21.814199
2020-04-26,21.814199,,,,,,,2115.75,3186.17,19682.21,9992.92,775.42,1511.17,2100.79,16.8,17.8,17.7,18.7,15.8,17.5,16.0,13.5,16.0,13.0,10.0,15.8,15.0,11.8,15.5,8.4,9.3,14.7,19.2,23.0,21.5,24.0,20.0,21.0,21.6,17.7,17.4,11.0,8.1,7.7,9.3,6.4,10.2,7.5,4.4,16.2,1010.4,1008.6,1010.2,1008.8,1011.3,1010.6,1011.3,1006.7,1009.0,31.206392
2020-04-27,31.206392,19.99,50.5,12.78,0.6836,5.941,,3094.54,4098.25,27490.21,15263.12,802.54,1726.96,2504.79,17.9,18.1,18.7,17.9,15.7,17.4,15.7,13.8,15.3,14.9,11.2,14.9,15.5,10.0,15.7,8.9,11.9,11.0,20.3,24.3,24.4,21.0,19.6,19.1,21.5,17.7,18.2,9.5,8.2,9.8,6.0,7.0,9.4,7.6,4.1,9.6,1013.3,1011.0,1013.5,1011.5,1014.1,1014.2,1013.8,1009.1,1011.4,26.014002
2020-04-28,26.014002,20.46,,12.34,0.7224,6.147,,2679.08,4022.33,27087.33,15520.54,863.42,1683.46,2318.5,18.5,16.5,18.2,17.2,16.5,18.5,16.9,12.0,16.2,15.5,13.0,13.6,15.0,14.0,15.4,13.0,9.8,14.5,20.9,19.0,23.4,20.1,19.0,21.0,21.4,13.0,18.3,10.6,8.2,12.8,8.2,11.7,13.7,16.3,5.2,10.0,1014.0,1009.9,1014.2,1009.6,1015.0,1015.5,1013.6,1007.5,1010.2,20.675325
2020-04-29,20.675325,22.54,51.25,15.06,0.7679,6.014,,2725.75,4013.92,26570.71,14742.04,838.46,1769.96,2480.58,19.2,16.9,19.1,17.5,17.5,17.7,16.6,12.8,15.3,14.9,12.9,13.8,13.0,15.7,16.5,13.8,9.0,12.4,23.7,22.0,24.0,23.3,20.0,18.4,20.0,22.0,21.2,12.3,8.2,15.5,8.7,14.7,19.6,13.5,4.4,10.2,1011.4,1006.9,1015.2,1007.0,1013.0,1015.8,1012.1,1005.4,1006.7,24.527973
2020-04-30,24.527973,25.27,,18.84,0.7836,6.221,,2750.5,4067.42,27408.79,15838.0,796.88,1634.88,2321.12,18.2,17.8,18.7,16.3,17.1,17.6,16.5,12.0,14.6,16.2,11.0,12.6,13.0,14.0,16.6,8.6,7.5,10.0,21.0,22.2,24.8,21.0,20.0,18.4,21.8,15.2,19.0,11.1,12.1,14.9,7.5,9.6,17.0,9.2,4.6,9.9,1012.5,1009.1,1015.5,1008.7,1014.1,1016.4,1013.7,1006.6,1009.8,10.659308
2020-05-01,10.659308,26.44,51.25,19.78,0.7659,5.843,,2229.08,3762.04,20381.25,10152.54,795.75,1605.58,1836.25,18.7,18.2,19.9,16.1,17.1,18.7,18.5,12.3,15.3,11.8,11.4,14.0,13.4,14.5,17.0,15.4,7.3,11.0,22.7,23.0,26.0,19.0,20.0,21.1,21.6,17.0,19.0,9.2,9.4,16.5,5.4,11.2,19.2,14.7,4.1,8.5,1012.2,1006.8,1015.8,1007.1,1014.0,1016.5,1012.9,1005.2,1007.0,14.307826
2020-05-02,14.307826,,,,,,,2286.58,3344.38,20526.83,10742.71,622.79,1512.12,2018.25,19.2,19.3,20.2,18.9,18.4,20.3,18.9,15.6,17.0,17.5,12.9,14.4,11.0,16.4,18.4,15.7,7.1,12.0,22.1,25.2,27.0,26.0,21.0,24.0,24.0,24.2,21.0,9.6,8.5,18.2,8.8,11.2,21.6,11.4,6.1,11.3,1009.2,1007.3,1016.5,1007.4,1011.2,1013.7,1010.7,1005.1,1007.4,14.534564
2020-05-03,14.534564,,,,,,,2217.46,3953.88,20228.96,9875.08,778.29,1589.33,1814.92,18.2,17.3,20.5,20.1,17.8,19.2,19.7,15.2,16.3,15.1,13.2,16.7,15.0,16.0,18.0,12.5,11.0,12.0,20.9,21.2,26.1,24.0,21.0,20.4,25.3,22.2,20.0,13.9,12.1,23.9,12.1,11.0,16.7,9.6,6.2,14.4,1011.3,1013.4,1015.8,1012.9,1012.1,1012.7,1011.5,1010.3,1014.0,29.557824
2020-05-04,29.557824,27.2,,20.39,0.8403,5.74,,2741.62,4326.5,27852.79,15976.12,743.92,1706.92,2357.71,17.0,16.4,19.2,19.2,18.1,18.3,17.9,14.9,16.5,14.4,8.5,14.8,14.0,13.7,15.6,10.8,12.0,11.0,18.3,24.2,26.7,24.2,24.0,20.0,23.2,21.2,19.2,22.8,8.2,16.4,8.6,13.7,12.0,8.5,4.7,9.6,1017.1,1017.2,1017.6,1017.4,1017.5,1017.1,1017.8,1015.3,1018.1,25.304305
2020-05-05,25.304305,30.97,50.5,24.56,0.932,5.674,,3107.46,4185.0,28270.0,16066.79,832.04,1643.17,2435.54,18.2,18.6,18.8,19.0,17.3,18.7,19.0,17.1,15.8,13.3,11.0,13.1,12.0,11.9,14.9,9.9,11.0,10.4,23.9,24.3,23.2,24.0,21.1,22.9,23.6,23.0,21.0,14.6,8.7,11.8,7.9,7.4,9.5,8.8,6.0,9.7,1016.5,1013.2,1016.1,1013.5,1017.9,1017.3,1017.7,1013.7,1013.5,25.994146
2020-05-06,25.994146,29.72,51.2,23.99,0.8809,5.763,,2970.17,4219.12,27966.58,15862.25,828.17,1679.79,2407.08,19.4,16.5,20.8,18.5,19.0,19.6,19.4,17.8,16.5,16.0,13.0,15.6,13.0,14.6,17.0,14.0,12.5,12.9,21.9,20.0,30.5,23.0,23.4,22.0,24.1,23.0,20.0,16.6,11.7,12.5,12.3,8.7,9.8,9.2,7.0,14.2,1013.3,1014.7,1012.8,1014.4,1013.3,1012.8,1013.2,1014.1,1015.3,22.224085
2020-05-07,22.224085,29.46,,23.55,0.9276,5.847,,2919.12,4067.71,27100.46,15297.12,794.0,1655.58,2366.92,17.2,16.3,20.0,18.6,18.4,19.3,18.8,17.5,17.1,15.8,8.0,14.5,11.0,13.9,17.3,13.4,15.5,12.0,18.4,23.3,26.6,25.0,22.2,22.0,26.1,23.0,21.0,31.2,8.4,11.5,7.0,18.9,18.8,11.6,4.5,8.8,1019.0,1021.1,1017.6,1021.1,1018.0,1016.2,1018.2,1018.6,1021.3,22.66976
2020-05-08,22.66976,30.97,51.15,24.74,0.954,5.831,,3108.33,4168.25,28430.42,16256.12,776.92,1639.29,2481.5,17.3,18.5,19.2,20.4,17.9,18.0,18.9,15.9,16.9,13.4,11.0,11.3,13.0,12.0,14.9,10.8,8.3,11.0,20.4,26.0,23.0,27.0,23.0,20.1,24.9,23.4,21.0,12.0,8.4,20.2,6.3,7.6,10.3,7.9,4.1,8.9,1021.8,1019.5,1019.5,1019.6,1021.2,1021.0,1021.4,1017.6,1020.2,25.825696
2020-05-09,25.825696,,,,,,,2556.08,3946.96,24281.71,13142.46,763.75,1625.0,2247.46,19.0,20.8,19.5,21.2,17.6,18.8,18.7,19.0,17.6,9.0,12.6,18.0,13.0,11.6,14.5,10.3,13.0,12.7,25.0,27.7,21.4,27.3,23.0,22.6,25.1,24.6,22.0,13.7,8.5,24.3,7.7,6.7,11.5,7.8,5.9,9.4,1017.3,1014.6,1014.8,1014.9,1017.8,1016.9,1017.7,1015.1,1015.1,20.267446
2020-05-10,20.267446,,,,,,,2251.83,3533.04,20385.33,9950.67,926.42,1543.75,2179.62,18.8,20.5,19.2,20.6,19.4,20.4,20.3,15.1,18.2,12.7,16.0,16.4,16.9,15.6,18.6,14.8,13.8,16.0,24.6,26.0,22.1,25.3,26.0,24.1,26.7,20.0,20.1,15.6,11.4,19.2,6.4,6.4,12.9,10.9,3.9,16.0,1013.8,1010.4,1009.8,1010.7,1012.6,1010.7,1012.1,1009.3,1011.5,23.88605
2020-05-11,23.88605,29.63,51.7,24.14,0.9341,5.707,,3170.08,4051.12,27549.46,15865.92,490.83,1621.29,2350.21,19.2,19.1,18.2,15.7,18.6,20.3,18.9,12.9,18.2,16.7,15.0,14.0,14.0,15.0,19.0,14.0,11.0,16.0,22.5,24.0,25.0,18.0,21.0,23.0,24.0,15.9,20.4,18.2,16.6,13.3,13.0,10.4,17.7,10.6,6.1,16.7,1009.4,1004.7,1010.4,1004.2,1009.5,1010.4,1008.9,1001.5,1005.4,22.620123
2020-05-12,22.620123,29.98,52.0,25.78,0.8903,5.313,,3484.83,3981.5,29615.12,17292.46,889.67,1694.75,2271.92,21.2,19.2,20.9,17.8,19.5,20.1,20.2,15.4,16.9,16.0,13.6,14.0,14.0,17.0,16.9,16.5,10.5,11.7,28.0,26.0,23.4,23.0,23.0,22.0,24.7,19.9,22.0,16.2,8.4,13.4,5.5,12.8,13.3,14.4,4.8,17.5,1012.4,1008.0,1012.8,1008.0,1013.9,1014.6,1013.0,1005.6,1008.5,28.638072
2020-05-13,28.638072,29.19,52.4,25.29,0.8476,5.119,,3533.17,4233.5,29191.58,16894.88,454.33,1624.71,2451.0,22.3,16.3,22.1,14.9,21.3,25.3,22.0,12.3,15.8,17.2,12.0,18.9,13.5,14.0,17.9,13.4,10.9,11.0,28.2,23.0,26.5,18.0,28.0,38.0,28.9,13.7,20.0,20.1,5.7,17.3,11.0,9.3,21.4,17.7,5.2,15.9,1014.3,1010.8,1008.2,1011.3,1013.2,1009.9,1011.8,1009.0,1011.7,22.490448
2020-05-14,22.490448,31.13,51.75,27.56,0.9287,5.265,,3321.5,4490.96,29737.58,16769.67,830.08,1693.79,2631.58,24.3,19.0,20.1,19.1,25.0,31.0,24.1,16.0,18.6,20.2,15.0,15.4,15.0,20.0,22.8,18.7,10.0,13.0,29.8,24.0,25.6,24.0,29.0,38.4,29.4,21.0,23.0,26.8,9.3,16.2,5.8,10.3,23.7,16.2,6.6,8.4,1009.1,1007.2,1006.0,1007.6,1007.8,1005.9,1006.8,1008.1,1007.6,21.461878
2020-05-15,21.461878,32.5,,29.43,0.9701,5.218,,2989.92,4408.96,30449.17,17808.46,965.75,1758.08,2518.0,23.0,20.5,19.7,17.9,20.9,21.7,20.9,16.0,20.0,20.4,14.9,15.9,14.7,17.0,19.5,17.5,13.0,18.0,28.0,25.3,24.2,22.0,23.0,25.1,24.7,21.0,22.6,10.9,11.6,10.6,10.0,7.8,19.0,9.8,4.4,13.7,1012.2,1009.0,1013.8,1009.1,1014.2,1013.8,1014.3,1007.5,1009.0,20.720526
2020-05-16,20.720526,,,,,,,2412.5,3957.79,24465.33,12990.67,978.0,1618.54,2507.83,21.6,17.8,24.0,18.8,25.0,27.9,22.3,15.0,17.9,14.5,13.0,19.3,15.0,16.0,19.9,15.6,12.8,15.0,24.2,22.0,32.3,23.0,33.9,39.3,30.0,17.8,20.0,6.7,9.4,19.8,11.2,8.7,23.9,13.6,5.5,14.6,1017.5,1017.6,1010.1,1017.6,1013.9,1010.3,1014.6,1015.3,1018.4,18.059006
2020-05-17,18.059006,,,,,,,2393.58,3710.12,22156.04,11535.58,728.54,1527.71,2260.5,20.5,20.2,20.7,19.1,24.6,22.4,24.1,16.1,19.9,18.5,15.0,14.7,15.0,21.5,20.0,19.6,13.0,14.0,22.9,26.1,28.5,24.0,28.0,27.9,28.1,21.6,26.0,8.4,6.1,16.3,6.0,8.1,16.2,14.2,5.6,12.3,1017.1,1016.5,1014.7,1017.6,1015.4,1013.7,1014.2,1015.5,1016.6,25.163312
2020-05-18,25.163312,34.81,51.4,31.82,1.0454,4.922,,3042.38,4406.29,28684.58,16340.75,874.54,1641.42,2379.21,20.7,19.9,17.6,21.6,26.4,22.3,24.6,18.2,21.5,19.7,14.2,16.8,17.0,22.0,18.8,18.6,14.9,17.0,22.9,25.0,19.0,26.0,32.0,28.6,29.7,26.0,25.0,9.0,6.3,12.8,6.7,11.3,22.5,9.7,4.1,14.0,1017.0,1018.6,1016.5,1019.0,1013.2,1012.9,1013.7,1016.9,1018.5,27.754333
2020-05-19,27.754333,34.65,51.8,32.5,1.0342,4.612,,3274.92,4463.96,30438.62,17578.58,849.0,1705.75,2566.42,19.8,19.0,18.7,20.0,20.5,18.9,20.5,18.7,21.2,19.1,16.0,15.6,17.6,18.0,17.0,17.7,13.8,16.5,20.7,21.3,23.4,23.2,23.0,20.0,25.1,24.8,24.3,9.4,12.9,14.1,7.2,10.6,18.1,14.1,6.0,23.8,1013.1,1013.4,1011.6,1014.8,1012.4,1014.0,1011.8,1012.9,1013.6,24.130928
2020-05-20,24.130928,35.75,,33.49,1.0454,4.462,,3179.17,4337.33,29555.71,17028.58,799.92,1716.54,2494.17,19.1,19.0,20.4,21.0,17.2,19.1,19.2,18.3,19.6,13.0,16.0,16.4,15.0,16.0,18.8,15.0,14.0,16.0,22.3,23.0,26.0,26.4,18.0,20.0,25.6,28.0,22.5,13.3,10.1,17.3,7.3,7.2,25.7,10.4,3.8,11.4,1008.2,1012.9,1011.1,1013.2,1008.4,1009.9,1008.3,1010.9,1012.3,17.983404
2020-05-21,17.983404,36.06,51.9,33.92,1.0489,3.824,,3124.42,4635.75,31584.79,18528.92,791.08,1770.33,2734.29,19.0,20.0,20.4,22.0,20.3,19.9,22.3,21.4,19.9,17.2,13.0,15.4,17.0,16.0,18.8,15.7,17.9,15.0,20.8,26.0,29.8,26.6,25.6,21.4,27.7,26.0,23.0,22.8,8.4,15.5,7.9,15.1,13.5,11.9,3.3,8.0,1012.1,1017.9,1016.1,1017.9,1012.5,1013.0,1013.0,1018.3,1017.8,20.484995
2020-05-22,20.484995,35.13,51.95,33.25,1.0334,3.889,,3107.58,4470.25,31471.88,18793.42,845.33,1713.17,2542.12,19.5,21.9,20.1,22.6,20.6,20.2,21.9,21.3,20.3,18.0,15.0,12.8,17.0,15.0,17.0,13.6,16.4,18.0,20.8,28.2,28.1,28.1,26.2,23.0,29.3,25.3,22.0,22.9,10.4,12.7,6.3,16.5,14.7,11.9,3.8,9.1,1022.1,1022.0,1023.0,1022.3,1022.1,1021.6,1022.4,1022.8,1022.9,18.935918
2020-05-23,18.935918,,,,,,,2605.71,3909.17,24924.38,13505.96,727.42,1779.71,2396.42,21.2,24.3,20.1,22.7,19.8,20.1,22.6,19.3,20.0,14.0,18.0,13.8,19.0,14.0,15.9,14.1,14.3,16.0,26.2,30.1,25.5,28.0,23.3,24.4,28.9,24.0,23.0,11.7,10.8,10.6,6.9,7.8,14.4,9.3,4.0,8.5,1024.3,1021.3,1026.1,1021.8,1025.5,1025.7,1025.6,1019.3,1021.9,11.893958
2020-05-24,11.893958,,,,,,,2651.96,4001.71,22278.25,11208.25,752.54,1585.75,2078.04,22.1,20.7,22.2,20.8,20.3,20.6,21.7,17.0,19.3,19.6,15.9,13.6,15.0,16.0,16.2,17.0,9.2,14.9,25.1,25.0,31.7,25.0,24.0,23.2,27.5,23.1,22.1,11.7,13.6,16.4,8.7,8.7,8.8,12.8,5.5,11.0,1021.7,1023.5,1023.7,1023.6,1024.1,1024.0,1023.1,1021.7,1023.8,17.867406
2020-05-25,17.867406,35.53,51.95,,1.0506,4.794,,2982.46,4458.21,29135.21,16512.71,910.71,1762.71,2508.42,20.1,20.2,19.5,21.5,22.2,21.1,21.5,17.1,19.3,18.8,12.0,12.9,16.0,18.0,17.8,16.0,13.9,14.0,21.6,27.3,23.5,27.0,26.3,24.0,26.9,25.1,23.0,24.7,6.9,13.2,7.6,13.9,12.9,9.9,4.7,11.0,1023.5,1024.6,1022.8,1025.0,1022.9,1021.5,1022.9,1023.2,1024.7,24.777131
2020-05-26,24.777131,36.17,52.4,34.35,1.038,4.123,,3230.33,4566.21,31588.83,18523.21,1004.12,1736.21,2528.75,18.9,20.2,20.3,20.5,20.5,20.7,20.4,17.4,19.2,17.3,16.0,14.5,16.7,15.1,18.0,14.0,15.0,16.5,19.7,24.4,25.6,24.2,25.0,23.0,26.4,24.0,21.1,34.8,18.2,10.2,10.6,16.8,14.1,10.9,5.9,10.6,1022.6,1025.5,1023.3,1025.7,1023.1,1021.8,1023.0,1023.1,1026.7,21.659705
2020-05-27,21.659705,34.74,52.5,32.81,0.9727,3.695,,3414.12,4630.67,30485.29,17389.71,531.12,1809.08,2710.58,19.0,18.5,19.6,20.3,19.4,20.2,19.2,18.3,19.1,14.3,10.0,15.0,16.0,15.0,18.7,12.0,16.9,12.4,20.0,24.0,27.8,25.0,24.0,22.2,25.0,23.6,23.3,34.7,8.7,11.4,8.4,22.3,19.4,12.5,6.0,9.0,1023.6,1028.6,1025.0,1028.4,1024.5,1023.6,1025.1,1025.9,1028.4,20.62218
2020-05-28,20.62218,35.29,52.25,33.71,0.9976,3.509,,3518.88,4638.33,30981.0,17670.92,794.29,1879.83,2478.75,18.9,20.1,17.8,20.6,18.9,19.8,18.8,17.2,19.2,15.8,14.0,10.0,13.0,13.9,16.9,12.0,8.4,14.0,20.9,26.0,24.0,27.0,24.0,22.0,25.0,24.9,23.3,24.1,10.7,10.9,6.2,9.2,9.5,9.7,3.6,8.7,1021.8,1023.0,1024.7,1023.1,1023.2,1023.7,1023.2,1020.8,1023.4,28.880489
2020-05-29,28.880489,37.84,52.0,35.49,1.0259,4.385,,3142.08,4774.33,31139.5,18072.62,825.04,1785.17,2540.25,19.3,15.8,19.7,18.5,19.2,19.6,16.3,15.0,18.2,16.5,13.0,11.5,14.0,14.0,15.8,14.0,12.0,13.0,22.2,18.0,24.5,22.0,24.0,22.0,23.2,18.9,21.0,14.0,11.3,11.8,12.5,8.4,13.0,10.6,7.6,12.9,1018.6,1020.7,1018.1,1020.6,1018.4,1018.3,1018.5,1018.1,1020.7,24.097793
2020-05-30,24.097793,,,,,,,2315.38,4200.0,25656.0,13867.79,1002.88,1740.75,2529.21,16.8,16.5,19.4,19.7,16.0,19.6,15.6,15.4,18.5,14.2,9.0,13.6,15.0,13.8,16.0,10.5,7.2,14.9,18.7,22.1,24.8,24.0,18.0,22.0,20.0,22.4,21.4,9.8,8.9,12.4,6.7,7.3,12.6,6.6,4.6,9.7,1016.9,1016.8,1014.5,1016.6,1015.5,1014.4,1015.3,1014.4,1017.0,21.951861
2020-05-31,21.951861,,,,,,,2170.33,3774.29,22685.04,11974.17,870.21,1606.42,2289.62,16.8,18.1,18.9,19.1,17.0,19.0,18.1,16.3,18.3,14.3,14.0,12.5,14.8,11.9,17.0,10.1,12.4,16.0,19.7,23.1,23.2,24.0,23.3,21.3,24.7,21.7,20.3,11.3,7.0,11.3,7.5,9.6,10.8,10.3,4.9,10.2,1015.6,1015.6,1015.5,1015.8,1014.6,1014.7,1014.8,1013.5,1016.1,19.370385
2020-06-01,19.370385,38.32,55.65,35.44,1.0678,4.053,,2933.12,4342.79,28917.46,16360.08,990.29,1784.58,2506.58,18.4,19.8,19.7,21.1,18.9,19.7,19.4,17.2,20.6,16.0,14.0,13.0,15.0,14.4,17.0,13.1,14.0,15.0,20.2,25.2,24.5,26.3,22.5,22.0,24.7,25.0,25.0,20.5,9.0,10.7,5.8,6.5,13.2,9.4,4.4,8.7,1015.5,1016.9,1016.2,1016.8,1015.2,1015.3,1015.1,1014.5,1016.6,20.64405
2020-06-02,20.64405,39.6,,36.81,1.1121,4.852,,2544.92,3838.88,22128.21,11316.62,786.08,1503.08,2138.62,19.6,22.0,19.9,22.6,19.7,20.6,20.2,18.6,20.9,16.9,15.0,14.5,17.0,13.7,17.0,14.8,15.0,16.0,21.8,28.2,25.2,30.0,24.0,22.1,25.2,28.0,25.0,20.8,11.4,8.7,9.6,8.4,18.1,10.0,4.7,9.8,1013.5,1013.2,1015.1,1013.3,1014.5,1014.2,1014.3,1011.0,1013.2,26.73186
2020-06-03,26.73186,39.79,55.8,37.29,1.1172,5.331,,2958.08,4355.04,28797.46,16421.79,777.62,1702.54,2582.38,20.8,21.0,20.6,20.8,20.0,21.3,20.4,17.4,21.0,17.8,14.0,14.1,14.0,16.0,19.0,14.4,10.9,17.0,23.2,27.2,25.6,27.0,24.0,24.0,26.4,24.3,23.3,14.6,9.8,12.8,7.1,8.8,16.0,9.3,7.3,12.5,1010.6,1007.8,1011.5,1008.1,1011.7,1011.3,1011.2,1005.8,1007.6,24.828996
2020-06-04,24.828996,39.94,55.2,37.41,1.1427,5.392,,3159.0,4567.54,31506.54,18496.75,842.17,1826.71,2614.38,22.6,19.0,22.8,17.1,21.1,23.1,21.4,14.5,17.5,15.7,16.6,18.7,15.9,17.0,18.0,18.0,15.0,15.7,28.0,21.0,29.9,19.0,25.0,31.0,25.3,20.0,20.0,19.8,11.5,17.1,12.5,9.0,18.0,24.1,5.0,12.0,1008.1,1001.2,1004.7,1000.8,1008.6,1007.4,1006.4,997.7,1002.3,23.666564
2020-06-05,23.666564,42.3,55.6,39.55,1.2037,5.708,,3209.88,4561.42,30288.04,17460.0,875.83,1719.67,2461.25,19.7,20.2,21.4,20.0,19.4,21.3,19.9,17.5,19.8,16.5,14.0,17.9,13.5,16.0,18.0,17.1,14.0,17.0,21.8,25.1,25.3,27.0,24.0,25.0,22.0,26.0,23.0,19.8,9.0,24.8,7.2,14.4,23.2,17.5,8.2,11.8,1005.8,997.9,1006.0,998.1,1004.3,1006.2,1002.0,995.7,997.8,16.415981
2020-06-06,16.415981,,,,,,,2817.67,4101.88,24547.0,12922.88,834.5,1667.25,2202.83,19.9,22.5,23.1,21.1,19.9,20.6,20.4,16.4,20.5,16.9,15.8,18.6,15.0,14.0,19.4,14.0,8.3,19.0,23.9,28.0,28.4,26.4,25.0,21.3,27.6,22.9,22.0,15.8,14.2,20.5,7.9,8.0,20.5,9.9,5.1,9.5,1007.0,1005.1,1010.6,1005.7,1007.8,1010.8,1007.9,1003.2,1006.3,20.351614
2020-06-07,20.351614,,,,,,,2619.0,3833.79,23044.88,12027.67,573.92,1679.17,2311.33,21.5,21.9,21.3,18.8,20.8,21.2,21.3,16.9,20.2,18.3,15.0,15.8,15.7,17.9,17.0,16.0,13.9,16.9,23.8,27.0,26.5,21.1,24.0,25.0,26.7,22.8,23.0,14.5,13.0,11.0,12.7,8.7,10.2,16.6,5.6,14.3,1009.8,1005.9,1008.9,1005.4,1011.4,1010.7,1009.8,1002.3,1006.2,31.244338
2020-06-08,31.244338,40.76,,38.19,1.2087,5.249,,3519.83,4556.67,30237.25,16944.79,800.12,1828.12,2587.71,22.8,19.2,21.3,17.3,20.8,22.3,21.2,14.6,18.2,20.4,16.2,18.8,14.0,19.0,20.0,19.0,12.1,16.3,27.6,24.0,28.2,21.0,23.1,24.2,25.2,18.7,20.9,12.1,8.0,14.9,7.4,10.5,7.7,19.2,5.0,13.3,1009.1,1006.6,1009.3,1007.3,1010.0,1010.2,1008.3,1005.4,1007.2,30.374356
2020-06-09,30.374356,41.18,,38.94,1.2126,4.806,,3422.12,4523.62,31984.25,18598.04,865.54,1867.67,2707.25,21.7,18.0,20.1,18.0,21.4,20.8,19.8,13.6,18.6,19.3,13.0,15.0,13.0,18.0,18.6,18.0,10.8,15.7,24.3,24.0,25.9,23.0,26.0,22.0,23.6,18.3,22.0,7.6,9.2,17.0,6.4,10.8,14.5,13.4,6.5,12.3,1009.8,1009.0,1013.2,1009.5,1011.1,1011.9,1010.8,1007.7,1008.9,27.879992
2020-06-10,27.879992,41.73,53.05,39.6,1.1938,4.802,,3579.17,4736.33,31641.33,18064.75,859.08,1788.96,2613.04,22.1,17.3,19.2,17.6,19.9,20.3,18.7,16.5,17.3,16.5,12.9,13.6,13.9,16.0,19.0,16.7,10.9,14.8,24.4,23.6,25.0,22.0,23.0,22.0,22.3,22.0,21.0,11.9,9.4,13.6,6.8,13.2,18.3,14.6,5.5,9.8,1011.9,1009.2,1015.3,1009.6,1013.4,1014.9,1012.2,1009.7,1009.3,25.176697
2020-06-11,25.176697,38.55,52.9,36.34,1.1001,4.988,,3724.5,4491.96,31634.96,18270.62,844.12,1741.46,2562.29,20.5,16.8,19.1,17.5,18.8,20.2,16.9,14.0,17.5,17.6,13.0,12.2,15.0,14.8,17.0,14.9,14.0,14.0,23.7,22.0,24.6,21.0,22.2,22.3,20.4,18.0,21.0,15.7,5.5,10.2,7.4,9.9,13.6,8.7,6.3,10.4,1011.9,1009.9,1012.7,1010.1,1012.8,1013.6,1012.2,1007.7,1010.0,26.08309
2020-06-12,26.08309,38.9,53.0,36.26,1.1274,5.273,,3919.75,5100.08,31440.42,17122.88,523.38,1947.33,2827.0,21.2,20.0,22.2,20.3,20.0,22.0,18.9,14.0,19.3,18.3,12.0,14.9,15.0,14.2,17.0,12.0,12.5,13.9,23.8,26.1,27.3,25.0,24.4,27.0,24.9,17.2,23.0,11.1,7.3,18.4,4.3,7.4,14.1,7.4,4.6,9.3,1013.6,1011.9,1010.7,1012.3,1013.8,1012.7,1013.8,1010.6,1011.7,23.324529
2020-06-13,23.324529,,,,,,,2974.08,4266.08,25097.08,13103.42,556.33,1764.5,2432.67,22.1,21.4,20.5,20.4,21.3,23.4,20.6,15.2,21.7,14.9,15.6,19.0,16.0,15.0,20.4,15.0,12.4,16.0,27.0,28.0,22.5,27.0,27.0,30.2,28.0,20.5,25.0,11.4,9.1,12.7,6.3,9.4,13.4,9.1,3.8,10.4,1013.4,1011.4,1014.4,1011.8,1014.5,1014.0,1014.2,1010.4,1010.8,20.313026
2020-06-14,20.313026,,,,,,,2501.67,3788.62,22929.5,12001.29,848.08,1603.08,2186.75,23.7,20.0,21.8,21.1,21.8,21.8,20.7,18.5,20.1,21.9,13.5,15.6,16.8,19.0,20.0,17.8,11.5,16.4,26.0,25.1,28.1,27.0,26.0,23.1,23.4,27.0,23.0,13.7,8.9,15.7,6.2,12.7,11.0,12.4,3.9,11.7,1011.7,1010.2,1016.1,1010.3,1013.9,1014.8,1013.5,1008.2,1009.6,31.258254
2020-06-15,31.258254,39.79,53.4,37.12,1.1735,5.516,,3021.54,4571.79,30231.21,17266.96,929.54,1760.25,2681.12,22.0,20.9,22.8,21.7,21.6,21.3,21.6,19.7,20.0,20.3,18.0,16.0,17.2,18.9,18.0,15.4,14.8,18.4,24.4,26.0,29.0,26.2,25.0,23.0,26.7,27.6,21.2,12.5,9.7,18.5,7.1,10.2,11.9,8.8,4.4,5.8,1012.4,1011.8,1017.2,1011.8,1013.3,1015.8,1013.0,1009.5,1012.1,31.290575
2020-06-16,31.290575,40.96,53.35,38.38,1.189,5.261,,3150.62,4529.0,30855.62,17722.96,887.29,1845.67,2720.08,21.4,21.6,22.8,21.6,21.4,21.9,21.0,18.0,21.7,20.2,17.0,17.0,18.0,18.0,20.5,16.0,12.4,18.0,23.5,25.5,29.9,26.0,25.0,22.3,25.4,24.1,26.0,9.1,7.9,15.4,6.9,9.9,18.1,11.0,5.9,7.4,1012.1,1011.9,1015.6,1012.3,1012.2,1015.0,1012.0,1010.2,1011.6,31.585672
2020-06-17,31.585672,40.53,53.35,37.96,1.207,5.209,,3379.83,4947.5,31314.21,17709.12,881.42,1744.08,2652.25,22.3,21.6,22.6,20.1,21.3,22.1,20.9,16.6,21.0,18.6,19.0,16.0,16.4,19.0,19.7,17.4,14.0,18.0,24.9,25.0,29.5,24.0,24.0,25.0,24.7,21.2,25.0,10.2,11.2,16.9,6.0,10.9,20.7,12.1,4.4,9.6,1011.5,1009.8,1014.4,1010.5,1012.9,1014.2,1012.2,1008.7,1009.6,30.086069
2020-06-18,30.086069,41.46,52.95,38.84,1.268,5.451,,3357.17,4855.5,31077.0,17686.71,861.92,1737.17,2578.54,23.2,21.9,22.2,20.8,22.0,23.0,20.8,18.1,21.8,20.7,15.0,15.5,15.0,19.0,18.0,16.6,13.0,17.0,25.6,28.0,28.0,26.0,25.0,28.0,25.6,24.1,27.0,12.9,10.7,13.2,7.8,11.1,12.2,14.2,7.2,13.4,1013.9,1011.2,1014.9,1011.6,1015.7,1015.2,1014.9,1012.0,1010.3,30.971515
2020-06-19,30.971515,42.19,53.1,39.75,1.2579,5.615,,3404.71,4732.21,31926.62,18235.12,927.62,1850.04,2776.92,23.3,21.5,25.1,20.8,21.6,24.7,20.8,19.2,20.3,20.0,15.7,20.0,15.0,17.0,22.0,16.0,12.0,16.0,25.4,28.0,32.0,26.5,26.0,31.0,25.5,25.2,26.0,8.8,9.8,11.7,7.6,6.0,21.2,6.8,6.5,10.4,1015.4,1013.7,1014.8,1013.9,1016.3,1013.5,1016.3,1014.6,1013.2,26.625478
2020-06-20,26.625478,,,,,,,2798.88,4329.17,26798.88,14266.0,866.58,1808.83,2729.42,23.0,21.4,24.3,21.2,23.7,22.7,22.1,19.3,20.7,21.7,14.0,18.9,14.0,19.0,21.3,14.8,11.5,15.7,24.8,28.0,30.2,27.4,29.0,24.0,29.2,25.4,25.0,15.6,7.2,21.1,5.0,11.0,17.2,12.2,4.6,10.0,1014.1,1015.6,1018.1,1016.0,1013.9,1015.9,1014.8,1013.9,1015.1,20.363678
2020-06-21,20.363678,,,,,,,2717.21,4213.08,24033.33,12143.04,795.46,1649.17,2515.38,22.2,23.3,23.3,25.0,22.0,21.8,21.7,20.6,22.3,19.9,18.0,17.0,18.0,18.0,19.0,17.0,12.1,17.0,23.5,29.0,30.1,31.0,27.3,23.2,28.1,27.3,25.0,28.1,10.8,20.7,6.7,7.8,10.2,9.9,6.5,9.3,1012.5,1013.8,1016.9,1014.2,1013.5,1015.2,1013.6,1012.8,1013.9,30.177613
2020-06-22,30.177613,43.03,53.1,40.46,1.3017,5.495,,3299.96,4805.88,31100.08,17469.79,880.58,1818.96,2824.92,22.2,25.3,23.8,25.1,21.9,22.6,23.9,21.1,25.1,21.4,17.0,17.0,16.6,17.0,20.0,16.2,17.0,18.0,23.1,32.0,29.3,31.5,26.0,24.0,31.2,30.2,30.0,29.4,9.7,13.7,6.8,9.5,12.2,10.6,5.7,7.5,1012.6,1015.7,1016.5,1016.5,1014.2,1014.4,1014.5,1014.9,1015.4,31.440869
2020-06-23,31.440869,42.63,53.0,40.37,1.3002,5.829,,3512.92,4964.29,33330.42,19015.62,909.21,1945.04,2983.33,23.5,26.1,24.2,26.0,26.6,23.3,26.6,22.3,25.7,22.1,19.0,16.2,18.7,23.0,22.0,19.8,18.0,21.0,24.7,32.4,30.2,32.0,31.1,25.1,33.3,31.0,29.0,27.1,9.3,11.2,5.0,12.8,8.3,13.1,3.8,8.1,1014.5,1017.0,1017.5,1017.6,1015.4,1016.6,1015.9,1015.5,1017.1,35.381851
2020-06-24,35.381851,40.26,52.85,38.01,1.1826,5.663,,3635.08,4954.04,32866.92,18730.29,873.33,1873.42,2800.75,23.9,25.2,24.4,25.5,25.3,23.6,25.0,22.2,24.6,21.3,17.0,18.0,20.0,20.0,20.0,17.7,20.0,22.0,26.3,31.0,30.2,30.0,29.0,26.0,31.2,29.0,26.1,13.0,13.7,10.7,9.7,8.0,12.7,9.8,5.5,9.2,1018.3,1017.4,1017.5,1017.7,1018.0,1017.5,1017.8,1015.1,1018.7,38.352032
2020-06-25,38.352032,41.05,53.25,38.72,1.2062,5.256,,3562.46,5151.08,33872.67,19713.42,870.75,1820.62,2754.33,23.6,24.2,24.2,24.9,24.4,24.2,24.8,22.1,22.0,19.4,18.6,18.0,21.0,19.9,21.0,17.8,17.9,19.0,26.2,30.0,29.4,29.0,29.0,26.0,30.4,26.3,25.0,11.4,9.3,11.1,10.3,7.2,14.8,7.9,5.5,13.1,1019.0,1016.9,1016.8,1017.3,1018.6,1017.5,1018.4,1014.7,1018.0,36.819163
2020-06-26,36.819163,41.02,53.5,38.49,1.134,5.105,,3404.88,5029.21,34308.46,19889.46,916.25,1866.0,3202.67,23.9,24.3,23.9,24.6,26.1,25.2,25.2,21.6,22.6,21.1,17.9,17.6,20.0,20.0,21.0,19.3,18.3,18.0,26.6,31.1,28.5,29.0,31.2,29.2,30.8,25.5,26.0,9.8,9.7,12.7,8.0,7.3,14.4,7.2,5.6,10.0,1017.7,1016.4,1015.4,1017.0,1017.4,1015.9,1017.4,1014.5,1016.8,30.145037
2020-06-27,30.145037,,,,,,,2781.42,4547.88,28890.46,15915.62,906.21,1886.71,2852.62,24.8,26.2,24.1,25.9,26.8,25.0,25.7,21.0,24.7,18.0,18.0,20.0,21.3,20.0,21.9,17.7,16.8,21.0,29.0,33.0,28.2,31.0,33.0,27.7,33.1,26.8,27.0,9.2,9.2,12.8,5.1,7.0,13.1,8.3,5.2,8.0,1016.3,1015.0,1015.1,1015.8,1015.9,1015.1,1016.3,1014.0,1015.2,28.525131
2020-06-28,28.525131,,,,,,,2501.75,4144.83,24965.79,13209.62,803.42,1734.67,2571.5,26.2,27.2,25.3,26.1,26.7,24.7,26.4,23.2,25.4,23.3,21.0,21.0,20.0,21.0,23.0,18.7,16.0,21.6,28.5,33.0,29.3,31.9,31.3,26.0,33.4,29.0,28.4,6.6,9.3,11.2,5.8,7.9,12.1,8.8,5.7,7.9,1015.6,1014.4,1015.8,1015.1,1015.5,1015.5,1015.6,1016.1,1014.4,31.896884
2020-06-29,31.896884,41.71,52.7,39.7,1.1932,5.839,,3386.04,5229.5,33308.88,18903.38,887.83,1968.21,2933.92,26.6,28.2,27.4,26.9,25.9,25.1,25.4,25.4,25.7,23.7,21.0,20.5,22.0,21.0,22.9,20.5,19.7,22.0,29.2,34.0,35.1,32.0,31.0,27.0,31.3,31.0,32.0,8.7,11.8,14.9,8.3,8.0,16.9,9.1,6.2,14.7,1012.9,1010.0,1014.8,1010.3,1014.3,1014.3,1014.3,1011.1,1009.8,38.918846
2020-06-30,38.918846,41.15,52.15,39.27,1.2162,6.163,,3600.67,5239.12,35504.54,20798.54,882.08,1993.96,2990.17,28.1,26.7,28.2,26.2,25.8,25.7,25.7,22.7,25.2,26.1,20.0,21.0,22.0,21.0,21.0,21.3,18.8,21.0,30.1,32.1,36.2,31.0,31.0,30.0,30.3,28.3,28.0,9.1,8.6,15.2,6.2,7.9,15.0,11.4,5.3,14.5,1012.3,1010.6,1013.4,1011.4,1014.3,1013.5,1013.9,1008.8,1011.0,44.881684
2020-07-01,44.881684,42.03,51.6,39.82,1.2143,5.863,,3713.38,5629.96,37916.92,22190.54,908.5,2149.83,3324.71,28.2,27.0,25.7,25.2,26.5,26.5,26.4,22.8,25.8,25.8,21.0,20.7,19.0,22.0,22.7,21.3,19.2,22.2,30.1,33.6,30.8,30.0,31.0,32.0,32.0,27.5,29.0,8.6,9.7,14.9,6.7,7.5,10.9,8.2,5.9,9.2,1012.0,1010.5,1012.2,1011.6,1013.6,1012.6,1013.4,1009.0,1010.7,44.929456
2020-07-02,44.929456,43.14,52.6,40.65,1.243,5.944,,3610.46,5757.08,37535.58,21733.79,1027.46,2108.21,3298.58,28.6,26.5,27.2,25.6,27.1,25.1,26.9,21.7,23.6,26.4,22.0,22.5,19.9,22.0,23.6,21.3,16.1,20.0,30.8,32.0,37.3,31.2,32.1,26.0,33.1,28.1,27.0,6.4,10.2,15.0,6.8,6.8,13.3,8.0,5.5,8.6,1010.7,1010.0,1010.9,1010.6,1011.6,1011.2,1011.6,1008.4,1010.2,39.398255
2020-07-03,39.398255,42.8,52.45,,,6.031,,3752.88,5892.25,37954.12,21734.29,1007.79,2197.42,3369.5,28.0,24.5,27.6,23.7,26.4,25.4,26.3,18.5,24.2,25.6,20.0,21.7,17.6,22.0,23.0,21.8,12.6,21.0,30.8,29.0,35.1,29.1,31.0,27.0,31.8,26.3,27.2,8.9,9.5,23.5,10.5,7.6,9.6,8.9,6.1,17.5,1010.5,1011.4,1012.6,1012.2,1011.6,1012.0,1011.3,1010.3,1011.6,32.105427
2020-07-04,32.105427,,,,,,,3039.67,5121.62,31518.12,17168.71,909.54,2120.5,3158.08,25.4,23.3,24.6,23.2,25.2,25.5,23.3,19.9,24.2,23.1,18.0,19.1,17.4,21.9,24.0,19.6,15.0,19.4,27.6,28.2,29.5,29.0,27.7,27.0,29.8,28.0,28.0,17.2,10.4,24.5,6.2,7.0,15.6,9.3,5.4,11.4,1013.3,1016.5,1016.4,1017.3,1013.5,1014.1,1013.9,1015.3,1016.1,23.389973
2020-07-05,23.389973,,,,,,,2670.67,4676.29,27765.42,14427.25,977.71,1954.62,3058.88,24.9,25.5,26.0,25.1,26.3,25.2,25.1,22.0,25.2,22.2,19.0,19.9,19.0,22.0,24.0,17.8,14.1,20.0,26.8,31.0,34.5,30.3,32.0,26.5,32.6,29.1,29.2,22.2,8.5,20.3,5.0,10.6,12.9,9.8,4.7,7.5,1012.8,1015.7,1016.0,1016.2,1013.0,1014.1,1013.5,1013.7,1015.7,32.606076
2020-07-06,32.606076,43.1,52.65,40.63,1.2445,6.096,,3648.54,5857.29,35822.67,19668.25,981.96,2248.75,3417.88,25.6,27.1,25.9,26.8,27.3,25.0,26.1,23.8,26.8,23.8,20.0,18.0,20.6,22.0,22.0,19.7,15.8,21.0,27.8,33.1,35.1,32.0,33.0,26.0,32.1,30.3,31.0,15.8,10.8,16.6,5.1,9.4,11.9,9.5,3.9,7.5,1008.7,1009.3,1011.2,1009.9,1008.7,1010.2,1009.2,1007.7,1009.3,34.101377
2020-07-07,34.101377,43.08,53.0,40.62,1.2728,6.124,,3792.33,5948.54,37072.33,20381.17,1022.67,2293.33,3634.29,25.2,22.7,24.8,24.4,27.5,24.9,26.6,19.6,22.4,23.2,19.0,21.0,20.0,23.0,21.9,20.7,17.0,19.0,26.7,26.0,29.9,27.0,32.0,27.0,32.6,28.0,26.0,24.3,15.4,23.7,15.7,10.0,14.6,8.6,6.8,19.2,1009.9,1013.7,1010.8,1013.8,1009.5,1009.5,1009.3,1011.5,1014.5,41.799682
2020-07-08,41.799682,43.29,,40.9,1.2873,5.937,,3972.08,6012.62,38442.5,21784.67,988.5,2167.58,3517.04,23.9,21.9,23.6,23.7,26.5,25.6,25.2,21.4,22.1,21.0,14.7,17.4,19.9,22.0,22.6,20.4,19.8,17.0,25.7,29.1,29.0,29.0,31.0,28.0,31.0,27.0,26.0,18.7,10.5,12.4,6.6,12.0,9.9,9.4,5.3,10.4,1016.2,1016.8,1015.0,1017.2,1014.8,1013.7,1014.9,1014.7,1017.0,40.907069
2020-07-09,40.907069,42.35,,39.62,1.2507,5.757,,3851.62,5888.58,37761.5,21285.46,1027.88,2276.46,3431.5,24.4,24.9,25.8,24.5,26.8,25.7,26.7,21.3,24.1,19.7,18.0,21.6,19.0,23.0,24.0,20.0,16.8,19.0,27.5,32.0,30.2,30.3,31.3,27.2,33.6,29.0,28.0,10.7,9.9,11.9,4.8,8.0,16.0,7.9,4.5,7.9,1017.2,1016.2,1016.6,1016.8,1016.2,1016.0,1016.2,1014.4,1016.5,39.59322
2020-07-10,39.59322,43.24,52.4,40.55,1.2814,5.475,,3586.92,5915.96,36770.04,20507.62,1050.75,2218.17,3490.62,24.9,26.9,25.9,26.5,26.6,26.4,27.1,22.3,25.2,20.6,21.0,20.4,20.9,22.0,24.0,21.4,15.6,21.0,28.3,33.0,30.6,32.0,30.0,28.0,33.3,29.4,28.6,8.1,11.8,11.1,5.0,7.8,16.3,8.8,4.2,8.3,1015.7,1013.8,1015.3,1014.5,1015.0,1015.0,1015.1,1012.4,1014.2,31.832719
2020-07-11,31.832719,,,,,,,2977.5,5172.29,31186.79,16713.92,998.17,2082.04,3242.88,26.0,25.3,26.3,25.3,26.7,26.0,26.2,22.2,24.4,22.5,20.7,20.2,22.0,23.0,23.0,21.0,18.0,20.4,28.6,32.0,33.8,29.0,32.0,28.0,32.0,29.0,28.8,9.7,9.7,11.6,8.8,9.3,13.4,7.9,5.0,14.5,1014.0,1012.8,1014.8,1013.4,1014.9,1015.2,1015.0,1011.0,1013.3,28.123884
2020-07-12,28.123884,,,,,,,2791.08,4634.92,26229.12,13207.38,915.71,1935.62,2744.42,25.9,22.4,28.4,23.7,27.5,26.3,26.4,21.8,22.0,24.4,18.0,20.5,19.4,23.0,22.0,20.8,17.9,17.0,28.3,27.1,37.9,28.0,32.0,29.0,31.6,25.9,26.0,22.3,10.1,16.8,10.9,7.6,16.7,7.2,5.2,14.7,1015.5,1019.6,1015.2,1019.9,1015.6,1015.2,1015.5,1017.3,1020.1,35.438641
2020-07-13,35.438641,42.72,,40.1,1.2461,5.11,,3770.62,5536.96,35206.29,19707.21,901.0,2113.33,3177.17,24.4,21.7,25.4,23.2,26.5,26.0,24.9,20.7,22.8,23.2,16.0,19.7,20.0,23.0,23.0,21.4,17.1,19.0,25.5,27.0,30.5,26.1,30.6,28.4,31.4,24.3,26.0,26.7,9.0,13.1,11.1,14.9,15.5,11.2,5.4,16.8,1016.2,1019.5,1014.6,1019.8,1014.7,1013.5,1015.0,1017.4,1020.0,37.24511
2020-07-14,37.24511,42.9,,40.29,1.2605,5.085,,3816.5,5812.92,35886.67,19626.0,1012.62,2230.04,3388.58,23.7,21.1,25.8,22.8,25.6,26.3,23.8,20.3,22.2,19.8,14.0,22.7,18.9,21.2,24.0,17.4,16.3,17.0,26.3,27.2,29.0,26.0,30.0,28.1,29.2,24.1,25.3,14.6,8.3,10.9,9.3,10.6,8.5,10.7,3.9,11.8,1013.7,1015.1,1013.1,1015.7,1012.4,1012.4,1012.2,1013.2,1015.3,40.858557
2020-07-15,40.858557,43.79,52.6,41.2,1.2582,5.226,,3689.79,5511.08,36764.5,21046.92,983.33,2209.71,3323.67,24.2,22.2,25.5,22.3,24.5,25.5,24.1,18.5,22.5,20.9,17.0,19.6,18.0,21.0,23.0,19.8,13.3,18.0,26.4,28.0,32.0,27.0,27.2,28.1,28.4,24.3,26.0,18.0,9.2,12.5,6.0,8.3,9.7,11.6,4.1,9.7,1014.4,1013.1,1014.1,1013.4,1014.3,1014.3,1013.7,1011.3,1013.1,41.303823
2020-07-16,41.303823,43.37,,40.75,1.2349,5.058,,3633.79,5497.54,35809.71,20454.83,984.25,2252.33,2986.96,24.2,23.8,24.8,22.9,24.8,25.6,23.8,20.3,22.3,20.3,18.0,20.9,16.8,20.0,22.0,19.0,17.0,17.6,27.0,29.8,32.0,29.0,29.0,28.0,29.8,29.0,26.0,10.0,8.7,19.9,5.4,8.5,10.5,7.4,3.9,11.1,1014.3,1013.1,1015.5,1013.6,1014.3,1014.6,1014.2,1011.4,1013.5,37.93879
2020-07-17,37.93879,43.14,52.2,40.59,1.2214,5.114,,3448.17,5630.83,36421.54,20678.83,974.75,2207.42,3481.54,24.9,23.1,24.4,24.1,24.5,25.1,24.3,21.3,21.9,21.5,20.0,18.0,20.0,21.0,21.8,18.8,18.4,19.0,28.0,27.0,31.8,28.0,28.1,27.0,30.8,28.4,25.3,12.0,12.5,19.1,11.1,8.7,11.9,9.7,5.4,15.8,1012.1,1012.5,1013.3,1012.5,1012.0,1011.9,1011.8,1009.6,1013.2,30.964281
2020-07-18,30.964281,,,,,,,2896.62,5033.33,30356.83,16328.75,987.42,1982.62,3128.08,22.7,22.6,24.3,23.2,24.2,25.6,24.0,20.2,21.1,20.3,18.0,19.0,19.0,20.8,24.0,18.5,17.0,17.0,24.9,27.3,29.0,27.0,28.8,26.8,29.0,24.9,24.9,19.2,12.0,13.4,9.8,11.6,12.0,11.9,6.3,10.5,1013.2,1014.8,1012.8,1015.0,1012.3,1012.1,1012.2,1012.6,1015.2,28.878085
2020-07-19,28.878085,,,,,,,2704.5,4859.88,26237.75,12887.5,915.88,1951.58,2918.42,22.9,23.7,24.6,24.3,24.7,26.2,23.9,20.7,22.3,20.4,16.0,19.8,19.0,20.0,23.0,17.7,16.0,17.6,24.6,30.0,29.0,30.0,29.0,28.1,30.4,29.0,26.0,16.8,9.5,11.4,6.4,11.5,11.8,11.0,4.0,7.7,1015.2,1014.7,1015.2,1015.0,1014.1,1013.9,1014.3,1012.6,1015.3,36.742992
2020-07-20,36.742992,43.28,52.0,40.81,1.2257,4.732,,3502.08,5243.17,34329.58,19353.0,993.25,2091.79,3146.29,23.6,25.8,25.2,25.9,25.3,26.2,24.9,22.5,24.1,19.7,20.0,19.6,19.0,20.3,23.0,18.1,20.0,19.0,27.1,32.6,29.3,31.2,31.0,28.0,31.5,30.0,27.0,10.8,9.6,12.4,5.8,8.5,13.9,9.6,4.0,8.5,1017.5,1015.7,1017.4,1016.2,1017.1,1017.4,1017.1,1013.6,1016.2,38.669941
2020-07-21,38.669941,44.32,,41.96,1.2799,4.792,,3536.33,5089.92,35233.5,20167.12,992.58,2109.46,3338.08,25.4,27.2,25.6,26.8,26.7,26.0,26.8,22.7,25.0,21.6,21.0,19.0,21.0,21.0,22.0,20.0,15.9,20.0,28.1,33.3,30.0,32.0,32.0,28.3,33.7,28.5,29.0,11.5,10.1,11.6,5.9,9.0,14.8,10.4,4.2,7.7,1018.6,1017.7,1019.4,1018.5,1018.5,1018.9,1018.9,1016.1,1018.0,39.964808
2020-07-22,39.964808,44.29,52.1,41.9,1.2822,4.829,,3419.5,5648.62,37075.0,21815.12,1011.83,2075.88,3104.04,26.6,28.1,25.5,27.1,27.6,26.1,27.4,23.4,25.3,23.2,23.0,18.5,21.8,22.7,22.9,20.4,18.3,21.0,28.8,33.6,31.3,33.0,31.0,28.1,34.8,30.2,29.0,9.2,9.6,10.4,6.0,6.6,13.6,10.0,5.2,9.2,1016.7,1015.9,1018.2,1016.5,1016.9,1017.5,1017.2,1014.7,1016.2,42.056119
2020-07-23,42.056119,43.31,51.95,41.07,1.2645,4.984,,3807.62,5729.75,39394.25,23281.17,1048.38,2118.79,3408.54,27.3,25.4,26.8,25.8,26.7,26.8,26.6,22.3,25.4,23.9,20.0,19.0,20.8,24.0,22.8,20.9,17.0,19.9,30.8,31.0,32.8,31.1,29.0,29.5,33.0,30.0,30.2,6.9,8.1,12.9,6.6,8.5,15.9,8.6,3.8,9.8,1013.0,1012.9,1014.1,1013.2,1013.7,1013.8,1013.5,1010.9,1012.5,36.822453
2020-07-24,36.822453,43.34,52.0,41.29,1.2858,5.011,,3807.62,5729.75,39394.25,23281.17,1048.38,2118.79,3408.54,27.4,21.5,28.6,21.1,25.8,26.4,26.0,20.3,21.9,24.5,18.0,19.9,16.0,21.9,23.0,20.7,17.7,19.0,30.6,25.0,37.3,26.0,29.0,29.0,31.1,24.3,25.0,11.9,10.6,16.6,9.5,8.2,11.6,11.6,7.6,15.8,1010.5,1010.8,1011.4,1011.8,1012.0,1011.5,1011.1,1009.2,1010.5,29.697621
2020-07-25,29.697621,,,,,,,2927.67,4808.58,29638.33,15692.08,966.79,2132.62,3110.58,25.6,23.8,28.6,23.2,26.7,26.7,26.8,20.6,23.9,23.6,16.7,22.4,16.0,23.0,23.0,22.0,10.7,18.3,28.2,31.0,36.4,30.7,30.3,29.0,33.5,29.4,29.2,14.8,9.9,17.8,6.0,9.2,6.8,11.3,4.7,12.8,1012.0,1012.6,1013.1,1012.8,1011.8,1012.5,1011.6,1010.5,1012.1,27.717405
2020-07-26,27.717405,,,,,,,2466.92,3940.46,24794.83,12948.5,906.67,1858.71,2673.58,25.1,26.0,26.4,25.1,26.9,26.6,26.3,21.6,23.8,22.4,19.8,20.6,19.6,22.5,23.7,20.0,19.0,19.0,27.5,33.0,34.4,30.0,32.0,29.2,31.4,29.2,27.0,16.8,7.8,13.2,4.1,9.6,12.5,8.6,4.9,9.5,1014.5,1013.1,1014.6,1013.7,1014.5,1014.8,1014.8,1011.3,1013.6,39.914986
2020-07-27,39.914986,43.41,52.25,41.6,1.2812,4.787,,3599.67,6086.62,35726.08,18909.79,1086.12,2269.08,3774.79,26.3,26.2,26.3,26.2,27.7,26.9,26.7,22.6,25.2,19.0,20.0,20.4,21.0,22.8,24.0,19.3,20.0,20.0,29.0,32.4,31.8,31.0,33.0,29.0,34.6,29.0,30.0,11.6,9.5,10.9,5.1,8.1,17.8,9.2,4.0,9.3,1016.6,1016.2,1016.6,1016.9,1016.7,1016.4,1017.0,1014.5,1016.3,41.569684
2020-07-28,41.569684,43.22,51.8,41.04,1.2546,4.958,,3833.29,6106.92,38923.54,21833.54,1128.96,2339.75,3681.08,27.1,28.0,27.1,27.2,27.8,26.8,27.4,23.1,26.2,23.6,22.0,20.5,21.0,22.8,23.0,20.2,16.1,21.0,30.0,34.2,32.1,33.0,33.6,30.0,34.3,30.0,30.0,7.7,11.5,11.6,4.3,7.2,15.2,7.7,4.4,7.9,1015.7,1014.5,1015.5,1015.2,1015.7,1015.0,1015.9,1013.0,1014.8,51.734191
2020-07-29,51.734191,43.75,51.8,41.27,1.2418,5.177,,3776.62,6323.54,38904.67,21810.83,1094.12,2383.29,3516.25,28.4,28.7,27.6,27.6,27.9,26.4,28.3,24.8,27.2,24.5,23.0,20.8,22.0,23.0,23.0,22.1,18.4,22.9,31.6,34.4,33.3,33.0,33.0,30.0,35.0,30.7,31.0,6.3,10.1,11.3,4.8,7.0,15.1,6.7,3.6,7.3,1015.3,1014.0,1015.3,1014.7,1015.6,1014.7,1015.6,1012.3,1014.2,49.04583
2020-07-30,49.04583,42.94,51.9,39.92,1.232,5.223,,3778.88,6483.46,38899.67,21558.46,1137.92,2375.29,3565.67,28.8,29.2,27.6,29.6,28.6,26.8,29.1,25.7,28.6,20.0,23.0,20.8,24.5,24.3,23.0,22.1,23.0,24.0,33.0,35.4,32.2,34.2,32.0,31.0,37.7,33.0,33.0,5.3,8.0,11.4,5.4,6.0,14.4,8.0,4.5,7.6,1016.5,1015.7,1016.5,1016.4,1016.8,1015.9,1016.8,1014.1,1015.7,57.948472
2020-07-31,57.948472,43.3,51.95,40.27,1.1776,6.023,,3979.62,6538.29,38626.54,20988.42,1145.08,2502.88,3472.25,29.7,28.4,28.4,29.2,28.6,27.2,29.7,28.0,29.4,26.5,23.0,20.9,22.9,25.0,24.0,22.9,21.0,25.0,32.6,36.0,34.3,35.0,32.0,33.0,37.8,34.0,33.0,5.7,12.1,11.3,4.6,7.4,13.3,7.9,5.8,7.6,1015.1,1014.6,1015.9,1015.0,1015.9,1015.6,1015.9,1016.5,1014.0,37.155159
2020-08-01,37.155159,,,,,,,3308.75,5791.71,34752.33,18356.83,1123.5,2435.21,3736.33,29.7,29.8,29.4,29.6,28.0,28.0,30.1,26.6,29.2,27.6,23.0,20.8,23.0,24.8,24.3,22.6,24.0,25.0,32.1,37.0,39.7,35.3,31.7,31.0,36.1,35.0,34.0,11.2,10.6,12.7,4.9,8.3,7.0,9.3,4.6,8.8,1011.9,1011.7,1013.2,1012.4,1013.2,1013.2,1012.8,1010.0,1011.5,34.368803
2020-08-02,34.368803,,,,,,,2987.96,5173.21,30526.33,15710.92,1091.79,2239.79,3322.67,29.2,26.3,30.4,27.0,27.9,27.8,28.6,24.3,26.9,27.7,20.0,22.0,22.9,23.0,25.0,24.4,20.0,24.0,31.2,31.0,39.3,32.0,31.7,29.5,33.3,31.0,30.0,11.9,12.4,17.2,11.3,7.5,9.0,12.5,6.5,14.5,1010.3,1010.0,1010.5,1010.4,1010.9,1010.7,1010.6,1007.9,1010.3,40.438545
2020-08-03,40.438545,44.15,52.6,41.01,1.2039,6.802,,3924.71,6516.54,38164.08,20134.21,1206.92,2515.5,3866.21,30.3,23.0,28.1,21.2,27.8,27.4,27.3,19.0,22.6,24.9,18.8,24.0,17.0,24.0,24.5,23.9,16.4,19.0,37.6,26.5,34.4,25.0,32.0,32.0,32.4,21.5,26.0,17.2,8.5,24.0,7.5,8.6,15.2,15.2,4.5,12.8,1007.2,1005.4,1009.1,1006.4,1008.5,1008.6,1008.0,1004.5,1005.3,38.092465
2020-08-04,38.092465,44.43,52.45,41.7,1.2121,7.355,,3638.79,6216.92,35922.62,18903.08,1125.96,2428.08,3609.79,29.2,20.2,24.9,21.6,25.6,27.6,24.1,20.6,20.6,25.0,17.6,20.9,18.0,22.0,26.0,22.2,13.0,18.0,31.0,25.0,30.3,26.0,28.7,29.0,27.6,27.3,23.9,13.8,9.5,24.1,10.4,12.9,17.5,15.7,6.0,8.5,1006.2,1005.2,1010.4,1005.7,1007.9,1008.9,1006.6,1003.8,1004.6,42.045632
2020-08-05,42.045632,45.17,,42.19,1.2266,7.32,,3771.79,6231.62,37371.33,19712.58,1193.25,2605.92,3856.17,24.1,21.4,25.4,22.6,21.5,25.8,23.3,19.7,21.7,18.9,17.8,19.7,16.6,16.0,23.3,18.4,13.0,18.0,26.1,26.0,31.5,27.5,27.0,27.0,30.3,28.6,25.3,14.1,7.4,18.0,6.0,7.4,20.8,9.9,4.1,12.3,1008.7,1012.4,1011.1,1012.7,1008.9,1009.8,1008.7,1010.4,1012.0,37.557775
2020-08-06,37.557775,45.09,50.2,41.95,1.2316,7.94,,3598.54,5998.46,36108.96,18855.0,1140.21,2605.0,3911.75,22.9,23.1,24.4,24.4,23.5,25.2,24.7,20.5,24.1,20.2,18.0,18.6,18.0,18.0,21.0,17.6,16.0,19.0,26.0,29.0,30.8,30.1,29.0,27.4,31.4,29.1,28.1,16.0,8.6,12.0,4.9,8.6,13.6,10.3,4.3,8.5,1011.8,1016.0,1014.2,1016.6,1012.3,1012.4,1012.0,1014.5,1015.9,38.708182
2020-08-07,38.708182,44.4,51.2,41.22,1.2138,7.931,,3413.38,5550.83,32977.79,17040.62,1075.12,2404.71,3493.12,25.1,25.1,25.8,25.6,25.8,25.9,25.6,22.5,27.2,21.0,19.0,19.0,20.0,21.0,23.0,20.5,18.0,22.0,28.0,31.0,32.2,30.0,29.3,28.0,32.3,31.0,32.0,14.7,8.0,12.6,5.9,6.9,10.0,10.0,4.7,11.6,1013.6,1018.1,1016.1,1018.7,1014.4,1014.9,1014.6,1016.3,1017.7,33.594822
2020-08-08,33.594822,,,,,,,2910.33,4955.0,28815.75,14793.71,1051.88,2182.54,2922.29,26.4,26.3,26.5,27.6,26.4,26.5,27.9,24.0,27.9,24.1,19.0,19.9,22.0,21.0,24.0,20.8,20.0,22.0,28.6,33.0,34.5,32.0,31.0,28.0,35.9,33.0,33.2,17.4,8.4,12.0,4.1,8.6,10.2,11.7,5.4,9.2,1013.3,1017.8,1016.3,1018.6,1013.9,1014.4,1014.1,1016.4,1017.3,29.791703
2020-08-09,29.791703,,,,,,,2751.79,4738.54,27568.75,14252.75,993.12,1962.71,2869.83,27.2,27.1,27.1,28.0,28.9,27.1,28.6,27.3,28.0,25.1,20.9,20.8,22.0,23.0,24.0,22.0,21.7,22.6,29.3,33.4,34.1,33.3,35.0,29.0,36.7,33.0,32.4,16.8,7.9,13.6,4.7,13.4,13.1,10.2,6.3,8.4,1013.3,1015.8,1014.6,1016.2,1013.3,1012.8,1013.9,1017.3,1015.3,40.520397
2020-08-10,40.520397,44.99,50.5,41.94,1.2343,7.589,,3083.92,5360.0,30162.0,15517.04,1092.42,2109.96,2998.67,27.3,27.6,27.8,27.9,28.5,27.0,28.2,24.4,27.5,20.8,21.0,20.7,23.2,23.0,23.0,21.0,22.0,23.4,29.0,34.1,34.1,33.0,34.0,29.0,34.8,31.6,31.0,10.8,10.0,10.7,5.9,6.7,10.1,9.2,6.4,8.0,1014.0,1014.0,1014.4,1014.7,1014.0,1013.9,1013.7,1012.5,1013.9,41.147964
2020-08-11,41.147964,44.5,,41.61,1.2083,7.416,,3087.92,5142.62,30027.25,15399.46,1078.67,2176.71,3141.88,27.2,27.5,27.3,27.0,27.2,27.2,27.8,23.7,27.0,23.8,22.0,22.0,20.9,23.0,24.0,22.4,15.8,24.0,30.0,33.0,33.1,33.0,31.0,29.5,34.0,31.3,31.0,8.5,7.6,11.8,5.0,7.0,13.1,7.7,5.0,10.0,1015.8,1014.7,1015.3,1015.2,1015.7,1015.5,1015.6,1013.1,1014.8,42.959715
2020-08-12,42.959715,45.43,,42.67,1.241,7.172,,3096.29,5290.79,30779.29,16016.75,1108.46,2152.21,3114.79,27.6,27.4,26.8,27.3,27.3,27.5,27.7,23.0,26.5,19.8,22.0,20.9,23.2,23.5,25.0,22.0,17.2,21.5,31.1,33.5,31.8,31.2,32.5,30.0,34.2,30.5,31.0,6.7,9.0,12.1,6.0,6.6,12.4,7.2,5.6,7.6,1015.9,1015.3,1015.5,1015.9,1016.4,1015.9,1016.3,1013.7,1015.4,41.341375
2020-08-13,41.341375,44.96,49.9,42.24,1.2448,7.312,,3077.5,5597.92,32232.58,16504.38,1060.96,2286.92,3704.92,28.3,27.3,27.8,26.0,26.7,27.8,28.2,21.8,27.0,21.0,22.0,22.9,21.6,23.0,24.0,20.9,19.0,23.0,31.4,32.0,31.8,31.1,31.0,31.1,35.3,30.0,30.0,7.6,8.3,15.3,5.9,6.7,12.6,7.9,6.4,8.9,1015.8,1014.5,1014.7,1015.3,1016.7,1015.9,1016.5,1013.4,1014.1,38.948014
2020-08-14,38.948014,44.93,,42.01,1.2495,8.019,,2949.5,5385.67,30578.83,15699.12,1088.33,2328.67,3127.54,28.6,26.4,28.6,26.4,26.8,32.2,27.5,24.7,23.6,25.6,22.0,24.0,21.0,22.0,28.0,20.9,19.0,20.0,34.2,32.4,36.0,32.0,31.3,37.4,33.5,31.0,29.0,14.8,8.8,14.6,6.1,8.2,21.2,10.5,6.2,13.6,1012.5,1011.9,1012.4,1012.2,1013.9,1013.1,1013.0,1013.4,1011.8,32.925263
2020-08-15,32.925263,,,,,,,2526.42,4382.67,25179.62,12685.0,955.71,1979.0,2650.83,28.2,25.3,27.0,25.6,27.5,29.0,27.6,22.8,24.7,26.7,19.9,21.2,19.0,24.0,27.0,23.8,19.7,19.0,30.1,32.0,32.0,31.0,30.9,31.0,35.1,30.0,30.0,13.6,7.4,13.7,5.9,8.7,9.4,7.5,6.1,6.8,1011.2,1011.6,1012.6,1012.0,1012.4,1012.4,1012.3,1009.6,1011.8,34.03217
2020-08-16,34.03217,,,,,,,2393.04,4128.83,23637.75,11052.96,1022.71,2051.75,2988.46,27.7,26.0,27.7,25.6,27.0,28.3,27.0,20.8,25.7,25.8,20.0,21.9,22.0,24.0,25.0,19.8,18.0,21.0,30.0,32.6,34.4,29.0,30.0,34.5,33.6,26.3,29.0,9.6,8.2,14.1,6.0,7.3,7.6,8.2,6.8,7.7,1012.1,1010.8,1011.0,1011.7,1012.3,1011.5,1012.0,1009.7,1011.1,42.305189
2020-08-17,42.305189,45.37,,42.89,1.2677,8.181,,2759.12,4716.75,27312.38,13263.12,1079.58,2326.0,3167.79,27.7,25.6,27.4,25.0,26.9,28.0,26.3,19.1,23.6,24.8,20.9,21.6,21.0,23.0,26.6,21.9,14.9,19.7,30.2,30.1,35.2,29.1,31.0,31.0,32.5,25.7,28.4,15.2,9.2,14.8,5.9,8.0,16.1,8.5,4.3,9.5,1010.9,1009.9,1012.2,1010.3,1011.7,1012.1,1011.7,1008.6,1010.0,43.434
2020-08-18,43.434,45.46,50.45,42.89,1.283,8.549,,3151.92,5342.79,30669.25,15293.5,1137.75,2366.46,3376.83,27.7,24.7,27.3,24.4,26.7,27.2,25.7,21.5,22.2,25.0,21.0,21.0,20.0,24.0,24.0,22.1,15.7,19.0,30.6,30.0,35.6,31.0,30.0,29.0,31.4,28.2,26.4,10.9,8.2,15.3,4.8,10.6,12.8,7.9,3.8,8.5,1009.9,1009.8,1012.3,1010.1,1011.4,1012.0,1011.3,1007.8,1009.8,44.338272
2020-08-19,44.338272,45.37,50.25,42.93,1.2905,8.353,,3130.29,5725.5,32191.54,16020.08,1075.79,2452.62,3787.25,26.5,25.2,26.6,25.1,27.0,27.3,26.2,21.8,23.4,24.2,19.8,21.7,20.0,23.0,23.0,19.6,15.0,19.0,28.6,31.0,34.9,31.0,31.0,30.0,33.2,28.8,27.0,15.1,6.8,13.9,6.1,7.3,15.1,9.0,3.7,7.2,1010.6,1010.4,1011.1,1010.9,1010.7,1010.9,1011.0,1008.5,1010.6,44.306131
2020-08-20,44.306131,44.9,50.1,42.58,1.2965,8.15,,3138.0,5529.88,31434.88,15589.71,1129.96,2447.25,3600.08,26.4,26.6,26.6,26.1,26.8,27.5,26.9,23.5,24.7,22.8,21.0,21.0,20.0,22.0,23.8,20.4,18.2,20.8,28.8,33.0,31.0,32.0,32.0,31.0,33.8,29.2,28.0,9.9,9.3,12.0,4.8,7.5,15.5,7.6,3.8,8.5,1013.3,1012.2,1011.8,1012.8,1013.0,1011.7,1012.8,1010.3,1012.7,39.987341
2020-08-21,39.987341,44.35,49.8,42.34,1.2841,7.622,,3104.12,5116.67,30707.67,15587.96,1129.54,2306.08,3463.29,27.0,27.6,27.7,27.4,28.0,27.1,27.8,24.5,26.2,23.4,21.0,22.0,22.0,23.0,24.0,21.0,19.2,22.0,30.5,34.3,32.2,33.0,32.7,30.0,35.5,30.4,29.0,8.2,8.5,14.6,4.6,6.0,12.6,7.5,3.7,7.3,1016.5,1015.2,1014.7,1015.8,1016.0,1015.3,1016.2,1013.4,1015.5,40.39062
2020-08-22,40.39062,,,,,,,2872.83,4938.92,28547.5,14096.17,1069.92,2282.08,3287.58,27.6,28.6,27.7,28.0,27.2,27.2,27.0,25.2,26.6,23.4,22.0,22.3,23.0,22.0,25.0,20.0,19.5,22.0,31.2,35.3,33.1,33.6,32.0,29.0,34.8,31.9,29.5,9.0,8.4,12.7,4.8,7.0,8.6,7.3,5.0,7.2,1015.8,1013.7,1015.5,1014.6,1016.5,1016.2,1016.4,1012.0,1014.1,27.526283
2020-08-23,27.526283,,,,,,,2596.0,4603.0,26682.83,13439.21,1005.38,2129.58,2909.67,28.5,26.5,27.6,25.6,26.2,27.4,26.4,23.7,25.8,21.7,21.0,23.5,20.0,22.0,25.0,21.0,19.8,22.0,32.0,32.0,34.2,30.1,30.1,29.0,34.4,28.1,30.0,8.0,12.5,24.9,7.5,7.3,10.0,7.7,5.0,15.5,1011.7,1012.1,1014.9,1013.0,1012.9,1013.2,1012.7,1010.4,1012.7,45.764079
2020-08-24,45.764079,45.13,49.7,42.62,1.3671,8.361,,3343.96,5546.92,33015.96,16975.79,1092.79,2465.25,3591.25,27.6,24.2,25.8,24.0,26.9,26.8,25.4,21.5,24.1,24.8,20.0,19.9,19.4,24.7,24.0,21.8,17.5,19.0,30.1,28.2,32.6,28.6,31.0,29.0,31.6,26.7,28.0,10.6,7.1,21.1,6.9,8.9,16.4,13.1,5.8,17.3,1010.5,1012.7,1013.1,1013.5,1011.3,1011.3,1010.9,1011.2,1012.7,40.638099
2020-08-25,40.638099,45.86,49.75,43.35,1.3959,8.867,,3472.83,5513.58,33668.79,17326.08,1128.75,2544.29,3683.25,26.4,24.7,26.3,24.8,26.6,26.4,25.7,20.8,23.3,23.0,19.0,19.9,20.0,22.0,22.8,20.0,18.7,18.0,29.0,29.9,34.1,30.0,31.1,29.3,32.3,29.0,27.2,21.1,7.1,17.1,7.2,9.0,13.8,10.5,3.9,10.4,1012.4,1014.2,1014.9,1014.6,1012.9,1013.0,1013.1,1012.2,1014.1,49.040633
2020-08-26,49.040633,45.64,49.7,43.39,1.3606,9.149,,3630.12,5804.12,36800.75,20225.33,1183.5,2444.75,3512.92,26.6,26.0,26.4,24.7,26.2,26.8,26.3,21.5,23.2,18.0,20.0,20.0,18.9,22.0,24.0,21.1,18.0,18.0,30.0,31.2,34.1,30.0,29.8,29.0,33.3,30.0,27.0,11.3,8.7,14.6,5.3,8.4,13.8,8.5,3.2,7.8,1015.5,1013.7,1017.1,1014.2,1016.0,1016.6,1016.0,1012.0,1013.9,52.267482
2020-08-27,52.267482,45.09,49.8,43.04,1.2753,8.872,,3698.38,5971.71,36884.0,20002.38,1082.08,2401.04,3728.42,27.4,26.5,28.0,25.3,26.3,26.1,25.9,22.0,24.4,24.5,20.0,21.4,19.0,23.0,22.4,22.0,14.6,20.8,30.3,32.0,36.3,31.0,29.0,29.0,30.6,29.2,28.0,9.9,10.0,19.3,5.4,8.5,12.1,9.9,4.4,8.6,1013.8,1012.2,1014.9,1012.8,1015.1,1015.2,1014.7,1010.5,1012.8,46.665621
2020-08-28,46.665621,45.81,,42.97,1.3125,11.169,,3641.17,5869.75,37069.12,20498.0,1092.83,2319.38,3648.0,28.0,27.3,26.5,23.9,26.3,26.7,26.9,20.8,24.4,25.0,21.0,21.9,20.8,23.0,23.0,22.0,18.0,20.0,30.9,33.0,32.4,27.0,30.0,29.1,32.0,26.4,28.0,15.7,8.9,13.5,8.4,6.8,9.2,11.2,3.9,9.6,1010.1,1007.2,1009.1,1007.4,1011.1,1010.1,1010.4,1005.0,1008.1,40.537343
2020-08-29,40.537343,,,,,,,3423.12,5495.71,33655.92,17776.17,1114.92,2299.33,3546.67,29.8,27.2,28.8,21.1,26.8,28.2,28.1,19.0,24.9,25.3,21.0,24.3,19.6,21.0,24.0,21.7,17.5,21.0,35.7,34.0,36.4,23.0,31.7,36.0,33.5,21.9,29.1,16.7,16.1,12.3,10.0,7.6,10.9,19.0,3.9,12.5,1007.9,1002.7,1003.4,1003.1,1008.2,1006.9,1006.6,1000.4,1003.2,34.772418
2020-08-30,34.772418,,,,,,,2823.17,4968.71,29323.38,15081.75,1029.25,2159.62,3260.88,29.8,25.1,26.4,22.1,27.6,31.4,27.4,19.4,22.9,25.1,21.0,23.7,19.0,22.9,26.0,25.0,13.4,18.9,35.1,31.0,30.6,27.0,32.0,38.0,31.3,24.9,27.1,16.8,12.6,13.7,12.4,8.7,18.6,22.0,6.3,13.7,1010.4,1004.8,1008.6,1004.2,1010.5,1009.1,1009.1,1001.5,1005.1,54.273927
2020-08-31,54.273927,45.28,,42.61,1.2233,11.239,,3597.46,5664.92,36430.08,20005.58,1066.58,2428.79,3666.75,28.0,19.6,20.9,19.8,24.1,26.8,20.4,17.2,18.2,25.2,16.2,17.0,15.0,18.0,24.0,17.7,11.0,15.3,31.0,21.6,26.8,25.0,29.5,30.0,24.2,23.8,22.0,13.1,9.2,20.2,5.3,10.4,15.1,9.5,4.2,10.5,1011.2,1011.6,1014.4,1011.8,1012.9,1012.5,1013.8,1009.9,1011.4,49.357414
2020-09-01,49.357414,45.58,51.4,42.76,1.2385,11.297,,3700.12,5519.58,36661.71,20510.62,1029.04,2346.33,3556.0,24.6,20.4,23.0,19.6,21.5,25.2,20.3,16.4,19.6,21.8,15.0,16.9,12.0,16.0,24.0,14.0,8.3,14.7,26.7,27.0,29.9,27.1,27.0,27.0,27.0,24.9,25.0,17.8,10.7,13.3,5.8,6.9,15.1,8.1,3.3,12.6,1012.1,1011.4,1013.6,1011.5,1012.4,1012.7,1012.4,1009.3,1010.9,50.206711
2020-09-02,50.206711,44.43,50.6,41.51,1.2047,11.11,,3393.58,5703.5,35756.42,19466.83,1096.04,2490.58,3605.88,24.4,19.7,21.6,19.8,22.7,25.5,21.5,16.9,20.0,21.2,14.0,17.6,17.0,17.0,23.8,17.0,12.9,15.0,27.2,26.3,27.4,23.0,27.0,28.0,26.2,22.1,24.1,10.1,9.0,10.4,8.6,7.3,11.1,5.5,4.7,11.9,1014.4,1014.2,1013.8,1015.0,1013.9,1012.8,1014.0,1012.6,1015.0,47.591354
2020-09-03,47.591354,44.07,49.7,41.37,1.1995,11.733,,3295.17,5193.96,34345.21,18969.12,936.96,2295.5,3654.5,24.9,20.4,22.6,20.2,24.5,25.8,22.3,18.3,20.9,22.4,15.0,16.4,14.0,20.8,24.0,16.4,11.3,16.0,27.7,26.3,28.7,27.0,29.0,27.2,28.8,25.2,25.0,13.0,6.4,10.6,3.2,7.9,17.7,7.6,3.0,8.0,1019.0,1020.4,1019.5,1020.6,1018.8,1018.0,1019.2,1018.4,1020.1,45.113106
2020-09-04,45.113106,42.66,49.0,39.77,1.1674,11.682,,3651.46,5706.29,36793.88,20645.42,1057.83,2240.21,3492.67,24.3,22.5,23.1,21.5,25.0,26.0,23.3,18.8,21.1,21.5,17.0,17.0,15.0,19.7,24.8,17.7,11.1,16.0,26.2,29.3,28.1,29.0,31.0,27.3,29.0,26.8,25.4,25.3,9.2,11.1,4.2,9.5,22.7,8.8,3.4,8.2,1023.2,1024.7,1023.5,1025.1,1022.9,1021.8,1023.2,1022.9,1024.8,38.187185
2020-09-05,38.187185,,,,,,,2874.08,5047.21,30279.17,15904.25,1032.17,2184.17,3237.29,24.2,23.6,23.2,22.8,24.2,25.5,23.4,19.9,22.0,18.5,17.0,17.0,15.0,19.0,21.0,17.0,12.8,17.0,27.0,30.2,28.5,30.3,29.0,28.2,29.5,27.8,26.0,12.0,8.9,10.5,4.6,7.2,11.8,7.3,3.8,7.0,1019.4,1018.6,1019.2,1019.0,1019.2,1018.3,1019.2,1017.0,1018.6,37.554905
2020-09-06,37.554905,,,,,,,2476.29,4042.33,25052.54,13016.5,884.12,1878.12,2755.17,24.1,24.2,23.7,23.0,23.4,26.5,23.1,21.3,22.7,20.4,18.0,18.0,16.0,18.0,24.0,19.0,17.0,18.8,26.7,30.0,30.6,29.0,28.0,29.0,29.0,27.0,26.6,12.1,8.1,10.7,5.9,6.9,13.0,6.8,3.2,7.7,1014.5,1012.3,1014.5,1013.0,1014.9,1014.1,1014.8,1013.4,1012.9,48.408606
2020-09-07,48.408606,42.01,48.5,,1.1636,11.232,,3449.67,5306.46,34099.71,19098.08,943.46,2171.88,3130.17,25.7,22.2,24.2,20.7,24.5,26.5,23.5,17.9,22.3,20.0,18.0,17.7,17.0,19.0,24.0,17.0,14.6,20.0,29.5,29.0,31.9,25.0,30.0,29.0,30.0,21.4,25.9,11.9,9.5,12.6,7.9,6.6,14.1,6.6,4.0,16.0,1014.8,1015.2,1014.5,1016.4,1014.9,1013.6,1015.1,1014.5,1015.7,48.469712
2020-09-08,48.469712,39.78,48.75,36.76,1.0966,10.802,,3576.25,5405.33,35153.79,19868.75,961.0,2213.25,3129.21,26.0,22.2,24.7,21.8,27.5,26.8,25.8,17.9,21.5,22.0,18.0,19.7,17.0,23.8,24.9,19.6,10.5,17.0,28.7,28.0,29.4,27.0,33.0,29.0,33.4,25.9,26.0,18.8,7.0,8.6,5.3,11.6,17.7,8.8,3.8,12.5,1021.3,1024.3,1019.3,1024.8,1019.7,1018.3,1020.1,1022.9,1024.2,50.89712
2020-09-09,50.89712,40.79,,38.05,1.1193,10.734,,3709.33,5412.08,36295.46,20656.88,1020.88,2167.58,3328.71,25.2,22.8,26.0,22.2,27.0,27.0,25.9,18.4,21.9,22.7,17.0,21.5,16.7,21.0,24.0,20.4,12.0,16.0,28.3,29.0,29.3,28.3,32.2,30.0,32.6,25.6,26.4,15.0,8.3,10.4,4.3,8.0,15.9,7.2,3.8,8.6,1022.6,1023.1,1021.0,1023.5,1021.6,1021.0,1021.7,1021.6,1022.8,52.30934
2020-09-10,52.30934,40.06,,37.3,1.0877,10.516,,3760.42,5473.58,36340.0,20875.75,891.83,2096.33,3242.08,25.4,24.4,21.9,22.7,25.9,26.5,25.6,19.2,22.7,23.0,19.0,19.0,17.0,21.0,23.8,20.0,11.9,18.0,28.4,30.0,28.1,28.0,31.0,30.0,33.4,26.1,26.4,10.7,9.9,11.2,4.1,6.5,9.8,7.2,3.5,8.2,1016.2,1016.2,1015.2,1016.8,1015.8,1015.2,1015.8,1014.9,1016.5,56.83105
2020-09-11,56.83105,39.83,50.75,37.33,1.0949,10.497,,3864.12,5875.0,36994.42,20513.38,935.5,2400.67,3405.75,25.5,24.6,21.6,23.0,26.0,25.0,23.7,19.2,23.7,22.8,21.0,17.4,19.0,22.0,22.0,21.0,16.9,20.0,28.0,29.2,26.0,28.0,31.3,26.0,29.7,23.0,27.6,12.7,6.1,7.6,4.3,8.4,12.3,9.4,4.3,12.3,1012.2,1013.8,1011.2,1014.9,1011.6,1011.3,1011.8,1013.1,1014.0,41.818702
2020-09-12,41.818702,,,,,,,3019.25,5153.58,30723.67,16190.42,945.71,2178.42,3236.29,25.3,23.7,22.7,23.1,26.1,23.6,24.7,19.8,24.4,20.0,18.0,18.9,17.0,22.0,21.0,18.8,11.8,19.8,28.0,30.0,28.0,30.0,30.0,26.0,31.1,28.2,30.0,12.5,7.0,9.6,3.7,7.6,8.8,8.4,3.0,11.4,1015.3,1017.1,1014.0,1017.6,1014.1,1013.7,1014.5,1015.7,1016.7,37.300082
2020-09-13,37.300082,,,,,,,2676.17,4435.17,26924.79,14207.71,880.96,1943.29,2781.5,25.4,24.1,24.5,24.0,28.4,24.2,26.5,21.0,24.9,22.9,18.0,19.4,18.0,23.0,22.0,19.7,13.8,20.0,27.5,31.0,30.1,31.0,35.0,27.0,34.5,29.5,30.0,15.5,7.5,10.9,3.8,12.1,14.4,8.8,2.8,10.3,1019.8,1022.8,1019.6,1023.5,1019.0,1018.1,1019.5,1021.4,1022.6,54.486418
2020-09-14,54.486418,39.61,50.75,37.26,1.1068,10.707,,3544.58,5528.46,35241.29,19906.88,950.54,2131.75,3179.08,25.6,23.8,25.2,24.1,28.6,24.4,26.7,20.9,25.1,20.3,18.0,19.4,19.0,23.0,22.0,21.0,14.4,21.4,28.6,30.2,33.9,29.5,34.0,28.0,34.0,28.2,30.0,14.4,7.3,9.8,4.5,11.3,9.9,9.9,3.7,13.2,1022.1,1024.8,1021.1,1025.7,1020.7,1019.8,1021.2,1023.6,1025.0,71.317074
2020-09-15,71.317074,40.53,51.0,38.28,1.1381,10.896,,3976.62,5977.5,37414.88,20985.58,1010.62,2250.04,3214.5,25.7,23.6,24.7,23.5,26.9,25.4,26.0,20.8,24.4,23.3,17.6,18.5,18.0,22.0,22.0,19.6,14.2,19.0,28.1,30.0,32.6,30.0,32.2,28.0,32.8,28.3,29.1,11.0,6.9,11.4,3.9,9.6,10.0,8.5,3.6,11.1,1019.9,1021.5,1019.4,1022.3,1018.6,1017.8,1019.1,1020.2,1021.2,59.520121
2020-09-16,59.520121,42.22,51.5,40.16,1.1952,11.318,,4006.12,6015.21,38283.42,21713.5,953.0,2076.04,3519.54,24.8,23.8,24.2,24.0,26.2,25.3,25.3,20.1,24.2,22.5,18.0,18.7,18.0,21.0,22.0,19.8,13.3,19.8,27.5,30.0,30.5,30.0,32.0,27.0,32.4,28.1,28.2,12.1,7.5,11.6,3.6,8.4,8.6,8.6,2.9,8.1,1016.4,1017.1,1016.8,1017.8,1015.2,1014.7,1016.0,1016.1,1016.5,52.562808
2020-09-17,52.562808,43.3,,40.97,1.2213,11.121,,3838.38,5830.96,37612.38,21531.46,933.88,2047.38,3430.33,25.6,24.2,25.0,23.9,26.7,26.5,24.7,20.0,24.6,23.9,19.0,19.9,18.0,23.8,26.0,19.0,12.3,19.0,27.7,30.3,32.1,30.3,31.0,27.5,32.3,29.1,30.0,16.3,7.5,13.5,4.2,8.4,15.7,10.4,4.1,8.6,1012.9,1015.9,1015.5,1016.6,1013.1,1013.6,1013.4,1014.6,1015.6,46.11767
2020-09-18,46.11767,43.15,,41.11,1.235,11.475,,3853.92,5556.25,37102.75,21306.08,970.58,2064.92,3351.0,25.8,23.0,23.8,24.7,26.3,26.4,25.1,19.6,23.0,24.0,18.0,17.8,19.0,20.0,24.5,19.6,11.8,20.0,27.8,28.3,30.2,29.0,33.0,28.0,31.1,28.3,26.0,22.1,7.6,9.5,6.3,9.3,10.2,8.0,4.0,14.8,1014.6,1019.1,1017.2,1019.4,1014.9,1016.3,1015.2,1017.3,1019.2,42.147794
2020-09-19,42.147794,,,,,,,3158.42,5134.12,30922.42,16703.83,945.38,1941.67,3039.0,24.5,21.1,24.0,21.3,25.4,25.2,24.2,19.0,20.1,22.5,16.0,19.0,18.3,21.0,22.6,19.7,16.7,16.0,27.2,26.7,29.1,24.5,30.0,28.0,30.5,22.6,25.0,15.1,7.0,9.2,8.0,7.1,7.4,8.0,3.8,12.2,1017.8,1018.9,1017.4,1019.4,1016.9,1017.1,1017.1,1017.1,1019.3,42.358019
2020-09-20,42.358019,,,40.8,,,,2842.62,4475.08,26978.08,14171.25,873.54,1843.58,2772.0,24.0,20.2,24.4,20.8,24.1,25.4,24.0,18.3,19.7,21.2,17.0,18.9,17.0,20.0,23.0,18.1,15.6,15.0,27.1,24.2,30.3,26.0,27.5,28.0,30.2,22.7,24.0,9.5,5.6,11.8,3.9,6.6,8.9,8.1,3.4,7.9,1016.5,1015.7,1015.5,1015.8,1016.3,1015.9,1015.9,1013.8,1015.8,59.634962
2020-09-21,59.634962,41.44,52.45,39.31,1.186,11.497,,3802.83,5475.38,35063.75,19681.25,947.58,2050.25,3106.46,24.2,21.0,23.9,20.7,23.8,25.8,23.2,17.5,21.0,21.5,17.0,19.3,18.0,21.0,23.0,21.6,14.8,17.0,27.2,27.4,29.1,25.3,27.0,28.0,27.8,22.2,25.0,10.0,7.8,9.4,4.1,6.4,11.0,9.0,3.6,7.9,1016.1,1015.3,1015.7,1016.0,1015.8,1016.0,1015.2,1014.0,1015.5,57.932765
2020-09-22,57.932765,41.72,52.7,39.6,1.1736,11.704,,3754.58,5515.04,35924.46,20489.62,964.08,2099.83,3101.29,23.4,19.6,23.2,19.2,23.0,26.7,22.4,16.4,20.0,18.0,17.0,17.4,16.8,19.0,24.8,18.3,14.6,17.8,30.0,24.6,28.5,22.0,26.2,30.0,27.9,19.5,22.1,13.6,7.3,8.7,7.8,7.4,12.7,10.6,4.1,9.4,1015.7,1014.0,1014.7,1014.4,1015.5,1015.2,1014.9,1012.4,1014.1,51.934611
2020-09-23,51.934611,41.77,52.75,39.93,1.1669,12.019,,3670.33,5542.17,36542.38,20989.38,964.58,2209.08,3166.83,23.7,20.2,23.4,19.7,21.7,26.2,20.1,17.6,19.6,20.9,17.0,17.8,17.0,18.0,23.6,16.0,13.7,17.0,27.7,24.4,29.4,24.0,26.3,28.0,23.5,22.3,23.0,15.2,6.2,9.6,5.2,8.0,14.4,10.0,2.6,7.2,1012.9,1010.3,1013.7,1010.4,1013.5,1013.9,1013.0,1008.1,1009.7,49.290374
2020-09-24,49.290374,41.94,52.8,40.31,1.1941,11.634,,3689.29,5164.38,35798.29,20767.12,972.04,2095.17,3110.29,23.3,21.1,24.3,19.2,22.5,25.9,21.4,16.2,20.2,17.0,18.0,18.0,16.2,17.0,22.0,16.0,12.6,17.0,27.0,26.0,30.6,24.0,27.0,29.0,26.1,21.5,24.0,10.1,9.9,7.6,7.8,7.7,11.5,10.4,3.4,9.0,1013.6,1009.7,1013.4,1009.2,1014.1,1014.5,1013.1,1006.9,1010.0,49.294633
2020-09-25,49.294633,41.92,52.8,40.25,1.2137,11.666,,3549.71,5108.38,34851.29,20224.21,954.54,2089.83,2924.62,23.6,20.1,22.6,16.3,23.4,27.8,21.1,14.8,20.4,19.1,11.8,17.0,13.0,17.3,23.9,16.1,11.5,14.4,29.7,26.6,29.0,19.0,27.0,31.0,25.1,19.4,26.0,15.9,21.8,20.3,15.1,16.3,35.2,21.4,7.4,17.4,1005.9,996.6,1008.3,996.7,1005.6,1009.0,1003.7,995.0,995.8,33.615812
2020-09-26,33.615812,,,,,,,2945.0,4569.92,29074.88,15996.33,901.46,1953.25,2708.92,18.7,16.0,18.7,15.5,17.0,22.0,14.5,12.3,14.7,15.4,11.0,16.0,9.9,13.0,19.0,11.6,3.8,11.0,21.9,22.0,22.0,20.0,20.3,24.0,17.7,18.4,20.0,16.7,16.3,28.2,16.4,18.7,44.5,13.0,13.1,17.4,1001.0,997.0,1008.1,998.1,1001.3,1007.2,999.9,997.0,995.8,34.972204
2020-09-27,34.972204,,,,,,,2561.12,4271.38,25393.21,13502.79,878.92,1752.58,2426.42,20.3,13.0,16.9,13.1,17.1,21.7,13.4,8.0,13.3,16.0,9.7,14.8,6.7,14.8,18.9,11.7,-0.8,11.0,24.5,16.0,21.2,18.0,21.0,25.2,16.0,16.6,16.0,20.9,10.0,15.0,8.4,13.6,38.9,12.7,3.7,18.5,1006.7,1003.7,1005.6,1003.2,1004.6,1007.2,1002.3,1002.6,1004.3,47.730414
2020-09-28,47.730414,42.43,,40.6,1.251,12.352,,3597.17,5134.21,32908.79,18481.42,886.46,1951.5,2858.04,19.0,14.2,17.1,13.7,15.2,21.7,13.5,11.6,13.0,14.0,9.8,13.6,8.0,14.0,20.9,10.0,2.2,11.0,23.1,19.4,21.7,21.0,18.1,22.5,18.2,20.9,16.0,11.9,9.3,11.8,5.4,7.6,32.8,7.5,3.7,10.3,1010.5,1007.1,1013.9,1007.0,1010.8,1014.1,1009.3,1005.2,1006.5,55.11999
2020-09-29,55.11999,41.03,58.65,39.29,1.1886,12.28,,3612.88,5128.71,34251.38,19706.71,956.62,1986.71,2859.75,19.3,16.0,19.9,16.0,16.8,22.5,15.2,12.0,14.3,13.0,11.0,16.5,11.0,12.0,21.0,9.0,4.5,9.0,22.0,22.0,25.5,22.0,22.0,23.6,21.6,20.9,19.0,13.7,7.5,12.0,4.4,6.6,24.4,7.6,3.8,6.6,1016.6,1015.5,1018.1,1015.6,1016.7,1018.1,1016.7,1013.6,1015.7,51.940299
2020-09-30,51.940299,40.95,,40.22,1.2063,13.286,,3406.17,4860.75,33352.17,19459.29,912.04,1932.54,2781.38,19.4,17.3,18.8,16.8,17.1,22.2,16.9,12.8,15.3,11.0,12.0,12.7,11.0,11.4,19.0,11.4,5.6,10.8,21.6,23.0,26.0,23.0,22.0,25.0,23.0,21.6,20.0,10.0,6.8,10.5,4.4,6.4,12.7,6.5,4.3,8.5,1015.7,1014.5,1014.9,1014.6,1015.7,1014.8,1015.4,1012.8,1014.7,45.787455
2020-10-01,45.787455,40.93,58.6,38.72,1.1465,13.181,,3489.75,4954.21,34463.83,20264.5,932.46,2023.62,2799.29,20.0,18.5,18.6,17.7,18.3,23.4,17.3,14.8,17.0,16.1,13.7,13.0,14.6,15.9,21.5,12.6,9.8,15.0,23.3,23.1,25.3,21.0,22.0,26.0,22.7,19.0,19.5,11.5,7.4,10.7,4.0,6.1,13.2,6.8,3.4,8.2,1010.9,1008.3,1011.0,1008.4,1011.1,1009.9,1010.8,1006.0,1008.1,43.621129
2020-10-02,43.621129,39.27,,37.05,1.1235,13.026,,3330.0,4745.0,33133.54,19300.04,900.46,1930.04,2928.0,22.6,19.4,19.3,16.5,18.8,22.5,19.8,13.7,17.3,16.9,15.9,12.0,15.0,13.0,18.8,14.8,12.9,14.6,27.5,23.0,25.0,18.3,24.0,26.3,23.2,14.7,21.0,15.8,14.5,11.1,23.8,4.7,8.3,16.8,8.3,13.6,1008.3,1001.4,1004.1,999.2,1007.9,1006.4,1006.3,995.2,1003.4,31.932807
2020-10-03,31.932807,,,,,,,2862.75,4464.08,28244.17,15558.71,854.88,1887.46,2616.29,26.0,19.7,18.5,17.8,22.5,29.4,20.3,14.9,18.8,24.0,16.0,14.5,14.0,17.6,22.9,14.8,11.2,15.9,28.3,23.0,22.8,21.0,28.4,36.6,24.2,18.0,20.3,36.9,15.6,16.2,18.5,9.0,26.6,20.6,9.4,17.5,1005.9,998.7,1004.4,996.6,1004.8,1003.8,1003.2,991.7,999.7,20.031052
2020-10-04,20.031052,,,,,,,2455.58,3991.71,23889.42,12550.0,920.46,1721.46,2250.21,23.6,18.3,18.8,15.1,19.8,22.3,18.0,11.0,16.7,16.0,15.0,12.4,12.0,15.8,20.0,13.6,4.6,14.0,26.4,23.0,24.3,21.0,23.0,23.1,21.9,16.0,21.3,13.3,14.7,9.6,9.2,9.4,12.5,17.6,4.8,14.7,1010.5,1004.8,1010.9,1003.1,1012.1,1012.2,1010.6,1000.6,1005.1,36.420402
2020-10-05,36.420402,41.29,58.1,39.22,1.1941,13.419,,3129.71,4700.83,31661.71,18370.25,972.12,1870.54,2618.25,22.2,16.9,19.0,14.2,19.6,22.3,18.6,10.2,16.2,19.5,13.0,15.4,11.0,15.9,20.0,15.9,7.8,13.0,24.3,22.0,23.6,18.2,23.0,24.0,21.2,13.6,20.0,7.1,8.9,7.2,6.4,7.2,7.8,12.0,2.5,10.4,1012.2,1008.0,1013.3,1008.2,1013.1,1013.2,1012.3,1006.7,1008.1,40.988561
2020-10-06,40.988561,42.65,58.1,40.67,1.2351,13.307,,3426.04,4667.21,32552.38,19076.71,859.54,1870.38,2652.5,21.8,16.0,17.6,14.3,18.7,22.0,17.3,10.6,14.9,20.6,11.0,11.0,10.0,14.5,20.6,12.6,4.4,9.9,23.7,21.1,24.4,18.2,22.3,23.0,22.6,17.4,19.0,12.5,6.3,11.5,3.7,7.4,14.2,6.9,3.5,7.2,1016.3,1013.5,1019.8,1013.7,1017.1,1018.0,1017.0,1012.0,1013.2,40.210797
2020-10-07,40.210797,41.99,,39.95,1.2009,13.709,,3541.75,4689.08,33380.21,19575.46,854.38,1930.46,2789.08,18.2,17.0,19.7,16.8,18.0,20.8,18.2,12.0,15.8,16.0,13.0,14.9,11.0,13.8,17.0,14.7,5.4,12.7,20.8,21.0,24.2,23.3,22.0,23.0,22.2,20.8,18.2,9.4,11.2,15.6,8.5,11.9,14.8,12.2,5.2,9.8,1014.1,1011.5,1018.5,1011.9,1014.6,1017.6,1013.6,1010.6,1011.3,38.346393
2020-10-08,38.346393,43.34,58.0,41.19,1.2316,13.9,,3567.33,4882.0,34021.54,19667.17,856.96,1948.21,3099.88,18.7,15.9,18.6,14.3,18.1,21.7,16.8,11.4,14.8,16.0,10.7,13.8,8.0,12.6,19.3,10.1,3.6,10.0,20.9,22.0,24.0,22.4,23.0,23.0,23.4,21.0,19.0,30.5,8.9,11.9,3.4,10.5,20.7,9.8,3.4,7.2,1018.6,1021.1,1021.5,1021.4,1019.2,1018.9,1019.7,1019.9,1021.1,47.475792
2020-10-09,47.475792,42.85,57.4,40.6,1.2032,13.753,,3663.38,5048.08,34006.92,19678.54,846.04,1929.21,2841.67,18.7,16.1,16.8,14.4,17.3,20.8,16.2,10.8,14.9,15.8,11.4,10.6,9.3,11.0,19.0,9.7,5.5,10.7,20.7,21.0,23.3,20.0,24.0,23.0,23.3,17.1,19.0,20.2,6.8,8.3,2.7,6.4,16.5,6.3,2.8,8.2,1021.7,1022.1,1022.7,1022.5,1021.9,1021.6,1022.0,1020.8,1022.1,39.296092
2020-10-10,39.296092,,,,,,,3012.08,4435.33,28280.88,15563.92,872.96,1819.08,2577.5,18.3,16.8,17.8,15.4,16.7,19.2,17.1,11.2,15.1,14.2,12.8,11.5,9.4,11.0,15.0,10.4,3.9,12.0,22.6,22.0,26.2,21.0,22.0,22.5,22.3,17.5,19.0,9.5,8.5,10.3,3.6,6.1,11.8,5.8,2.9,5.8,1019.6,1017.5,1020.2,1017.6,1019.8,1019.7,1019.5,1016.1,1017.6,34.805815
2020-10-11,34.805815,,,,,,,2484.67,3915.29,24694.96,13333.79,806.33,1709.42,2445.46,19.4,12.7,16.6,12.7,17.1,19.6,16.5,11.1,11.4,15.7,9.6,13.7,10.3,14.5,16.0,14.5,6.2,9.0,25.6,16.0,21.1,15.0,21.4,24.0,18.0,16.6,16.0,11.0,8.6,16.3,7.4,7.2,15.6,9.2,4.8,24.7,1013.7,1011.6,1015.3,1012.4,1013.5,1014.5,1012.9,1010.3,1011.9,48.671832
2020-10-12,48.671832,41.72,56.85,39.43,1.1757,13.838,,3408.12,4835.33,32301.88,18736.04,851.62,1829.0,2641.75,17.2,11.1,14.7,11.5,14.8,18.5,13.4,7.6,12.3,14.9,9.0,12.4,5.8,13.8,16.8,11.3,0.1,9.0,20.4,15.0,18.6,18.0,16.7,20.0,18.3,16.7,17.2,8.7,10.8,18.5,5.1,5.6,26.5,8.0,4.2,9.6,1007.6,1011.7,1010.8,1012.2,1007.0,1008.9,1006.6,1011.1,1010.9,47.462077
2020-10-13,47.462077,42.45,54.7,40.2,1.1827,13.596,,3535.38,4908.79,33844.42,20004.96,892.12,1839.25,2663.92,15.1,11.1,15.9,10.1,13.6,19.0,13.1,6.4,11.2,13.3,7.0,11.1,4.8,9.0,17.0,8.3,-0.8,6.3,18.3,17.0,21.5,17.8,17.0,20.0,18.2,16.0,16.0,17.7,10.3,13.6,3.8,7.1,30.0,9.3,3.6,9.6,1008.8,1009.2,1012.8,1009.2,1008.9,1011.5,1008.9,1008.0,1008.6,52.81708
2020-10-14,52.81708,43.32,,41.04,1.1971,13.872,,3630.33,5035.17,34107.54,19814.25,959.54,1838.21,2830.04,17.1,11.6,18.4,11.3,16.2,21.2,16.7,7.5,10.5,12.3,7.8,12.7,7.0,10.0,18.0,12.6,2.2,5.0,22.1,15.0,23.1,16.3,21.0,24.0,19.7,13.6,14.2,16.8,7.7,11.0,4.5,7.5,33.8,17.2,3.6,8.2,1013.2,1008.4,1009.4,1008.5,1011.6,1012.0,1009.5,1006.9,1008.9,45.329742
2020-10-15,45.329742,43.16,55.7,40.96,1.18,14.239,,3688.38,5064.08,34698.5,20479.46,901.21,1831.25,2734.12,20.0,11.2,15.8,11.1,19.0,21.2,16.2,8.0,10.3,17.5,10.0,13.0,10.0,14.3,19.6,13.1,5.9,9.5,23.4,12.4,20.0,13.0,21.2,23.2,19.0,9.2,11.0,19.5,19.0,16.7,5.8,17.5,26.2,17.8,3.3,31.0,1009.9,1005.1,1010.4,1006.8,1008.7,1010.8,1006.7,1005.3,1005.7,49.112013
2020-10-16,49.112013,42.93,,40.88,1.1688,14.499,,3650.58,5018.96,34161.46,19963.33,810.42,1831.29,2886.88,16.9,11.6,14.2,12.1,13.6,18.4,13.3,9.1,11.8,13.2,9.6,9.0,9.0,10.1,16.0,10.9,6.0,9.0,20.7,15.3,20.0,16.0,19.0,20.1,17.4,14.1,16.0,9.8,9.8,10.4,3.8,7.1,14.3,10.5,3.2,12.6,1013.2,1012.0,1015.2,1012.1,1013.4,1014.7,1012.4,1010.4,1011.0,45.757197
2020-10-17,45.757197,,,,,,,2941.67,4487.38,28325.58,15614.92,838.75,1819.92,2622.96,16.4,12.0,15.3,10.4,13.0,18.4,13.7,7.4,11.3,12.7,8.0,9.7,5.0,9.0,15.8,9.7,0.1,7.8,19.6,18.0,21.0,17.1,18.0,20.0,18.5,15.5,14.3,8.9,9.8,9.5,3.0,5.5,18.1,6.0,3.8,4.9,1015.7,1014.7,1017.1,1014.5,1015.3,1016.6,1014.6,1012.9,1014.7,43.713819
2020-10-18,43.713819,,,,,,,2533.71,4040.62,24259.54,12807.29,838.96,1577.75,2461.21,16.7,12.2,14.9,11.2,14.3,18.1,13.1,7.6,11.6,13.0,7.5,9.4,6.9,8.4,15.0,7.6,1.7,7.4,19.8,18.0,22.3,17.4,19.3,20.1,19.2,14.5,17.0,10.8,6.9,10.6,3.0,5.9,9.1,6.5,3.1,7.4,1019.6,1019.9,1019.8,1019.9,1018.9,1019.2,1018.8,1018.3,1019.8,51.668659
2020-10-19,51.668659,42.62,57.3,40.83,1.1623,14.718,,3451.25,4932.38,32134.71,18451.42,897.88,1739.46,2662.33,16.7,12.4,14.6,10.8,15.2,18.1,13.9,9.9,11.4,10.6,8.6,7.8,5.0,11.0,16.0,8.0,9.0,7.3,19.0,17.0,20.0,17.4,21.0,21.0,20.2,14.3,16.0,13.4,6.8,10.1,3.1,5.7,7.5,6.6,2.2,6.6,1023.6,1023.7,1023.2,1023.7,1022.7,1022.5,1022.9,1022.0,1023.6,50.0143
2020-10-20,50.0143,43.16,57.8,41.46,1.1879,14.895,,3438.17,4882.12,34267.62,20362.67,907.92,1849.17,2827.58,16.1,12.9,16.7,11.1,14.9,17.4,13.8,10.0,11.0,8.0,8.5,9.6,6.0,9.8,13.2,8.0,8.8,6.7,19.0,18.0,22.0,15.3,22.0,21.0,20.4,11.4,16.0,11.6,7.2,14.7,3.2,5.8,9.2,5.6,2.9,6.5,1025.5,1024.4,1022.9,1024.7,1024.6,1023.8,1024.6,1022.9,1024.5,46.971133
2020-10-21,46.971133,41.73,,40.03,1.1403,14.867,,3672.79,4895.0,33753.92,19813.46,908.96,1777.38,2686.33,16.2,13.0,20.8,13.0,14.8,18.5,14.6,10.8,11.3,12.2,8.1,17.2,9.0,9.0,14.0,8.0,8.5,8.6,20.1,19.1,23.8,16.2,21.0,23.3,21.0,13.2,13.0,11.1,7.0,24.3,3.4,6.1,9.1,8.0,2.6,5.6,1025.6,1023.8,1020.5,1023.8,1024.6,1023.2,1024.3,1022.3,1023.8,51.338772
2020-10-22,51.338772,42.46,58.0,40.64,1.1581,15.257,,,,,,,,,16.2,13.5,21.4,13.4,15.2,19.9,15.3,11.0,11.7,12.0,9.0,19.6,11.5,9.9,16.3,8.7,8.9,10.3,20.8,19.0,23.5,15.0,22.0,24.0,22.1,13.4,13.0,8.8,7.3,21.7,5.8,5.2,9.7,6.7,1.5,3.8,1025.2,1023.7,1020.6,1023.8,1024.9,1023.5,1024.6,1022.1,1023.7,47.932055
2020-10-23,47.932055,41.77,58.0,39.85,1.1389,15.41,,,,,,,,,15.9,13.0,21.7,13.6,16.1,19.2,17.2,11.1,12.1,11.9,11.0,20.0,13.0,10.7,15.0,12.9,10.1,9.8,20.0,15.1,24.0,14.0,21.0,22.3,21.1,11.9,14.1,9.3,5.7,15.9,5.2,5.0,8.8,8.4,2.0,4.9,1023.0,1020.0,1019.8,1020.3,1022.8,1022.1,1022.3,1018.5,1020.7,45.50258
2020-10-24,45.50258,,,,,,,,,,,,,,17.0,14.4,19.8,13.7,16.7,21.2,17.4,12.2,14.5,13.9,13.0,16.0,9.7,14.6,20.0,15.6,7.1,13.0,21.7,16.5,24.2,16.0,19.0,22.0,20.1,18.2,16.7,10.2,7.1,13.3,4.1,5.4,19.0,11.2,3.2,9.8,1018.6,1016.3,1021.0,1016.6,1019.3,1020.4,1018.4,1014.6,1015.8,33.159468
2020-10-25,33.159468,,,,,,,,,,,,,,17.4,15.0,16.5,13.0,16.1,20.1,14.6,10.0,14.6,11.0,11.1,10.6,8.0,11.0,17.0,11.0,4.8,11.0,20.0,19.0,22.6,17.0,20.0,21.0,19.0,13.9,18.0,11.3,7.4,7.4,3.1,7.2,17.8,5.8,2.5,10.6,1016.4,1014.9,1018.7,1014.8,1016.8,1018.9,1017.0,1013.2,1014.1,41.514875
2020-10-26,41.514875,40.46,58.0,38.56,1.1116,14.866,,,,,,,,,18.1,17.9,16.6,14.1,16.5,20.1,17.1,11.1,16.1,13.9,14.8,10.4,13.5,11.0,16.0,13.0,9.9,11.3,22.9,21.0,24.3,15.0,20.0,24.0,20.1,12.8,19.0,13.4,18.6,12.5,12.0,7.6,21.0,19.3,3.2,14.5,1015.0,1007.1,1012.7,1005.7,1014.9,1015.0,1012.7,1003.6,1008.1,48.374835
2020-10-27,48.374835,41.2,58.15,39.57,1.1434,14.743,,,,,,,,,17.6,13.1,14.9,11.6,16.1,18.1,15.3,9.5,14.7,13.9,9.0,11.3,9.0,12.0,14.0,12.9,3.8,11.0,23.6,16.0,19.6,16.1,19.0,21.3,19.0,16.9,17.5,14.0,9.4,12.2,6.5,6.7,19.5,9.9,6.1,7.5,1012.2,1009.0,1014.9,1009.1,1011.7,1013.5,1010.8,1007.6,1008.5,50.047529
2020-10-28,50.047529,39.12,58.2,37.39,1.0814,14.487,,,,,,,,,16.7,11.5,15.3,11.6,14.6,18.1,12.9,8.2,12.5,13.0,7.7,10.6,6.2,11.0,14.0,9.0,6.0,8.3,18.0,18.0,20.1,18.0,19.3,19.5,19.0,17.0,16.2,20.6,9.1,13.8,3.4,6.6,22.9,9.6,3.0,5.9,1014.4,1017.3,1019.5,1017.3,1015.4,1016.9,1016.4,1015.6,1016.5,46.161484
2020-10-29,46.161484,37.65,58.2,36.17,1.0515,14.216,,,,,,,,,15.1,12.7,16.8,11.4,14.3,19.3,13.1,10.7,11.5,11.8,9.0,13.0,6.7,8.0,18.5,6.4,6.8,8.0,19.0,17.6,23.3,17.0,20.0,20.1,19.8,16.0,16.0,11.6,7.2,15.9,3.6,6.1,10.8,6.7,3.7,4.4,1018.3,1019.0,1023.0,1019.1,1019.8,1021.9,1019.9,1019.0,1018.6,46.201962
2020-10-30,46.201962,37.46,58.2,35.79,1.0495,14.061,,,,,,,,,16.6,12.9,17.2,11.7,15.8,19.0,13.9,8.6,11.2,11.0,9.0,14.0,6.8,11.0,17.0,9.1,6.0,7.0,19.0,17.9,23.5,18.0,21.1,20.2,19.3,19.0,15.0,14.6,5.3,12.7,3.3,4.4,11.0,6.4,3.9,3.6,1023.2,1023.2,1024.5,1023.1,1022.8,1023.2,1023.2,1021.6,1023.0,40.399481
2020-10-31,40.399481,,,,,,,,,,,,,,16.5,12.7,16.1,10.6,15.1,18.2,14.1,7.3,10.5,13.5,8.0,10.6,7.0,9.9,15.1,9.0,1.7,6.5,20.6,18.0,23.6,16.0,21.0,20.1,20.0,15.8,14.0,8.7,5.7,9.1,3.2,4.4,9.1,5.5,3.5,5.9,1023.6,1023.2,1024.5,1023.4,1023.8,1023.9,1024.0,1022.0,1023.2,37.747353
2020-11-01,37.747353,,,,,,,2588.04,4039.29,24024.83,12716.25,870.29,1537.79,2273.17,16.2,12.8,15.4,10.7,17.0,17.8,15.0,6.9,9.5,12.9,10.0,11.0,9.0,14.0,15.0,12.9,2.5,6.5,19.7,18.0,22.0,13.0,19.0,21.0,19.0,12.8,12.0,9.1,5.0,8.7,4.2,3.6,13.7,5.9,2.0,5.5,1022.7,1022.0,1023.8,1022.2,1023.4,1023.1,1023.4,1020.9,1022.0,44.174169
2020-11-02,44.174169,38.97,,36.81,1.052,13.656,,3458.0,4760.25,32052.58,18681.25,943.58,1762.29,2447.21,16.2,11.0,14.8,11.7,15.6,17.8,15.2,8.7,11.8,10.8,7.0,9.0,10.0,12.1,14.6,13.0,3.1,9.9,19.0,13.4,22.7,15.0,20.0,21.0,18.6,15.0,14.0,8.7,4.9,8.6,5.0,4.9,15.8,4.3,2.7,5.4,1024.2,1023.3,1024.3,1023.2,1024.0,1023.6,1024.0,1021.4,1023.3,45.429818
2020-11-03,45.429818,39.71,60.55,37.66,1.0769,13.665,,3741.92,5144.17,34008.83,19575.38,942.5,1792.58,2812.29,16.0,14.1,16.1,13.5,14.4,17.1,13.8,11.2,12.9,12.9,12.8,10.9,11.8,10.0,14.0,8.6,8.2,10.3,19.3,16.0,21.3,16.0,20.0,20.6,19.0,13.8,15.0,9.7,2.8,7.2,3.5,4.9,11.8,5.4,2.0,4.2,1023.8,1023.4,1023.9,1023.4,1023.6,1023.2,1023.4,1021.5,1023.5,44.52372
2020-11-04,44.52372,41.23,,39.15,1.1081,13.883,,3562.29,5096.71,34427.88,20405.46,939.5,1779.88,2644.04,16.4,14.8,16.7,14.8,15.2,16.6,15.3,11.6,13.5,13.5,13.7,11.4,13.8,10.6,13.0,9.9,9.7,11.0,20.3,16.0,20.7,16.1,20.1,20.4,19.4,15.4,15.0,8.5,3.3,9.0,3.8,4.8,6.8,3.7,2.2,6.2,1022.6,1023.0,1022.0,1023.4,1022.2,1021.5,1022.1,1021.5,1022.7,43.617701
2020-11-05,43.617701,40.93,61.45,38.79,1.1159,14.456,,3639.96,4929.5,34484.96,20397.62,893.67,1812.46,2811.75,16.9,15.1,16.3,12.9,16.9,17.9,15.7,10.2,14.0,11.0,12.0,10.1,10.0,13.7,14.0,13.2,9.0,11.1,19.0,18.0,22.0,18.0,21.0,21.1,19.0,17.3,18.1,14.1,7.9,8.3,3.0,7.9,11.2,5.2,2.5,13.2,1026.1,1028.8,1025.5,1029.3,1025.5,1024.4,1025.6,1027.4,1028.8,42.713404
2020-11-06,42.713404,39.45,61.65,37.14,1.0844,13.902,,3562.96,4983.96,34500.33,20322.92,912.54,1838.92,2879.04,17.0,12.3,16.0,13.6,16.6,17.8,15.3,10.6,12.5,15.1,8.2,9.9,10.0,13.0,14.8,11.0,4.2,8.6,19.1,17.0,21.3,18.0,21.0,20.1,21.2,16.6,18.0,14.5,8.0,10.6,2.7,11.1,12.4,6.2,2.3,9.5,1027.9,1031.4,1027.0,1031.4,1027.1,1025.6,1027.5,1029.8,1030.9,39.804799
2020-11-07,39.804799,,,,,,,2864.71,4454.75,28276.96,15652.0,914.33,1770.29,2620.88,16.3,12.0,18.0,9.9,15.5,17.4,14.0,7.4,11.6,11.0,7.9,13.5,7.0,10.4,14.5,10.0,1.6,7.0,19.0,18.0,21.6,15.9,21.0,21.0,20.1,15.6,18.0,15.9,8.8,9.4,2.6,6.6,6.8,5.9,2.6,6.2,1028.9,1029.3,1026.7,1029.8,1027.6,1026.7,1028.0,1028.4,1028.8,41.834432
2020-11-08,41.834432,,,,,,,2422.08,4020.33,23597.96,12411.62,895.88,1657.79,2190.25,16.0,11.8,18.4,11.4,14.0,16.9,13.2,9.0,10.1,13.4,8.0,13.0,6.4,9.5,13.7,7.8,4.6,5.7,18.3,17.3,22.2,18.0,20.0,20.0,19.5,17.1,16.0,14.5,7.6,8.9,3.0,5.4,8.2,5.5,2.9,6.0,1026.1,1026.0,1025.1,1026.0,1025.6,1025.5,1025.7,1024.6,1025.7,45.771227
2020-11-09,45.771227,42.4,,40.29,1.1607,13.854,,3344.46,4775.71,32074.38,18442.17,976.67,1808.04,2727.33,15.9,12.8,18.8,11.3,14.2,17.9,13.4,7.7,10.7,12.2,9.0,16.9,6.0,8.0,16.0,7.7,0.8,6.0,20.8,19.0,21.5,18.0,21.5,20.0,20.2,17.2,16.0,13.7,5.4,11.8,3.1,4.5,16.8,4.7,2.8,5.0,1023.5,1023.9,1023.0,1024.0,1023.0,1022.8,1023.2,1022.5,1023.7,50.51879
2020-11-10,50.51879,43.61,62.3,41.36,1.1941,14.035,,3655.96,5064.96,34280.33,19969.25,968.46,1871.54,2750.17,16.3,11.7,18.8,9.9,14.9,16.6,13.4,7.1,10.3,13.0,8.6,17.0,6.0,9.5,11.9,8.0,1.4,6.0,19.7,17.0,21.6,15.4,22.0,21.0,20.5,16.1,17.0,13.4,6.4,12.0,3.1,5.2,11.3,5.2,3.0,7.0,1023.8,1024.5,1022.7,1024.6,1022.8,1022.7,1023.1,1023.2,1024.3,47.973355
2020-11-11,47.973355,43.8,62.3,41.45,1.1759,14.096,,3619.67,5161.29,35218.38,20703.54,968.5,1846.38,2919.0,15.9,9.5,17.3,8.8,14.2,16.3,13.4,6.4,9.2,13.5,6.0,14.0,6.0,8.2,12.7,8.8,-0.2,5.5,19.2,12.2,23.0,11.0,21.0,20.0,19.0,14.2,14.0,10.2,4.1,9.3,3.8,4.9,9.4,5.1,3.2,12.8,1025.0,1025.1,1023.5,1025.1,1023.9,1023.5,1023.8,1023.4,1025.2,57.862655
2020-11-12,57.862655,43.53,62.3,41.12,1.1571,14.001,,3467.33,4940.58,33678.46,19837.25,932.62,1849.79,2650.88,15.3,12.2,16.1,10.9,14.7,17.2,14.3,9.1,9.2,8.6,10.7,10.0,8.0,11.0,13.0,8.8,7.8,7.0,18.0,15.0,21.7,14.0,19.0,21.0,20.3,10.9,12.0,9.9,3.5,7.4,3.2,4.4,7.4,5.6,3.1,7.4,1025.3,1024.7,1024.1,1024.8,1024.8,1024.6,1024.3,1022.9,1024.8,51.208703
2020-11-13,51.208703,42.78,62.25,40.13,1.1254,14.239,,3521.92,4992.46,34544.79,20428.67,966.08,1851.12,2784.54,15.7,12.2,16.9,11.1,15.4,18.3,14.7,8.1,8.5,12.6,11.0,13.0,8.0,12.3,15.0,9.5,7.0,3.8,19.6,13.0,22.3,13.0,19.1,21.1,20.3,13.0,13.1,8.4,3.3,9.4,3.5,3.6,9.1,6.8,2.5,4.6,1025.8,1025.3,1022.6,1025.4,1024.9,1024.1,1024.3,1023.7,1025.5,48.405192
2020-11-14,48.405192,,,,,,,2954.21,4546.17,28600.08,15873.62,930.38,1755.38,2540.33,15.6,11.8,16.0,11.3,16.0,20.0,15.3,5.3,10.2,12.3,11.0,9.9,9.0,11.0,16.0,13.0,-0.4,7.0,19.1,13.0,22.6,13.0,20.0,24.0,18.0,13.3,14.0,9.8,2.5,8.6,3.3,5.8,12.5,7.6,2.6,5.4,1025.8,1025.5,1021.9,1025.6,1024.6,1023.8,1023.4,1024.2,1025.5,45.142127
2020-11-15,45.142127,,,,,,,2596.83,4187.83,25286.46,13424.21,891.0,1741.92,2444.67,16.6,12.4,16.0,11.7,15.8,20.4,15.3,4.9,10.1,14.2,11.0,10.8,10.9,12.0,19.0,10.3,-0.7,6.0,20.9,14.0,20.4,13.0,20.0,23.0,20.1,9.4,13.4,5.1,2.7,5.9,2.9,3.6,11.9,6.9,2.6,4.3,1023.4,1022.8,1020.7,1022.8,1022.7,1021.9,1021.7,1021.6,1022.7,51.816112
2020-11-16,51.816112,43.82,62.3,41.34,1.1468,14.494,,3468.04,5000.33,33309.79,19376.79,914.5,1800.54,2749.58,17.4,11.6,17.5,10.4,15.0,20.2,16.9,6.8,10.6,9.0,10.0,13.6,6.0,11.8,18.0,13.7,5.9,9.0,22.0,12.2,22.0,13.0,18.0,22.1,18.0,15.0,13.0,10.4,6.0,10.0,4.9,4.5,19.6,15.0,3.6,8.8,1019.4,1018.0,1018.7,1018.2,1018.4,1019.1,1016.9,1016.8,1017.8,46.484418
2020-11-17,46.484418,43.75,,41.43,1.1532,13.968,,3533.25,5050.08,34610.54,20452.38,988.71,1862.92,2723.21,16.3,11.0,15.7,6.5,15.4,18.4,13.8,4.7,10.2,14.9,7.4,11.0,4.0,13.9,15.0,10.9,-1.8,6.0,17.7,15.5,21.1,12.0,17.0,20.1,18.6,13.5,16.3,13.1,8.1,13.4,3.5,13.4,17.8,14.3,3.3,9.7,1019.7,1026.7,1020.7,1027.3,1017.7,1016.6,1018.4,1025.8,1026.6,48.092958
2020-11-18,48.092958,44.34,,41.82,1.1629,13.682,,3537.88,4917.04,34898.62,20912.46,961.04,1886.12,2684.08,16.6,8.2,13.9,6.4,16.4,17.6,13.7,4.1,9.6,12.0,4.0,7.5,5.0,12.0,14.8,9.4,4.0,4.8,18.0,14.0,21.7,8.0,20.6,20.2,20.3,15.0,16.0,18.3,6.4,9.4,5.0,14.0,12.1,8.3,3.3,7.8,1026.9,1029.6,1025.8,1030.1,1024.9,1022.3,1025.5,1028.6,1028.8,47.287668
2020-11-19,47.287668,44.2,62.65,41.74,1.1625,13.022,,3529.38,5149.62,35008.08,20841.83,973.5,1850.0,2663.75,15.2,6.4,14.6,5.8,14.0,17.4,12.6,3.7,6.8,10.0,1.9,8.0,4.0,9.0,14.1,7.6,-2.8,2.0,17.0,13.0,22.0,8.0,19.2,20.0,18.0,13.9,11.1,10.7,5.8,13.2,4.0,5.7,6.9,6.2,2.9,5.3,1023.9,1023.1,1025.2,1023.1,1022.8,1023.2,1022.7,1021.7,1022.8,49.855628
2020-11-20,49.855628,44.96,,42.15,1.1752,12.894,,3537.62,5203.25,34904.33,20644.67,944.33,1793.08,2781.38,14.9,8.0,14.8,8.1,12.8,17.2,13.7,3.0,9.9,11.7,4.8,12.0,3.4,10.0,14.0,11.4,-3.4,6.9,17.0,12.0,18.0,13.0,14.0,19.0,16.2,14.7,14.0,19.5,9.6,31.4,4.3,9.3,26.7,15.6,4.1,13.4,1015.4,1022.2,1015.8,1023.1,1013.2,1014.0,1011.9,1021.7,1022.9,41.011456
2020-11-21,41.011456,,,,,,,2909.12,4526.62,29393.79,16407.46,958.25,1786.12,2806.21,13.8,6.0,13.1,5.8,11.0,15.5,11.7,1.7,6.7,12.7,0.8,9.7,1.6,9.0,13.0,7.8,-4.5,3.0,15.8,11.0,17.5,10.8,12.6,18.5,16.0,9.4,11.0,44.9,11.7,22.5,4.2,31.1,19.6,18.8,2.9,16.8,1021.9,1032.0,1018.6,1032.8,1018.6,1012.8,1019.1,1031.5,1032.7,40.816317
2020-11-22,40.816317,,,,,,,2609.83,4141.62,25792.83,14026.17,925.54,1675.42,2414.25,13.2,3.4,11.1,3.5,10.1,15.7,8.8,-0.2,4.1,11.7,-1.6,6.5,1.0,7.0,13.6,3.8,-6.1,0.0,14.8,10.0,17.1,9.9,14.0,17.4,14.1,8.8,9.0,21.8,6.5,13.2,3.9,17.2,20.2,11.9,3.8,8.3,1028.0,1031.7,1023.9,1032.8,1024.5,1019.3,1025.1,1030.9,1031.5,54.331655
2020-11-23,54.331655,46.06,63.4,43.06,1.204,13.537,,3543.25,5125.21,34453.29,20137.17,1037.46,1882.08,2728.12,13.9,4.2,12.4,4.4,12.4,16.7,8.9,0.6,4.2,8.8,0.8,6.6,-1.0,7.9,12.8,3.8,-6.1,-0.4,15.2,10.0,20.0,10.0,18.0,19.0,16.0,9.3,9.0,9.8,8.6,9.5,3.4,7.4,12.0,8.4,2.6,5.3,1027.6,1028.4,1025.4,1028.0,1025.0,1022.1,1025.5,1026.7,1028.4,55.512962
2020-11-24,55.512962,47.86,63.5,44.91,1.2582,13.902,,3754.29,5303.54,36116.96,21190.79,1059.58,1934.71,2874.04,14.5,5.1,11.8,5.2,12.6,16.8,9.2,2.1,7.0,12.6,1.5,5.0,0.0,9.0,15.0,4.8,-4.0,3.0,15.8,10.0,18.1,12.0,18.0,18.0,14.5,12.1,12.0,17.6,9.1,9.3,3.0,8.9,14.7,6.9,2.9,9.4,1024.2,1027.6,1024.2,1027.6,1022.5,1021.9,1022.9,1026.6,1027.1,55.328839
2020-11-25,55.328839,48.61,63.75,45.71,1.2875,13.932,,3717.88,5296.79,36042.46,21186.58,1020.62,1956.54,2864.04,13.8,5.4,11.1,3.8,11.6,15.6,10.1,0.4,4.8,11.6,2.0,4.0,-0.8,8.0,11.9,6.0,-5.6,0.0,16.8,11.0,18.2,11.0,17.5,18.1,16.0,11.1,11.0,11.7,7.2,8.2,2.2,6.4,11.2,4.4,3.5,5.0,1023.8,1024.4,1021.3,1024.3,1022.0,1021.2,1022.2,1023.2,1024.3,57.908679
2020-11-26,57.908679,47.8,63.85,45.71,1.2663,13.914,,3778.79,5231.67,36209.83,21325.58,1065.79,2024.29,2783.71,13.3,4.2,15.9,3.0,11.7,15.4,9.8,0.2,4.2,10.5,1.0,9.9,-2.0,7.0,13.0,3.9,-5.6,0.0,17.2,9.0,19.6,10.0,19.0,19.0,16.1,10.7,10.0,9.8,5.3,15.0,2.7,5.1,7.7,5.7,3.1,5.2,1024.4,1024.8,1019.8,1024.5,1022.6,1021.2,1022.6,1023.4,1024.6,68.730983
2020-11-27,68.730983,48.18,63.9,45.53,1.282,14.485,,3651.75,5091.54,35655.29,21117.54,1031.29,1954.71,2808.46,12.7,3.4,18.0,2.9,11.3,15.8,11.8,0.6,3.9,5.0,-1.0,14.2,-2.0,6.2,13.0,6.7,-5.5,-0.1,16.0,9.0,19.1,7.0,18.5,19.1,18.1,9.4,9.0,8.9,4.2,25.9,3.1,4.1,5.8,6.6,3.4,5.3,1023.0,1022.8,1015.5,1022.7,1021.0,1019.0,1020.2,1021.5,1022.8,54.292461
2020-11-28,54.292461,,,,,,,2986.33,4796.29,30195.75,16903.54,1035.67,1856.62,2617.29,12.8,5.6,15.7,5.6,13.1,17.9,13.9,2.8,5.8,5.0,1.0,11.8,1.0,8.6,14.0,9.8,-0.3,3.0,15.0,7.0,18.4,9.0,18.2,22.0,17.5,6.8,8.4,13.3,4.5,32.1,2.6,7.5,14.1,10.5,2.6,6.6,1018.4,1019.2,1004.6,1019.2,1014.9,1009.9,1013.6,1017.7,1019.0,46.889277
2020-11-29,46.889277,,,,,,,2618.12,4323.96,26683.5,14559.5,995.29,1744.08,2442.54,14.3,6.4,13.6,6.8,12.8,15.7,11.8,3.0,6.6,12.9,3.0,10.0,2.0,11.9,13.0,9.7,-1.3,2.0,15.4,8.0,19.4,10.0,14.1,18.0,14.0,12.0,11.0,27.6,6.8,9.8,3.6,10.2,13.0,9.9,3.3,13.4,1011.8,1017.7,1008.4,1017.7,1009.8,1007.5,1010.1,1016.7,1017.6,57.34265
2020-11-30,57.34265,47.59,,45.34,1.2489,15.138,,3472.42,4922.42,34715.71,20412.42,1052.25,1964.42,2891.79,13.6,4.2,12.3,4.4,12.7,15.9,10.6,1.6,3.9,7.0,0.0,7.0,0.2,8.0,13.0,6.0,0.4,0.0,14.2,9.0,19.0,7.0,16.3,18.3,17.6,7.0,9.0,30.3,3.4,11.7,5.4,12.5,11.1,6.7,3.5,12.3,1018.6,1022.8,1019.8,1023.4,1017.9,1017.2,1017.7,1021.2,1023.0,58.873105
2020-12-01,58.873105,47.42,70.05,44.55,1.2204,14.912,,3781.96,5292.75,36916.33,21858.25,1066.42,2042.08,2874.88,11.0,4.1,12.9,5.5,10.9,15.8,9.9,3.2,3.0,8.2,1.8,7.3,3.0,8.0,13.0,5.0,1.8,-1.0,15.3,6.1,18.3,7.0,15.0,18.0,14.7,4.1,7.0,10.6,5.0,12.2,5.6,6.4,16.5,10.8,3.1,13.3,1017.6,1016.5,1016.8,1018.0,1015.3,1016.7,1014.0,1015.0,1017.4,72.642385
2020-12-02,72.642385,48.25,71.4,45.28,1.2399,14.905,,3726.71,5616.33,37074.79,22148.62,1029.42,1956.54,2597.17,14.7,1.7,10.1,1.8,13.1,16.8,10.2,1.3,2.8,9.0,0.5,8.7,0.7,10.0,14.0,7.0,-0.1,1.0,17.0,5.0,13.0,4.0,17.0,19.0,14.0,3.5,4.0,15.6,14.8,9.1,5.0,9.1,24.6,11.2,5.9,30.7,1011.8,1010.8,1009.0,1011.7,1008.8,1009.2,1007.4,1010.2,1011.7,65.010542
2020-12-03,65.010542,48.71,73.55,45.64,1.2617,14.143,,3801.04,5572.33,37535.46,22423.88,1039.38,1931.88,2766.96,15.6,2.4,9.8,1.8,10.4,13.5,8.4,-0.7,4.2,11.9,0.0,6.0,1.0,6.0,11.7,5.7,-3.2,2.9,18.2,5.0,13.7,3.0,13.0,16.0,14.1,0.4,5.4,13.4,6.4,11.6,5.2,5.6,15.6,4.3,3.3,10.0,1006.4,1007.7,1008.4,1007.6,1005.9,1006.8,1005.5,1006.1,1007.4,59.22326
2020-12-04,59.22326,49.25,74.25,46.26,1.2685,14.643,,3771.42,5486.33,38263.67,23046.92,1088.88,1970.33,2899.79,12.4,6.7,12.8,2.9,9.8,15.3,10.0,-0.4,6.2,10.7,2.0,5.5,1.7,3.0,11.7,4.0,-1.0,3.0,16.6,14.0,17.1,6.0,15.0,17.0,14.0,0.6,13.0,10.5,14.9,12.3,12.5,6.7,25.6,17.1,2.7,16.4,1006.1,999.3,1002.1,998.7,1005.5,1005.9,1003.1,997.5,1002.0,51.400695
2020-12-05,51.400695,,,,,,,3096.0,5044.08,32135.04,18227.67,1072.58,1970.12,2724.58,14.1,7.3,14.7,2.7,16.8,18.8,15.7,0.0,13.3,10.3,4.9,11.0,1.8,14.8,16.0,13.7,-1.1,11.0,18.2,14.0,19.0,4.0,18.9,21.2,17.3,1.2,15.0,14.9,10.4,14.2,6.9,10.7,30.6,31.4,3.0,28.6,1009.7,998.5,998.7,999.1,1005.6,1003.2,1001.4,997.8,999.4,46.441274
2020-12-06,46.441274,,,,,,,2714.5,4433.38,28013.33,15488.54,1029.12,1830.96,2516.83,15.5,5.1,10.5,3.4,14.2,14.1,9.9,2.0,11.1,10.0,3.0,8.0,2.0,10.0,11.0,6.0,0.5,7.0,19.0,8.0,14.0,4.6,19.3,20.0,13.2,4.9,15.0,23.3,9.7,9.0,5.9,14.7,28.6,10.1,4.4,15.2,1004.8,998.1,1002.2,998.4,1000.9,1002.5,999.2,996.9,998.3,54.841213
2020-12-07,54.841213,48.79,,45.76,1.2558,14.357,,3257.71,5184.25,32380.08,18052.71,1069.12,1956.75,2859.54,12.7,5.7,10.3,4.5,10.2,13.6,10.9,2.2,6.6,9.0,1.0,6.2,3.0,6.0,12.0,5.3,1.1,3.7,17.2,10.0,13.8,6.0,13.0,15.3,13.3,3.6,10.0,10.2,10.4,6.8,7.4,5.0,27.5,14.2,4.0,11.4,1008.4,1003.4,1007.7,1002.3,1008.1,1010.0,1006.2,1000.5,1004.2,58.383577
2020-12-08,58.383577,48.84,75.95,45.6,1.2559,14.447,,2838.88,4471.54,28144.62,15511.33,965.67,1827.17,2530.04,13.1,5.2,11.0,5.6,13.5,14.8,11.7,2.8,6.1,10.1,4.0,8.0,4.0,11.0,12.1,9.0,1.7,3.6,16.1,6.0,14.0,7.0,16.0,17.0,13.5,4.4,7.2,13.1,10.6,10.0,5.3,15.4,33.2,18.5,3.2,26.5,1008.1,1001.0,1002.1,1002.4,1004.4,1006.2,1000.3,1001.3,1002.7,71.919711
2020-12-09,71.919711,48.86,,45.52,1.2759,14.733,,3651.46,5420.33,37307.58,22029.5,1141.58,2019.17,3045.54,12.9,6.1,10.3,6.1,11.0,13.6,9.9,3.8,7.4,11.1,5.0,6.9,5.6,9.0,11.0,8.0,4.0,6.0,14.6,7.0,14.0,7.0,13.0,16.0,12.1,8.0,9.0,14.3,10.9,14.8,5.9,9.6,32.0,10.2,5.4,25.7,1003.6,1001.4,1006.0,1001.8,1003.0,1006.1,1001.1,1000.5,1000.7,68.666096
2020-12-10,68.666096,50.25,77.5,46.78,1.3166,15.539,,3976.83,5961.29,38978.5,22936.46,1081.92,2157.46,2864.54,11.7,6.4,10.3,5.9,9.3,13.2,9.1,0.8,6.4,9.2,4.0,6.7,1.4,6.6,11.0,6.3,-2.8,4.0,16.7,8.0,14.1,9.0,12.0,15.0,12.5,6.4,9.0,10.8,5.2,6.8,3.4,5.3,33.4,10.3,2.5,8.3,1006.8,1005.2,1007.0,1005.2,1006.1,1008.6,1004.4,1004.2,1004.9,57.420812
2020-12-11,57.420812,49.97,,46.57,1.3077,15.959,,4035.38,5759.42,38679.96,22656.04,1127.75,2167.38,2934.0,10.4,6.8,10.3,3.5,9.2,14.5,8.6,-0.7,5.3,8.5,5.0,8.0,1.0,8.0,12.0,6.0,-5.2,2.0,11.9,8.0,13.0,5.0,12.0,16.0,12.4,3.4,10.0,11.2,6.0,7.9,3.0,10.4,31.0,6.1,2.5,6.9,1004.8,1005.5,1005.0,1005.5,1003.0,1003.3,1003.6,1004.5,1005.2,52.824519
2020-12-12,52.824519,,,,,,,3272.75,5234.83,31749.71,17392.75,1102.17,1941.12,2806.08,11.3,5.5,10.2,5.0,9.3,13.7,7.7,1.4,6.4,9.1,5.0,5.9,2.0,5.0,11.0,3.0,-3.5,4.0,13.5,6.0,14.5,7.1,14.0,16.0,13.0,7.5,11.0,9.9,7.8,10.7,3.6,4.7,15.0,6.2,2.1,5.1,1000.6,1002.4,1002.2,1002.5,1000.0,1000.6,999.5,1001.2,1001.9,43.678571
2020-12-13,43.678571,,,,,,,2839.04,4614.79,27659.79,14692.92,999.08,1913.62,2600.33,11.8,4.9,11.9,2.7,10.2,14.5,7.3,-0.3,4.7,9.2,1.0,8.0,0.0,6.4,11.9,4.0,-6.1,0.8,14.3,10.0,15.1,6.8,15.0,16.0,13.0,9.9,10.0,23.5,8.2,20.6,3.7,8.8,27.6,12.1,3.2,5.3,1005.1,1010.6,1010.1,1010.7,1005.4,1005.3,1006.1,1009.4,1009.9,52.342857
2020-12-14,52.342857,50.29,78.75,46.99,1.3191,16.607,,3699.62,5392.79,35812.96,20678.42,1042.46,2001.29,2998.38,12.9,2.5,10.3,1.4,9.2,14.8,7.8,0.6,4.3,10.7,-1.4,4.5,-1.0,3.0,10.7,4.0,-4.9,0.0,14.6,8.0,17.0,7.4,15.0,16.0,14.0,9.9,10.9,32.7,5.2,9.7,3.0,7.1,16.4,9.2,3.0,6.0,1013.9,1018.3,1017.0,1018.4,1014.8,1015.4,1015.2,1017.0,1017.9,57.84815
2020-12-15,57.84815,50.76,79.5,47.62,1.3268,17.225,,3919.83,5541.71,37578.71,22011.21,1067.96,2067.0,2971.0,11.7,5.0,12.9,4.4,7.6,11.9,6.8,3.3,4.4,8.6,0.0,7.9,1.0,2.0,8.0,2.0,-1.4,0.0,15.7,9.0,17.0,7.0,14.1,16.8,13.0,8.2,9.0,11.3,6.1,9.1,3.5,5.1,9.2,4.5,2.2,4.8,1020.3,1020.1,1017.9,1020.1,1019.5,1018.9,1019.1,1018.6,1019.8,65.166208
2020-12-16,65.166208,51.08,79.25,47.82,1.3529,16.381,,4093.29,5867.71,37974.96,21966.17,1114.21,2201.04,2732.54,10.7,6.7,12.4,7.1,8.8,14.4,8.4,5.0,5.5,7.3,4.0,7.3,6.0,4.0,9.0,2.6,1.7,3.0,15.3,10.0,18.1,9.0,16.0,17.1,15.4,9.8,9.0,7.3,5.2,6.2,5.2,4.7,6.4,5.5,2.5,4.3,1024.0,1023.4,1021.1,1023.2,1023.2,1022.2,1022.6,1021.6,1023.2,68.659818
2020-12-17,68.659818,51.5,79.5,48.36,1.3881,15.941,,3525.79,5640.08,37473.0,22112.88,1038.54,2145.33,3010.38,10.5,7.9,14.4,7.5,9.0,14.3,8.2,3.2,5.3,6.9,6.6,11.5,6.0,5.0,10.7,2.7,-2.3,1.7,15.7,9.0,18.0,9.0,15.0,18.0,14.0,11.1,10.0,8.1,3.1,9.1,3.5,5.5,5.8,4.8,2.9,5.3,1026.5,1026.0,1022.9,1025.7,1025.1,1023.7,1024.8,1024.3,1026.1,65.154797
2020-12-18,65.154797,52.26,80.0,49.1,1.3956,15.886,,3588.88,5777.67,37667.62,22114.17,1070.21,2157.58,2959.12,11.1,8.5,15.9,7.0,9.3,14.2,8.0,0.8,6.5,8.0,7.5,11.7,6.0,4.0,11.5,3.9,-4.0,3.0,14.7,10.0,18.4,8.0,16.0,17.0,15.0,8.6,11.0,8.9,4.8,15.0,3.7,4.7,5.2,5.2,3.4,6.5,1027.5,1027.6,1023.5,1027.8,1025.8,1024.3,1025.9,1026.8,1027.4,57.306976
2020-12-19,57.306976,,,,,,,2781.54,4988.21,30474.08,16766.54,1024.25,2111.17,2802.38,11.4,8.2,16.0,7.8,9.6,13.6,7.7,4.4,7.0,8.3,7.0,14.2,6.0,3.7,11.0,3.0,-0.2,5.0,16.0,9.2,17.6,10.0,15.0,16.0,13.4,8.7,10.0,9.6,4.5,16.6,4.1,4.5,5.3,4.5,3.0,5.0,1027.0,1026.0,1022.6,1025.8,1025.0,1023.2,1024.9,1024.4,1025.9,46.673825
2020-12-20,46.673825,,,,,,,2893.96,4617.38,26203.46,13373.88,1019.62,1933.96,2364.67,12.0,7.8,14.3,7.5,11.4,14.2,8.6,4.8,7.7,9.7,6.7,12.0,7.0,7.0,13.0,5.0,2.0,5.0,14.8,9.0,16.8,8.0,17.0,15.0,15.1,6.8,10.0,6.6,3.2,6.8,3.6,5.4,8.0,6.3,1.2,4.4,1025.6,1025.4,1021.8,1025.5,1023.1,1021.0,1023.2,1023.9,1025.3,56.838251
2020-12-21,56.838251,50.91,79.85,47.74,1.3604,16.795,,3154.67,5321.17,33694.25,19100.58,1066.62,1969.92,3081.29,12.1,8.2,12.6,8.4,11.4,14.4,8.6,2.2,8.6,10.1,7.0,8.0,7.7,8.0,11.6,3.3,-0.8,7.9,14.5,10.0,18.4,9.1,17.0,17.0,15.5,6.1,10.0,7.0,4.3,9.4,4.3,6.4,7.0,5.4,3.2,4.4,1026.7,1026.5,1025.8,1026.4,1024.9,1023.6,1025.2,1025.2,1026.4,56.366974
2020-12-22,56.366974,50.08,80.0,47.02,1.3395,17.636,,3214.38,5262.25,34186.75,19595.54,1047.33,1981.88,3085.38,11.5,9.2,11.4,8.4,10.3,13.6,9.3,1.2,8.3,8.7,7.0,7.0,7.0,5.6,11.0,4.5,-1.9,7.0,14.4,13.0,18.0,10.0,16.0,17.0,15.1,7.6,9.0,7.2,5.0,10.3,5.3,3.9,6.8,4.3,2.4,3.3,1026.8,1025.4,1028.1,1025.1,1026.5,1026.8,1026.4,1024.4,1025.3,51.372247
2020-12-23,51.372247,51.2,79.85,48.12,1.382,17.507,,3297.25,5110.29,31475.17,17202.67,1010.29,2008.62,2846.04,12.6,8.8,12.2,9.1,10.9,13.2,11.1,5.4,8.4,8.9,6.0,7.9,8.4,5.1,11.0,7.6,2.3,7.7,17.2,11.0,18.5,10.0,14.0,16.3,14.4,7.6,9.2,8.7,3.9,8.0,2.7,2.6,7.1,5.0,2.4,3.5,1026.4,1024.1,1026.6,1024.0,1026.6,1027.0,1025.9,1022.6,1024.3,39.746301
2020-12-24,39.746301,51.29,79.85,48.23,1.3789,17.649,,2802.21,4949.58,28905.12,15720.08,1022.42,1737.5,2673.33,14.0,8.6,10.6,8.8,13.9,15.4,13.7,5.9,7.9,10.4,7.0,4.6,8.0,11.5,12.6,11.9,1.2,7.0,18.5,9.0,17.2,9.1,16.3,19.0,16.0,8.3,8.2,13.9,5.6,6.8,4.3,7.6,17.5,11.7,2.3,5.4,1020.1,1013.9,1021.2,1013.9,1021.0,1021.8,1019.8,1012.5,1014.1,32.522232
2020-12-25,32.522232,,,,,,,2351.54,3912.67,21971.5,10900.46,903.96,1699.96,2202.92,14.6,7.8,11.4,6.6,13.6,15.9,11.9,4.0,7.2,11.8,6.0,9.0,4.0,10.0,14.8,9.0,1.4,5.0,18.9,11.0,15.7,9.0,16.0,18.0,14.3,6.9,9.0,11.8,8.8,12.6,10.1,12.9,25.7,15.0,7.7,18.4,1012.9,1008.4,1015.3,1009.0,1013.1,1015.3,1012.1,1008.1,1009.4,37.234252
2020-12-26,37.234252,,,,,,,2373.38,3945.79,22149.58,11105.08,925.0,1702.92,2097.42,11.1,5.2,8.1,3.6,8.1,11.4,7.0,0.6,5.3,9.2,0.0,5.0,-0.6,7.0,9.4,5.0,-5.7,1.0,14.0,8.0,11.3,8.0,9.1,16.0,9.0,10.3,9.0,10.2,10.1,15.3,3.8,7.1,24.2,10.1,4.6,15.7,1010.2,1016.4,1011.7,1017.3,1010.0,1010.9,1009.4,1016.2,1016.8,35.548796
2020-12-27,35.548796,,,,,,,2277.42,4319.75,25594.46,13495.04,952.71,1964.21,2585.33,8.1,1.1,7.4,0.6,8.8,11.0,5.8,-3.5,2.0,6.9,-2.0,3.0,-2.0,6.4,8.0,3.0,-7.9,-0.2,9.8,5.0,12.4,4.0,11.0,13.2,10.2,1.0,6.0,18.4,6.3,12.1,4.8,8.8,25.6,10.5,2.3,12.5,1005.6,1010.5,1011.3,1010.4,1006.0,1008.3,1006.7,1009.5,1010.2,41.243282
2020-12-28,41.243282,50.9,85.35,47.62,1.3677,19.152,,3110.88,5049.54,30274.79,16428.83,1024.0,1908.21,2753.33,11.5,2.9,12.2,0.1,11.7,12.9,10.7,-1.8,2.7,7.0,0.0,5.7,-3.0,7.0,10.6,3.6,-5.7,0.0,15.1,10.0,17.3,1.0,14.5,15.1,13.2,1.8,10.5,21.5,15.3,16.3,7.8,21.9,42.9,27.0,3.4,20.1,1002.7,989.7,999.7,990.2,1000.9,1004.0,996.5,989.1,990.6,49.425889
2020-12-29,49.425889,51.23,,48.0,1.3783,18.774,,3250.92,5029.17,30816.83,17024.58,1036.5,1964.08,2511.58,14.4,4.4,9.4,-0.8,11.1,15.2,11.0,-3.3,3.5,11.8,-2.0,3.9,-5.0,6.0,14.0,8.6,-8.5,-1.0,17.9,13.0,13.3,1.0,15.0,17.3,14.6,3.6,7.0,16.0,10.1,8.9,4.4,9.9,26.6,13.5,2.8,10.4,1005.8,996.9,1003.8,997.1,1004.7,1006.2,1002.2,996.1,997.6,51.426631
2020-12-30,51.426631,51.63,81.6,48.4,1.4013,19.001,,3024.25,5005.08,28552.88,14837.67,1057.5,2129.12,2499.25,13.4,3.4,7.7,1.5,11.6,13.4,9.1,-1.1,4.2,11.3,2.0,3.9,-2.0,7.0,12.0,7.0,-4.9,3.0,15.5,4.5,11.0,5.0,15.0,15.0,12.0,6.9,5.4,15.2,9.2,9.3,3.9,12.4,23.5,9.2,4.0,6.4,1007.0,1004.7,1008.4,1004.5,1005.9,1008.7,1004.3,1003.4,1004.0,48.921109
2020-12-31,48.921109,51.8,80.5,48.52,1.4101,19.123,,2921.42,4798.67,27003.38,13749.92,1047.42,1922.5,2563.46,10.5,5.0,9.3,-1.1,8.1,13.1,6.6,-3.1,4.9,8.3,2.0,6.0,-5.4,5.0,10.9,3.0,-8.8,2.0,13.2,9.0,14.2,3.0,12.0,14.3,11.0,4.0,10.0,10.4,5.3,9.1,3.9,7.4,28.6,6.3,3.7,8.9,1010.9,1009.6,1014.2,1009.7,1011.1,1014.6,1010.5,1008.6,1009.2,48.167024
2021-01-01,48.167024,,,,1.4111,,658.75,2340.71,4326.79,23165.5,11709.38,963.67,1720.21,1446.0,10.0,3.7,10.7,1.7,8.8,13.1,9.1,-0.5,4.8,6.1,2.7,4.9,1.0,2.6,10.6,3.3,-3.4,1.9,14.7,5.0,14.8,2.4,14.0,15.2,12.5,1.7,7.0,14.1,5.3,10.3,3.9,5.6,23.0,18.5,2.6,11.2,1015.2,1009.4,1008.4,1009.7,1013.1,1012.6,1010.5,1008.6,1010.4,51.219247
2021-01-02,51.219247,,,,,,681.67,2699.96,4830.08,26377.92,12820.5,996.04,1953.04,2396.62,11.9,4.6,9.7,3.4,12.6,13.4,10.0,2.6,6.8,9.4,2.7,7.0,1.7,10.8,11.0,7.6,0.0,5.9,14.7,7.2,11.6,5.6,14.1,15.0,13.0,3.7,8.0,17.0,5.7,13.4,6.6,31.5,27.4,16.0,6.2,25.5,1012.9,1006.1,1005.8,1006.7,1010.0,1009.9,1006.8,1006.6,1007.7,47.732548
2021-01-03,47.732548,,,,,,565.79,2403.38,4815.17,24796.25,11944.17,1065.54,1969.75,2032.46,10.4,4.1,6.4,5.0,10.0,12.5,7.0,3.1,6.6,7.7,2.1,4.0,3.7,8.2,10.1,6.0,2.0,4.6,16.0,6.5,10.0,7.3,11.4,15.0,8.0,4.0,10.0,10.0,5.3,6.7,7.6,15.7,20.7,16.2,5.4,11.1,1013.4,1008.2,1010.1,1008.6,1012.4,1011.9,1010.1,1008.6,1008.9,59.100515
2021-01-04,59.100515,51.09,,47.62,1.3729,19.844,738.83,2826.79,5746.79,30690.46,16035.79,1173.33,2077.0,2091.92,10.2,5.2,6.2,4.6,10.2,10.8,7.1,2.5,5.7,8.1,3.0,0.7,2.5,9.1,9.0,5.0,0.9,4.0,14.0,7.0,11.5,6.9,11.6,13.0,11.0,4.0,8.0,8.7,5.2,5.7,5.7,12.6,18.8,7.2,5.8,9.3,1011.5,1010.1,1011.7,1010.7,1011.4,1012.6,1011.0,1010.3,1010.3,59.290325
2021-01-05,59.290325,53.6,,49.93,1.4521,18.007,666.71,2453.54,5585.12,29347.46,15619.17,1117.46,2024.21,1881.25,10.3,4.1,8.1,3.8,10.9,12.8,6.9,2.2,5.1,6.4,1.0,5.3,1.9,10.1,10.8,5.6,0.8,2.9,14.9,6.2,10.2,6.6,12.6,15.2,10.0,4.0,7.0,15.0,6.6,9.9,5.6,24.5,30.3,11.4,4.9,13.3,1013.1,1008.0,1010.3,1009.6,1012.2,1012.5,1009.2,1009.1,1008.8,58.233649
2021-01-06,58.233649,54.3,,50.63,1.475,17.564,608.5,2364.92,4903.21,26114.12,13431.38,1056.92,1808.83,1940.38,12.4,3.6,7.0,2.2,11.3,14.6,6.6,1.4,4.0,10.2,2.0,5.0,-0.7,9.8,13.0,1.0,-2.2,2.0,15.9,6.1,9.4,4.5,12.7,16.0,12.0,5.0,7.0,11.1,5.4,5.8,4.1,17.0,26.3,5.5,3.5,8.3,1014.3,1009.9,1013.6,1010.8,1014.1,1013.5,1013.1,1010.2,1009.7,71.963709
2021-01-07,71.963709,54.38,,50.83,1.4827,19.303,669.62,3077.17,5765.17,33095.29,18326.42,1188.5,2071.79,1996.62,11.2,4.5,7.4,1.7,10.1,16.7,5.0,-1.1,1.6,9.9,3.0,5.5,0.0,9.0,14.0,2.0,-4.7,0.0,12.2,6.3,10.0,4.6,11.3,20.0,8.0,4.0,3.0,4.8,4.6,7.9,4.1,10.6,20.7,6.5,2.8,4.8,1014.3,1014.4,1011.0,1015.0,1013.1,1010.3,1013.6,1014.5,1014.4,75.813747
2021-01-08,75.813747,55.99,,52.24,1.5423,20.118,663.92,3078.0,6152.67,33712.17,18548.42,1108.79,2078.38,2082.0,9.6,3.7,9.8,-0.4,11.5,16.1,6.0,-1.2,3.2,7.7,0.0,5.6,-4.3,9.2,13.0,3.5,-5.5,-0.1,11.0,7.0,12.5,5.1,13.2,19.0,10.0,6.0,8.0,13.0,8.9,9.0,4.0,9.4,23.4,8.6,4.4,8.7,1009.9,1013.8,1008.8,1014.9,1008.4,1008.0,1009.8,1014.6,1013.5,60.805139
2021-01-09,60.805139,,,,,,592.08,2631.29,5220.46,29371.71,16132.46,1039.54,1908.12,1847.75,8.8,1.7,13.3,0.3,9.6,19.2,5.5,-0.9,2.6,7.9,-1.1,11.0,-3.6,8.8,12.0,2.9,-3.7,-0.3,10.1,4.0,17.1,5.0,11.0,24.1,8.0,4.0,6.0,11.5,8.2,11.1,4.7,17.4,23.8,11.8,2.6,16.3,1014.3,1017.7,1006.2,1018.7,1010.1,1006.9,1010.7,1018.3,1017.8,57.336457
2021-01-10,57.336457,,,,,,566.12,2264.0,5037.96,26294.79,13750.88,1047.46,1839.54,1788.83,8.7,1.6,11.8,0.4,11.8,17.0,6.5,-1.3,3.3,7.9,0.0,8.0,-3.5,9.0,14.1,4.4,-4.3,0.6,9.4,3.0,16.0,5.7,15.8,23.0,8.0,4.0,5.0,9.9,11.4,10.2,6.5,11.3,13.0,13.6,3.3,20.4,1012.2,1017.5,1008.9,1019.2,1007.8,1006.9,1008.4,1018.7,1017.7,66.83481
2021-01-11,66.83481,55.66,84.5,52.25,1.5208,22.124,703.79,3201.92,6275.04,35510.33,20019.46,1121.38,1963.96,2224.79,8.5,0.5,9.2,-1.5,10.0,13.2,5.0,-1.8,1.8,7.2,-3.1,6.0,-4.5,8.6,10.0,2.0,-4.6,-1.7,10.2,4.0,13.0,4.5,11.9,15.0,8.0,4.0,6.0,13.5,8.1,6.2,5.2,7.6,13.3,11.2,2.9,14.2,1014.1,1019.1,1013.5,1020.5,1012.2,1012.7,1012.8,1020.1,1018.9,68.1153
2021-01-12,68.1153,56.58,86.5,53.21,1.553,26.155,690.38,3336.88,6371.58,38021.88,22231.67,1112.12,2089.92,2189.33,8.2,1.8,8.7,-0.7,9.6,10.4,4.3,-0.9,-0.3,6.1,-2.0,5.0,-4.8,7.4,8.7,0.0,-4.9,-3.7,10.4,6.0,12.0,4.9,11.6,12.5,11.0,4.0,3.0,16.0,7.8,14.8,8.3,12.5,16.1,5.8,4.4,5.6,1013.9,1016.2,1017.6,1017.0,1013.5,1014.7,1014.7,1016.5,1015.8,73.77578
2021-01-13,73.77578,56.06,87.3,52.91,1.5488,21.5,683.12,3365.83,6624.5,38449.46,22350.08,1111.04,2075.75,2239.12,9.1,1.9,12.4,3.0,10.5,13.1,4.9,2.9,0.4,5.4,-2.0,9.1,-1.5,8.5,10.0,-1.0,-2.0,-4.0,12.4,7.0,14.8,11.0,11.9,15.0,13.0,12.0,6.0,17.5,7.7,25.7,12.1,10.4,18.0,6.6,3.8,5.5,1013.3,1013.4,1018.9,1014.1,1014.3,1016.8,1015.1,1014.1,1013.7,76.713622
2021-01-14,76.713622,56.42,87.25,53.57,1.5539,21.333,673.04,3412.83,6478.08,38658.92,22616.79,1122.25,2061.54,2294.38,10.2,1.1,13.2,3.1,11.6,13.9,7.0,6.9,2.8,4.8,-3.2,11.6,-2.4,7.6,11.0,1.5,-0.8,-2.0,15.1,7.0,15.5,12.4,13.9,15.0,15.0,19.0,9.0,20.0,5.2,25.6,12.1,15.6,29.6,7.3,14.8,8.3,1011.5,1010.9,1016.4,1011.5,1011.9,1014.6,1011.2,1010.3,1011.1,71.877692
2021-01-15,71.877692,55.1,87.4,52.36,1.5284,20.2,675.08,3327.38,6522.17,38935.12,22534.25,1190.71,2199.25,2486.29,8.8,2.6,12.3,3.3,8.1,13.4,6.7,2.9,2.7,6.3,0.4,9.8,0.0,6.1,10.8,3.2,-1.0,-1.0,12.0,5.0,14.1,6.0,10.8,15.0,13.0,5.0,6.0,18.3,5.7,24.9,7.6,22.2,31.8,10.1,5.1,12.6,1014.4,1016.3,1014.1,1017.9,1010.9,1010.9,1011.0,1017.4,1017.5,57.275926
2021-01-16,57.275926,,,,,,569.67,2585.67,5941.12,31818.04,17292.17,1115.88,2027.83,2285.71,7.4,1.9,8.9,0.5,6.8,11.7,4.4,0.6,1.1,6.1,-2.0,5.0,-3.0,5.3,9.9,-0.7,-3.0,-3.0,8.6,6.0,13.7,4.9,8.5,13.0,10.0,8.0,6.0,39.1,5.9,11.1,4.2,23.0,23.5,15.3,4.2,7.8,1016.3,1021.0,1018.1,1022.3,1017.1,1014.7,1017.5,1021.5,1021.1,58.509288
2021-01-17,58.509288,,,,,,606.5,2518.29,5376.88,29268.04,15859.71,1037.33,1899.54,1969.79,6.0,1.4,10.7,0.8,6.4,11.5,1.3,-0.3,0.8,3.0,0.0,2.8,-3.7,3.9,7.9,-2.1,-2.6,-2.0,7.6,4.0,15.4,4.8,8.5,15.0,6.0,4.0,4.0,14.9,3.8,24.9,3.8,16.8,27.2,8.3,3.0,8.8,1017.4,1016.4,1018.1,1017.0,1016.3,1017.0,1016.0,1016.5,1016.6,69.898226
2021-01-18,69.898226,54.75,86.4,52.09,1.5236,19.026,679.46,3138.46,6451.38,37028.29,21128.5,1172.96,2051.92,2405.62,6.3,0.7,9.9,-1.1,7.1,11.7,3.7,-0.2,0.7,4.0,-3.0,5.0,-4.3,5.5,10.0,-2.0,-4.0,-2.0,8.3,5.0,14.6,5.2,9.1,13.0,12.0,7.0,4.3,21.8,5.1,11.5,4.4,19.8,19.9,8.1,4.4,7.6,1021.3,1023.6,1022.8,1024.2,1021.5,1020.2,1022.1,1023.5,1023.5,70.233027
2021-01-19,70.233027,55.9,85.0,52.98,1.5381,20.327,682.83,3327.96,6504.38,39273.25,23087.71,1142.12,2127.46,2400.79,7.9,-2.7,8.2,-0.2,9.3,10.4,4.6,0.5,-0.1,4.7,-6.0,4.0,-4.5,5.2,5.0,-1.0,-3.1,-4.0,12.8,-0.8,14.5,4.3,12.9,14.0,13.0,6.0,5.0,10.8,4.1,5.2,3.6,11.4,15.6,8.6,2.8,4.2,1026.9,1024.7,1026.8,1024.5,1027.1,1027.6,1026.4,1024.0,1024.7,63.022596
2021-01-20,63.022596,56.08,85.5,53.31,1.5439,20.26,713.33,3298.29,6724.92,40021.17,23435.46,1096.12,2348.54,2404.5,10.5,-0.7,8.6,0.7,12.9,13.8,8.9,1.2,2.0,6.4,-5.0,1.7,-0.1,12.2,11.0,4.0,-2.6,-0.8,15.1,4.0,15.2,2.1,13.5,16.1,13.0,7.0,4.0,16.3,3.6,10.8,3.8,19.8,33.7,10.4,3.8,6.2,1025.4,1021.6,1021.5,1021.1,1024.8,1024.1,1023.4,1020.6,1021.6,61.121535
2021-01-21,61.121535,56.1,85.5,53.13,1.5479,20.063,744.54,3315.12,6707.58,39414.88,22773.42,1124.5,2283.21,2466.5,12.3,2.3,11.4,1.3,14.4,15.6,11.6,2.0,3.6,8.8,1.0,7.0,-0.3,13.4,14.0,5.0,-0.2,-1.0,17.5,4.0,16.4,2.6,15.0,17.0,16.0,4.0,7.1,16.4,5.2,7.5,3.2,29.1,34.9,14.4,2.9,7.2,1021.2,1015.7,1017.0,1015.8,1019.8,1019.0,1017.2,1015.2,1015.5,59.762045
2021-01-22,59.762045,55.41,85.9,52.27,1.5487,21.483,724.92,3126.62,6543.33,38466.38,22395.58,1039.88,2193.04,2443.0,14.6,3.9,14.1,3.6,14.5,15.8,13.0,2.4,6.8,12.1,1.6,9.0,1.8,13.6,13.0,11.5,-0.3,5.0,18.3,11.0,18.0,6.4,15.1,18.0,15.0,5.0,11.0,17.1,7.4,15.7,5.4,32.3,28.0,19.2,3.1,10.7,1015.0,1002.8,1011.0,1002.9,1013.7,1014.9,1009.5,1002.7,1003.4,52.963505
2021-01-23,52.963505,,,,,,660.25,2652.08,5780.62,31774.08,17560.5,992.88,2055.71,2072.04,12.9,7.8,12.6,6.0,13.2,15.0,11.5,4.0,7.3,9.9,4.0,8.2,1.4,11.5,13.0,9.0,-0.2,3.8,14.5,11.0,15.3,10.4,14.5,18.0,14.0,11.0,11.0,19.8,11.0,22.0,11.9,34.3,34.1,20.1,6.5,10.0,1005.9,994.5,1008.8,994.5,1006.1,1010.2,1002.7,995.0,995.0,48.589031
2021-01-24,48.589031,,,,,,554.83,2303.96,5271.5,27742.0,14944.62,994.42,1885.75,1786.92,11.9,3.2,13.2,2.8,13.2,14.4,9.4,2.5,4.9,8.6,0.6,10.0,-1.8,11.4,13.0,3.5,-1.8,2.0,15.2,7.0,16.2,10.9,13.8,16.0,12.0,10.0,8.9,19.4,9.0,22.0,8.6,35.8,42.5,13.9,6.9,10.1,1001.5,998.0,1005.1,998.7,1001.2,1006.7,999.4,999.0,997.3,59.107364
2021-01-25,59.107364,55.88,,52.77,1.5611,20.162,649.12,3144.17,6279.62,36569.33,21248.42,1094.96,2066.67,2086.38,11.2,2.6,11.9,2.6,12.3,14.0,7.1,1.7,3.3,7.8,-1.0,6.8,-1.1,10.8,11.0,1.0,-3.3,0.0,14.9,6.5,17.2,8.2,13.8,16.0,14.0,9.0,7.3,16.6,11.1,11.4,10.4,27.7,31.3,11.8,9.1,12.2,1005.3,1001.8,1009.9,1002.7,1006.4,1011.1,1004.6,1003.2,1001.5,63.100217
2021-01-26,63.100217,55.91,86.0,52.61,1.5807,19.509,655.46,3294.71,6550.04,38082.71,22234.58,1088.79,2129.08,2130.04,8.9,4.5,9.4,3.4,9.4,12.8,5.3,0.3,3.2,6.7,-1.0,5.0,-0.3,6.6,12.0,1.5,-4.7,-1.0,11.1,10.0,14.1,8.6,11.9,14.0,11.0,8.0,8.0,34.3,13.7,15.8,13.4,16.4,32.1,12.9,6.4,8.2,1009.5,1014.5,1016.6,1016.0,1011.1,1012.7,1013.6,1016.9,1013.5,60.493943
2021-01-27,60.493943,55.53,,52.85,1.5771,19.701,703.62,3420.54,6461.25,37963.38,21883.83,1082.29,2188.33,2223.5,7.4,2.5,10.4,1.1,7.4,11.8,3.1,0.8,0.7,5.1,-2.1,5.8,-3.2,3.5,9.8,-2.0,-3.1,-2.5,9.8,6.0,15.4,6.3,10.3,13.0,12.0,8.0,4.0,25.3,7.2,12.4,4.3,6.7,16.2,5.2,4.7,6.3,1016.3,1016.9,1018.5,1017.6,1017.5,1018.1,1017.3,1017.6,1016.6,60.820815
2021-01-28,60.820815,55.1,86.3,52.34,1.5754,20.908,688.08,3351.42,6435.33,38136.88,22226.04,1037.62,2075.96,2322.42,8.6,2.9,14.8,2.5,9.6,13.2,5.3,1.7,0.8,3.7,0.0,11.8,-2.4,6.1,10.0,-2.0,-2.6,-3.1,13.6,7.3,18.3,7.7,12.4,15.0,11.0,9.0,5.0,11.1,6.2,20.5,7.4,11.5,12.7,6.8,3.5,5.2,1016.4,1013.5,1018.1,1013.7,1016.2,1017.1,1015.8,1013.4,1013.4,54.04999
2021-01-29,54.04999,55.04,86.2,52.2,1.5527,19.819,708.5,3359.12,6444.38,37894.17,21923.21,1052.96,2135.21,2270.79,12.2,2.0,15.3,4.2,13.4,16.3,10.1,5.2,1.6,7.5,-1.0,12.0,-0.9,10.9,14.0,6.0,-1.3,-2.0,16.9,7.3,19.4,9.8,15.5,18.3,15.9,15.0,6.0,13.1,3.9,18.4,8.3,19.2,26.3,7.3,7.8,7.7,1008.8,1005.9,1014.7,1005.9,1009.9,1014.3,1008.9,1005.7,1005.8,49.684138
2021-01-30,49.684138,,,,,,625.12,2610.71,5668.12,31453.21,17398.42,1050.21,2000.38,2100.25,13.7,6.0,14.6,6.2,13.6,16.6,9.7,5.7,2.9,10.8,0.0,10.0,2.7,11.5,14.0,3.0,-0.4,-2.2,16.6,12.0,18.6,10.7,14.6,18.1,16.0,11.0,7.0,11.8,8.4,14.0,8.2,16.5,24.6,9.2,5.6,9.0,1004.9,1000.8,1008.4,1001.1,1006.0,1009.0,1005.4,1000.8,1001.5,46.471843
2021-01-31,46.471843,,,,,,600.21,2395.21,5118.88,27374.04,14487.21,1009.83,1886.04,1876.67,12.6,6.2,13.1,6.0,12.8,14.9,11.4,6.0,6.1,10.3,5.0,10.7,3.0,11.9,13.0,8.8,2.9,2.0,14.5,7.0,16.1,10.4,14.2,18.0,15.0,12.0,8.0,14.9,11.8,19.3,6.3,24.6,35.8,9.9,5.3,23.7,998.1,996.7,1001.6,998.0,997.7,1001.6,995.6,997.3,996.8,60.265605
2021-02-01,60.265605,56.35,,53.55,1.5901,18.139,727.83,3196.75,6223.5,36404.46,20924.75,1061.33,2059.67,2210.62,11.5,5.0,14.4,4.5,12.1,15.0,9.0,5.8,4.6,9.8,2.0,12.0,1.6,10.8,14.0,4.2,3.5,0.9,14.0,7.0,17.2,6.6,13.1,16.0,15.0,9.0,8.2,7.9,3.9,16.9,7.6,9.7,28.6,6.4,5.2,10.2,1001.3,1000.5,1004.1,1001.1,1000.5,1004.2,999.8,1000.6,1000.7,58.979867
2021-02-02,58.979867,57.46,85.0,54.76,1.616,18.251,688.67,3227.33,6307.75,37210.88,21591.67,1050.92,2086.42,2258.12,12.0,4.6,14.8,4.5,12.7,14.6,10.0,4.3,6.2,10.9,0.0,11.8,-0.3,10.7,11.9,5.1,-0.1,3.1,13.8,10.0,18.0,9.6,15.3,16.0,17.0,9.0,9.2,9.9,5.9,23.9,3.5,9.9,17.5,5.0,3.5,4.7,1011.0,1011.4,1012.7,1011.3,1010.0,1011.8,1010.6,1011.1,1011.1,57.811045
2021-02-03,57.811045,58.46,83.75,55.69,1.6486,17.854,735.08,3409.58,6055.08,37682.12,21914.71,1014.08,2093.38,2460.21,12.2,5.6,12.4,5.8,13.0,13.1,10.7,5.0,5.3,8.3,3.0,6.8,4.7,10.7,9.0,5.8,2.6,2.0,17.5,8.0,17.5,7.0,13.8,16.0,16.0,8.0,7.0,12.9,4.2,8.8,4.3,10.5,8.7,8.4,2.1,4.2,1017.6,1014.7,1017.3,1014.2,1018.4,1018.9,1017.5,1014.3,1014.7,53.813378
2021-02-04,53.813378,58.84,,56.23,1.6448,18.12,715.29,3198.38,6201.75,37427.58,21760.58,1065.5,1987.29,2498.79,12.7,7.7,11.9,7.9,13.4,15.8,13.4,6.0,7.2,9.8,4.0,5.0,3.7,12.2,11.0,10.0,3.2,6.0,15.8,11.0,18.1,12.1,14.3,18.4,18.0,9.0,9.0,10.5,7.5,9.2,5.2,8.3,9.8,9.8,4.7,3.7,1018.7,1017.1,1015.8,1016.6,1019.5,1017.8,1018.2,1017.0,1017.0,62.815994
2021-02-05,62.815994,59.34,86.65,56.85,1.6493,18.38,639.71,3009.71,5988.88,36475.96,21588.58,951.29,2003.33,2294.46,14.1,8.6,12.9,8.0,13.6,19.8,11.5,6.9,8.5,11.3,6.9,9.0,6.2,11.3,13.7,6.0,4.9,7.0,19.7,10.2,17.4,10.7,16.6,24.0,20.0,10.0,10.4,12.2,3.6,10.2,3.9,6.4,22.4,8.2,3.5,4.2,1018.6,1018.2,1014.2,1017.7,1017.5,1015.6,1016.8,1017.7,1018.1,56.79625
2021-02-06,56.79625,,,,,,573.88,2454.92,5210.33,29856.79,16906.29,903.67,1834.83,1972.88,13.2,8.7,14.4,8.2,14.5,23.2,12.9,6.9,8.8,10.3,8.0,7.0,6.0,12.4,18.0,5.0,5.5,8.0,20.2,10.0,20.2,10.4,16.8,26.0,22.0,8.0,10.0,12.1,3.9,12.1,4.4,10.1,30.2,10.5,2.4,5.3,1015.4,1013.8,1009.1,1013.1,1013.6,1011.8,1011.8,1013.1,1014.0,37.002342
2021-02-07,37.002342,,,,,,553.42,2208.38,4639.79,26118.58,14332.33,900.54,1614.58,1869.54,15.3,9.2,14.9,7.6,15.1,19.8,14.3,6.2,10.0,12.5,8.0,11.0,5.6,13.6,13.0,10.9,2.7,9.0,18.9,11.0,20.0,9.1,16.8,25.4,17.1,9.0,12.0,18.9,11.6,13.9,8.6,22.8,28.1,16.0,3.0,8.6,1006.4,998.9,1002.2,999.3,1004.6,1004.3,1001.6,999.3,999.7,47.587237
2021-02-08,47.587237,60.56,87.5,57.97,1.6748,20.179,649.0,3076.54,5691.08,34851.29,20400.17,916.12,1870.17,2248.21,14.6,9.3,13.1,6.3,13.2,14.5,11.4,4.0,9.4,12.1,4.0,8.0,2.2,12.1,13.0,8.4,-2.3,8.0,18.1,13.7,17.3,12.0,14.3,16.0,14.0,11.0,13.3,14.9,7.7,15.3,7.1,26.6,30.0,13.2,4.1,10.1,1000.7,994.2,1004.2,994.5,1002.5,1005.8,1000.4,994.3,993.9,59.248487
2021-02-09,59.248487,61.09,,58.36,1.6736,19.045,668.25,3101.71,5782.25,36009.92,21362.79,960.12,1848.46,2286.33,14.2,9.1,14.2,7.1,13.6,15.1,12.5,5.3,9.2,11.8,7.0,8.0,4.3,11.7,11.0,10.6,0.1,7.0,17.5,12.0,17.0,11.2,14.5,17.0,15.0,11.0,12.0,16.5,6.9,20.1,4.2,30.6,31.4,15.2,4.8,10.5,1006.7,999.6,1008.2,999.3,1007.2,1011.0,1004.4,999.2,999.4,63.875658
2021-02-10,63.875658,61.47,87.6,58.68,1.6534,18.558,664.0,3105.12,5778.79,36341.58,21719.83,963.96,1833.29,2276.58,15.1,9.9,14.7,7.1,14.2,16.8,12.7,6.2,9.3,12.6,8.0,10.0,4.7,12.3,12.0,9.3,2.6,8.8,19.2,12.0,16.0,9.8,14.9,20.0,15.0,11.0,11.0,20.8,11.6,16.9,8.9,32.8,31.1,14.1,4.6,10.9,1007.3,999.1,1007.1,999.2,1006.8,1010.0,1003.8,999.6,999.4,69.016547
2021-02-11,69.016547,61.14,87.4,58.24,1.6502,17.373,670.33,3129.25,6129.21,35680.38,20711.29,946.71,2040.08,2053.5,12.2,8.2,13.2,6.7,12.8,14.5,10.0,5.0,6.8,10.7,5.0,11.0,1.6,11.3,13.0,5.0,-0.9,5.0,13.5,12.0,16.0,11.7,14.5,15.0,17.0,12.0,9.0,17.4,13.8,20.7,13.2,12.5,31.3,4.9,6.9,16.1,1009.0,1011.1,1015.9,1012.0,1010.2,1014.8,1010.4,1011.4,1011.8,66.36373
2021-02-12,66.36373,62.43,87.45,59.47,1.6925,17.618,664.08,3196.08,6421.96,37321.25,21900.62,970.42,1958.96,2209.12,8.6,4.4,11.8,2.2,11.0,14.1,9.9,2.2,1.5,7.6,0.0,6.0,0.5,9.3,12.0,5.3,-0.2,0.0,11.2,7.0,16.0,4.5,13.4,17.0,15.0,4.7,4.0,11.9,19.3,7.9,16.2,12.6,14.1,8.2,10.6,23.2,1021.5,1023.1,1017.8,1025.5,1018.6,1018.8,1017.7,1024.3,1025.3,58.496218
2021-02-13,58.496218,,,,,,685.33,2647.17,5381.17,30492.21,16671.12,918.62,1957.88,2230.92,6.4,-0.1,11.4,-1.1,6.5,13.9,6.4,-2.0,0.2,4.4,-3.9,8.0,-4.4,4.3,11.0,0.9,-5.4,-2.0,8.0,2.0,15.2,1.4,9.6,16.0,9.3,0.0,2.5,20.2,15.1,14.3,10.6,27.9,27.0,21.0,7.2,30.2,1019.8,1029.4,1016.0,1031.6,1016.5,1014.2,1017.2,1031.0,1030.1,45.721731
2021-02-14,45.721731,,,,,,571.29,2306.75,4937.67,26555.96,14083.42,865.04,1773.08,2018.71,4.6,-0.4,6.9,-0.2,3.6,9.3,2.5,-2.1,1.3,3.5,-5.1,3.0,-3.8,1.9,6.7,-1.1,-6.5,-4.0,5.5,6.0,10.8,6.2,5.8,12.0,7.0,5.0,7.0,49.4,10.2,12.9,8.8,29.3,33.7,24.7,5.3,9.2,1025.3,1037.6,1030.0,1038.7,1027.6,1024.6,1030.0,1038.5,1036.9,58.172317
2021-02-15,58.172317,63.3,,,1.7813,16.54,702.25,3111.38,6412.46,37013.33,21516.42,993.96,2050.96,2225.92,6.5,1.8,5.3,0.2,5.0,8.6,3.1,0.2,0.8,5.0,-2.6,-0.5,-5.3,2.2,6.0,-1.7,-3.2,-4.0,7.9,8.0,11.0,6.9,7.7,10.0,10.0,6.0,6.0,45.6,9.7,11.1,5.2,19.4,41.9,11.6,2.7,6.5,1033.0,1037.3,1036.8,1037.7,1034.7,1032.4,1036.3,1037.2,1037.0,61.867215
2021-02-16,61.867215,63.35,,60.05,1.7729,16.715,695.75,3362.46,6265.29,37900.5,22241.29,976.42,2040.75,2318.54,7.0,5.1,5.9,4.2,6.9,9.7,3.6,2.0,2.2,3.6,-1.0,-1.0,-1.7,2.8,7.0,-3.0,-2.9,-2.1,10.1,11.0,12.6,10.1,10.1,11.2,11.0,9.0,6.4,15.3,7.7,7.7,5.9,8.0,13.8,5.0,2.3,6.2,1029.2,1027.2,1031.6,1027.5,1030.3,1031.2,1030.4,1027.0,1027.4,63.134073
2021-02-17,63.134073,64.34,86.0,61.14,1.8105,16.54,812.88,3429.5,6682.62,37915.79,21530.0,1002.67,2233.17,2224.96,8.7,6.2,8.2,7.6,10.4,9.1,8.1,5.9,4.6,4.4,-0.1,0.8,3.4,9.3,5.0,4.2,0.2,2.1,13.0,13.0,16.3,12.8,11.7,12.3,13.0,13.0,9.0,9.6,7.4,10.7,5.8,5.7,8.9,5.4,4.0,6.8,1024.1,1022.1,1025.0,1021.7,1024.4,1025.0,1024.2,1021.7,1022.3,60.38297
2021-02-18,60.38297,63.93,85.75,60.53,1.7943,17.329,834.54,3114.79,6572.67,37648.17,21475.17,1042.83,2198.08,2410.08,10.6,8.4,10.4,6.4,9.7,10.9,8.6,5.8,6.9,6.8,4.1,4.0,3.4,5.3,6.9,2.3,1.3,2.7,13.5,12.4,15.1,8.9,12.9,14.9,17.0,10.0,10.4,10.2,4.6,11.7,4.2,6.9,10.7,5.7,4.3,5.0,1024.7,1023.5,1023.7,1023.6,1024.4,1023.6,1024.3,1023.2,1023.8,61.805632
2021-02-19,61.805632,62.91,86.0,59.26,1.8069,16.554,816.67,3035.0,6413.17,36719.54,20780.08,1052.25,2232.83,2389.54,10.3,9.7,12.6,8.5,11.4,11.7,8.1,7.3,8.0,6.3,5.0,6.8,6.5,9.8,8.0,2.0,4.4,6.6,15.8,15.0,16.0,11.8,12.6,15.0,15.0,13.0,10.0,10.6,5.0,16.5,4.6,5.8,9.1,6.7,2.4,5.2,1026.1,1023.8,1023.8,1024.1,1026.6,1025.5,1026.2,1024.1,1024.2,54.084377
2021-02-20,54.084377,,,,,,674.04,2341.96,5606.04,30697.5,16913.0,928.88,2045.38,2188.21,9.6,8.7,12.7,9.1,10.8,12.3,11.4,8.1,9.5,5.3,2.0,6.0,7.2,8.8,8.0,7.2,5.0,7.0,13.9,15.0,17.0,11.7,12.8,16.0,17.0,14.0,12.0,6.3,5.0,13.1,4.4,7.1,9.4,5.5,4.1,5.6,1026.1,1025.4,1023.2,1025.6,1026.5,1024.9,1026.1,1025.6,1025.8,43.729215
2021-02-21,43.729215,,,,,,559.67,2387.17,5246.67,27103.0,14185.83,866.25,1836.21,2021.21,10.3,8.7,15.2,9.0,11.0,12.5,9.8,8.7,9.8,5.9,4.0,9.0,4.9,7.0,8.0,3.0,6.0,7.0,14.3,14.0,17.2,13.7,13.9,16.1,19.0,13.0,13.0,8.9,5.4,19.7,4.7,5.9,7.6,7.2,4.1,7.1,1027.8,1026.8,1021.6,1027.0,1026.2,1024.2,1025.9,1026.7,1027.4,56.221833
2021-02-22,56.221833,65.24,85.75,61.7,1.8417,15.96,682.62,2833.96,5922.12,34424.96,19863.04,971.5,2043.79,2107.92,10.9,7.9,15.2,8.4,12.1,13.1,10.3,8.5,8.2,7.2,2.0,14.8,3.6,8.9,9.0,4.6,6.0,3.7,14.2,14.0,16.0,13.4,14.4,16.0,20.0,13.0,12.3,7.5,4.8,30.6,4.5,6.7,11.3,6.0,3.7,7.0,1031.4,1031.4,1025.0,1031.2,1029.7,1027.7,1029.6,1031.1,1031.2,57.269006
2021-02-23,57.269006,65.37,85.5,61.67,1.8586,16.248,671.96,2887.5,5931.67,35323.54,20717.21,978.71,2003.46,2133.04,11.3,10.0,14.5,9.1,11.2,12.7,10.6,9.7,8.0,8.5,5.9,10.0,3.1,8.3,10.0,6.2,3.9,5.0,14.5,16.4,17.2,16.9,14.4,16.0,20.0,18.0,10.1,13.1,7.9,17.3,6.8,8.2,8.2,6.5,3.9,5.1,1034.9,1035.8,1033.5,1035.6,1033.9,1033.4,1034.3,1035.6,1035.7,54.587655
2021-02-24,54.587655,66.18,85.5,63.22,1.8956,16.381,670.21,2939.75,5907.08,34859.17,20250.71,894.38,1916.0,2281.04,12.4,12.0,11.3,10.2,11.7,12.1,11.5,10.9,10.7,9.0,6.4,5.4,3.4,8.9,9.0,4.0,4.3,2.0,16.7,20.0,19.0,19.2,14.3,15.0,21.0,21.0,22.0,8.8,9.8,8.3,4.8,6.7,9.6,5.0,4.2,5.1,1033.9,1035.1,1034.4,1035.5,1033.2,1033.2,1033.2,1035.5,1034.3,59.259967
2021-02-25,59.259967,66.11,85.5,63.53,1.9764,15.935,635.33,2971.5,5768.71,35065.25,20621.71,940.92,1971.0,2156.08,12.4,12.8,11.1,10.0,11.6,12.2,11.0,10.5,12.3,8.5,7.0,5.0,4.8,9.4,9.0,4.0,4.2,5.5,16.2,20.1,18.0,18.4,13.2,15.4,21.0,20.0,20.0,8.1,10.5,7.8,3.9,5.0,9.2,7.4,5.4,6.2,1032.2,1031.6,1031.1,1032.0,1031.4,1030.3,1031.3,1032.0,1031.0,60.911071
2021-02-26,60.911071,64.42,85.1,61.5,1.9505,15.694,650.33,2923.71,5697.58,34761.96,20429.96,943.62,1939.17,2177.58,12.4,12.3,11.7,10.6,10.9,11.8,10.8,10.6,10.3,8.4,6.2,8.4,4.7,8.3,8.8,5.0,4.5,5.6,16.0,20.2,16.0,18.1,13.1,15.0,19.0,19.0,17.0,7.2,8.8,6.8,3.9,5.3,8.0,6.0,4.1,6.2,1028.1,1027.3,1028.5,1027.7,1028.3,1027.7,1027.9,1027.4,1027.1,51.666509
2021-02-27,51.666509,,,,,,595.92,2398.88,5082.96,28431.58,15612.92,888.83,1886.42,1965.67,12.7,10.8,11.2,11.0,11.4,11.8,10.2,10.9,11.0,8.9,5.2,9.0,4.1,9.4,8.0,7.6,5.5,6.0,16.3,17.0,16.6,17.4,13.7,14.5,14.0,18.0,17.0,9.9,12.2,9.5,9.0,7.4,10.5,5.3,7.7,15.9,1023.0,1025.1,1023.9,1026.0,1023.7,1023.3,1023.7,1025.4,1025.6,43.150623
2021-02-28,43.150623,,,,,,565.29,2098.42,4725.67,24854.04,13180.71,811.33,1732.71,1739.92,12.8,6.7,11.9,8.8,12.5,12.5,11.0,9.7,8.2,9.6,0.0,7.0,3.7,8.7,9.3,4.0,4.7,3.1,14.4,13.0,15.1,11.9,15.7,15.2,19.0,14.0,13.0,21.8,5.6,7.5,8.6,16.0,12.3,7.3,7.6,12.1,1027.5,1031.8,1025.2,1033.3,1025.9,1023.9,1026.0,1032.3,1032.1,55.676063
2021-03-01,55.676063,63.69,85.6,60.64,1.9429,16.082,636.04,2806.33,5582.71,32963.08,19018.67,938.42,1953.46,2027.46,10.4,7.5,13.4,7.3,11.3,13.1,9.5,7.9,8.2,6.9,1.6,10.7,0.8,8.5,9.8,4.0,3.2,0.8,13.5,15.0,17.5,14.2,14.3,16.0,18.0,16.0,15.0,20.0,8.4,10.8,3.4,12.3,12.7,7.3,3.0,6.7,1028.9,1030.9,1026.1,1031.9,1028.0,1026.7,1028.1,1031.4,1030.6,61.31946
2021-03-02,61.31946,62.7,87.5,59.75,1.9364,15.869,607.54,2806.67,5814.0,34066.29,19541.75,974.88,2005.21,2316.25,10.9,8.5,13.6,7.8,11.9,12.5,9.7,8.0,8.9,7.4,2.0,10.0,2.0,7.9,8.9,3.0,1.7,4.0,14.9,16.0,17.7,14.5,15.9,16.0,18.0,17.0,14.0,8.9,8.2,14.3,4.3,14.0,11.4,6.6,2.8,9.4,1032.5,1033.3,1028.8,1034.3,1030.9,1029.2,1031.1,1032.1,1033.3,62.520605
2021-03-03,62.520605,64.07,,61.28,1.9518,15.527,629.33,2776.29,5696.21,34557.83,20333.92,968.33,1987.96,2165.79,10.9,10.1,11.4,8.0,10.8,12.2,9.4,7.7,7.9,7.3,3.6,4.8,1.3,7.3,8.0,3.0,2.6,2.0,14.3,17.0,18.0,15.3,12.9,15.0,20.0,13.5,14.0,10.7,9.0,11.9,3.8,7.5,10.0,6.0,2.4,7.1,1032.1,1031.1,1029.9,1031.4,1031.5,1030.2,1031.3,1031.0,1030.8,61.878083
2021-03-04,61.878083,66.74,87.5,63.83,1.9979,15.932,631.38,2751.29,5711.38,34394.29,20207.92,985.83,1946.54,2159.96,10.9,9.5,11.7,8.1,11.4,13.0,8.9,8.2,7.4,6.7,3.0,5.0,0.9,9.5,9.0,3.6,4.1,2.0,15.6,16.0,16.5,14.7,12.7,16.0,17.0,14.0,12.1,11.3,7.2,13.6,8.1,6.7,8.4,6.4,2.8,5.9,1024.9,1022.4,1023.5,1022.7,1025.7,1024.9,1025.2,1022.1,1022.5,57.709665
2021-03-05,57.709665,69.36,87.75,66.09,2.0647,16.367,681.0,2663.0,5786.08,35233.88,20975.71,957.42,1989.0,2181.67,11.3,11.1,14.3,9.2,11.5,12.7,9.6,8.1,9.2,6.3,6.9,11.8,3.3,9.2,10.0,5.0,2.8,5.5,14.6,16.0,17.1,15.2,12.4,15.0,16.0,15.0,13.0,9.6,7.2,13.3,6.7,7.4,7.4,7.1,3.8,8.1,1019.1,1016.8,1017.4,1017.0,1019.8,1018.9,1019.0,1016.7,1017.0,55.827943
2021-03-06,55.827943,,,,,,545.75,2152.0,5115.21,28721.83,15887.71,933.88,1927.5,2159.79,11.9,7.3,13.3,6.7,12.1,13.7,10.9,5.6,6.8,8.9,2.0,10.0,4.3,10.1,10.3,7.2,3.9,3.5,14.9,11.0,19.0,9.6,14.2,17.0,17.0,7.0,9.4,15.3,13.7,9.5,14.6,8.8,10.8,5.3,8.4,19.2,1024.0,1026.9,1021.1,1028.0,1022.9,1021.5,1022.8,1027.1,1028.2,53.592666
2021-03-07,53.592666,,,,,,525.21,1872.33,4552.58,24813.38,13298.21,924.54,1823.46,1817.04,11.1,5.5,14.2,6.1,11.6,14.2,9.3,6.3,5.1,8.7,0.1,9.6,1.1,9.3,11.0,7.0,3.2,-0.3,14.2,11.2,17.3,11.4,13.5,17.0,12.1,10.0,9.0,11.6,8.5,14.5,4.1,11.5,10.1,8.6,3.3,10.5,1025.0,1024.5,1019.7,1025.0,1022.8,1021.3,1022.4,1024.2,1024.6,62.901216
2021-03-08,62.901216,68.24,88.0,65.05,2.0487,16.151,597.21,2669.04,5748.21,33424.17,19236.25,993.79,2078.5,2101.17,11.7,6.5,15.4,5.8,12.4,13.4,10.4,6.4,5.7,8.6,1.0,14.0,-0.1,11.0,9.9,9.6,1.8,0.5,14.3,12.3,17.9,12.2,13.7,16.0,12.0,13.0,11.0,7.9,10.8,16.7,5.7,7.2,10.7,7.9,2.7,6.2,1017.3,1017.2,1012.3,1017.4,1015.6,1014.1,1014.9,1016.6,1017.8,64.305024
2021-03-09,64.305024,67.52,88.5,64.01,2.0502,16.925,627.96,2823.04,5954.12,35168.29,20509.83,1026.04,2095.71,2131.58,13.4,8.2,13.8,7.0,12.7,14.3,9.7,6.4,7.0,11.1,5.4,10.0,2.5,11.5,11.0,8.4,2.8,3.0,18.1,12.0,17.5,11.9,13.4,18.5,11.0,11.0,12.0,10.0,5.1,11.8,6.3,18.2,18.5,11.1,3.7,11.5,1012.6,1015.0,1011.2,1015.9,1011.4,1012.3,1009.7,1015.5,1015.2,55.619885
2021-03-10,55.619885,67.9,89.0,64.44,2.0795,17.632,632.62,2829.5,5713.71,34634.58,20391.67,1003.5,1918.92,2144.67,10.8,7.5,11.9,6.9,11.4,14.0,9.5,6.4,8.0,8.7,3.0,8.0,0.9,9.4,13.4,5.4,-0.4,3.0,12.8,13.7,17.7,12.8,13.8,15.0,16.0,14.0,12.0,22.8,5.1,14.5,5.7,14.7,20.9,16.2,5.3,11.4,1013.4,1017.8,1017.2,1018.5,1013.0,1015.0,1014.0,1017.7,1017.6,61.279474
2021-03-11,61.279474,69.63,89.0,66.02,2.138,18.127,627.0,2892.5,6049.83,35019.67,20569.46,950.62,1887.79,2042.46,11.3,9.5,11.3,7.5,10.4,13.8,8.8,6.9,7.7,9.6,3.0,3.7,1.9,6.0,10.8,1.5,2.7,2.7,13.8,15.0,18.2,12.5,13.0,15.0,16.0,13.0,11.1,22.1,7.8,12.3,4.5,11.6,14.6,9.3,4.8,6.8,1021.5,1018.2,1024.5,1018.2,1022.8,1023.5,1022.5,1017.6,1018.6,60.591457
2021-03-12,60.591457,69.22,90.0,65.61,2.15,18.448,623.0,2996.04,6092.46,34921.58,20374.96,948.08,1831.83,2055.21,12.7,10.9,13.5,10.7,13.7,13.8,12.4,8.0,8.8,9.2,5.0,6.1,5.2,12.8,9.9,10.2,1.8,7.0,16.9,15.8,19.5,16.9,14.1,18.0,15.0,16.0,12.0,14.7,7.3,13.6,10.3,20.1,20.3,13.2,4.8,6.5,1018.6,1012.6,1020.1,1011.6,1019.5,1021.2,1017.9,1012.4,1012.9,56.480068
2021-03-13,56.480068,,,,,,668.12,2404.83,5095.29,28487.46,15447.0,932.29,1877.58,2062.33,14.5,11.6,12.9,9.2,13.5,14.9,13.0,8.8,8.6,12.2,5.0,8.0,2.4,12.8,13.0,8.9,0.2,4.0,18.5,19.4,18.2,15.5,14.1,17.0,19.0,17.0,14.0,12.0,10.1,20.1,6.3,14.2,15.3,9.1,6.9,8.7,1016.6,1012.2,1019.5,1011.8,1016.8,1018.4,1015.8,1011.1,1012.5,43.889609
2021-03-14,43.889609,,,,,,550.08,1883.88,4487.58,24176.67,13006.67,901.08,1658.08,1689.29,14.4,10.5,11.0,8.8,13.2,13.6,11.5,7.2,6.8,9.3,3.0,6.3,4.6,11.4,10.3,6.1,1.9,3.1,19.4,15.0,17.5,13.2,14.2,15.1,16.0,13.0,11.0,15.3,14.9,17.9,17.8,25.0,19.0,11.9,18.0,14.9,1010.8,1007.4,1018.0,1008.9,1012.6,1016.1,1011.2,1010.2,1007.4,53.630971
2021-03-15,53.630971,68.88,90.5,65.39,2.1046,17.932,619.5,2885.42,5585.71,32243.29,18260.5,970.38,1920.21,2001.58,8.8,7.7,12.7,8.3,10.9,13.9,8.9,7.1,5.6,6.1,0.9,8.5,1.3,7.6,13.0,2.8,-1.2,0.2,11.2,16.0,16.0,14.4,13.0,14.9,16.0,15.0,10.1,33.3,8.7,27.2,13.0,19.2,31.2,10.7,16.1,8.8,1007.5,1010.4,1017.1,1011.8,1009.9,1014.4,1011.2,1011.7,1009.9,62.542112
2021-03-16,62.542112,68.39,90.5,64.8,2.1012,17.658,649.0,3078.33,6024.79,35101.38,20277.58,969.96,1983.46,2118.25,10.1,10.3,12.2,9.0,10.2,13.8,7.7,7.8,8.4,6.8,4.0,6.0,4.9,7.0,10.9,3.4,-0.3,2.0,12.7,16.0,17.0,13.8,13.7,15.0,15.0,16.0,15.0,21.3,10.8,23.6,17.0,11.3,19.4,8.6,10.3,7.2,1011.2,1013.9,1015.5,1016.4,1011.6,1012.4,1012.5,1016.5,1013.3,60.418067
2021-03-17,60.418067,68.0,90.75,64.6,2.0471,17.972,736.96,3009.42,5894.38,34442.96,19868.54,1032.08,1950.67,1950.92,9.7,8.1,9.7,8.2,9.5,13.1,6.8,6.8,8.1,6.9,1.9,1.8,2.8,6.8,9.0,1.0,0.2,2.0,11.4,14.4,16.7,13.8,12.1,15.0,14.1,13.0,12.3,29.7,8.5,12.3,8.1,8.8,10.7,6.4,5.7,9.5,1015.0,1016.0,1016.4,1016.7,1016.2,1016.0,1016.1,1016.9,1016.2,72.007099
2021-03-18,72.007099,63.28,91.0,60.0,1.9441,17.761,686.75,3051.25,5878.96,34957.62,20290.71,1046.75,2010.08,1993.12,9.4,7.0,9.8,5.9,9.0,11.5,6.6,5.7,7.5,6.5,2.0,8.0,2.3,7.0,9.0,1.2,1.2,2.9,11.9,11.0,15.2,10.9,11.2,14.0,14.0,11.0,11.0,12.4,13.2,9.2,7.3,11.5,16.1,7.1,6.7,12.6,1015.3,1016.9,1013.5,1017.7,1014.4,1011.8,1014.6,1017.0,1017.5,63.802724
2021-03-19,63.802724,64.53,92.75,61.44,1.9431,17.266,658.25,2878.5,5966.79,34918.96,20216.83,983.83,2023.0,2191.75,8.6,4.8,8.6,5.3,8.1,10.4,6.4,4.2,5.9,4.8,-1.0,4.0,1.3,5.4,7.0,0.1,0.8,1.0,11.4,10.4,12.4,10.0,10.7,14.0,13.0,8.0,10.0,10.1,10.1,6.3,8.1,13.6,11.4,8.0,7.7,12.6,1014.8,1015.6,1010.3,1016.1,1012.7,1010.9,1012.6,1015.8,1016.3,65.432327
2021-03-20,65.432327,,,,,,615.0,2298.12,5308.08,29102.33,15954.5,949.83,1924.25,2052.54,8.0,4.3,9.5,4.7,8.3,11.7,8.1,3.8,5.5,6.4,-1.3,3.4,-1.1,6.5,10.0,3.7,-3.4,1.0,10.0,10.6,15.4,10.0,10.2,14.0,14.0,11.0,10.1,10.5,10.1,11.4,6.9,20.9,10.4,11.2,5.3,17.4,1014.1,1017.9,1009.2,1018.6,1011.2,1007.8,1011.8,1017.6,1018.3,55.274095
2021-03-21,55.274095,,,,,,528.33,2218.83,4891.29,25463.5,13483.46,937.88,1734.54,1669.17,8.8,4.6,8.4,4.4,8.8,11.3,8.0,3.9,4.2,6.8,-0.4,4.0,-0.8,7.4,9.5,2.6,-1.8,-2.0,10.5,10.0,14.0,9.0,10.6,13.0,14.0,10.0,8.0,23.4,9.3,14.4,6.2,25.0,17.9,20.9,5.3,12.3,1007.3,1015.1,1008.7,1016.8,1006.1,1003.4,1007.2,1016.0,1015.5,62.617137
2021-03-22,62.617137,64.62,94.0,61.56,1.9598,18.046,686.25,2854.46,5931.71,33218.38,18572.21,962.92,2120.17,2090.67,9.5,7.1,7.8,7.1,9.0,9.1,8.0,7.1,7.2,6.6,-2.0,0.3,0.5,7.2,7.0,2.3,-0.4,-0.7,11.2,14.0,15.1,14.4,11.7,11.3,14.0,16.0,13.0,31.6,7.2,13.7,6.6,23.7,15.9,19.6,4.9,7.9,1005.5,1013.0,1010.5,1013.6,1006.6,1006.3,1008.1,1013.4,1012.7,61.650421
2021-03-23,61.650421,60.79,,57.76,1.8964,18.39,675.75,2977.54,5981.08,35127.08,20147.71,1022.75,2118.75,2203.5,10.1,9.0,10.1,8.5,7.9,11.0,7.8,7.7,9.4,8.2,3.3,2.2,3.9,5.4,8.3,3.5,0.7,4.0,11.0,14.0,17.5,13.4,10.3,12.0,13.0,15.0,14.0,39.9,12.3,12.3,8.1,23.8,35.7,17.9,4.7,10.7,1013.7,1021.6,1020.2,1022.1,1016.2,1015.4,1018.5,1021.6,1021.5,62.347131
2021-03-24,62.347131,64.41,94.5,61.18,1.989,18.589,688.67,2965.92,6090.88,35106.17,20001.92,1021.79,2112.0,2225.0,11.0,9.8,10.2,9.6,9.4,12.2,8.7,9.3,8.6,7.5,3.0,2.4,1.3,4.9,10.0,1.2,2.8,1.0,12.9,17.1,17.7,16.4,13.3,13.0,17.0,18.0,14.0,31.4,6.8,10.6,5.1,13.6,16.6,11.1,3.5,8.9,1020.2,1022.2,1024.1,1022.5,1022.0,1022.2,1022.3,1021.8,1022.5,65.709223
2021-03-25,65.709223,61.95,94.5,58.56,1.9209,18.367,737.17,2950.25,6065.12,34428.79,19486.0,985.62,2135.04,2069.58,11.5,11.5,10.5,10.5,11.0,11.8,9.8,10.5,9.1,8.5,4.1,3.0,2.3,6.4,7.0,2.5,4.2,2.0,14.2,19.0,18.6,17.5,13.8,15.0,17.0,19.0,14.0,15.8,8.7,10.9,4.0,9.3,11.0,8.3,4.8,8.8,1022.3,1021.2,1024.2,1021.5,1022.5,1023.5,1022.5,1020.8,1021.9,65.687385
2021-03-26,65.687385,64.57,93.95,60.97,1.9673,18.699,718.17,2996.71,5945.79,34513.67,19556.38,989.21,2165.92,2141.5,11.1,12.2,12.1,11.8,12.2,12.6,11.0,10.7,9.9,5.9,5.0,5.0,4.8,10.2,9.0,4.5,5.2,4.0,16.3,19.0,17.8,17.3,13.8,15.4,18.0,17.0,14.0,10.9,9.9,12.4,5.4,7.0,9.7,7.4,4.3,8.3,1025.8,1023.2,1025.3,1023.1,1025.7,1026.4,1025.3,1022.6,1023.6,58.052305
2021-03-27,58.052305,,,,,,611.33,2393.04,5262.17,28883.5,15543.5,901.46,1984.75,2187.25,12.7,12.3,13.4,12.1,12.8,14.1,12.4,11.8,11.8,8.2,6.5,7.0,10.0,11.8,9.5,8.6,7.0,8.0,17.6,17.2,19.0,15.4,13.4,18.0,18.0,17.0,16.0,12.9,6.0,12.4,4.8,9.3,8.9,8.9,5.6,10.5,1027.1,1024.3,1024.8,1024.3,1028.1,1026.9,1027.3,1023.5,1024.3,63.271475
2021-03-28,63.271475,,,,,,551.09,1922.7,4318.3,24039.26,12887.74,874.17,1694.26,1791.0,14.1,13.7,13.3,12.2,12.5,14.8,12.3,12.6,12.5,10.3,7.0,6.7,7.7,8.7,10.8,6.1,9.2,9.0,17.7,20.0,19.0,17.4,14.6,19.0,19.0,19.0,16.0,8.8,7.1,10.9,5.9,6.8,11.9,6.6,4.4,9.6,1030.6,1029.8,1029.5,1030.1,1030.3,1028.8,1030.8,1030.0,1030.2,63.208269
2021-03-29,63.208269,64.98,,61.56,1.9952,18.443,601.75,2574.12,5221.21,31147.54,17986.75,922.88,1856.5,1984.33,14.2,14.5,13.4,13.2,12.4,13.9,13.0,13.1,12.1,12.3,8.0,6.5,6.5,8.6,10.0,5.0,5.8,8.0,16.5,21.1,20.0,20.1,14.7,17.0,21.0,22.0,17.0,11.9,8.2,9.7,5.2,5.9,12.5,6.6,4.0,6.4,1032.0,1032.4,1032.0,1032.6,1031.5,1030.1,1032.0,1032.5,1032.8,62.424452
2021-03-30,62.424452,64.17,93.85,60.55,1.9964,18.804,618.33,2713.46,5444.33,33130.75,19484.0,926.0,1886.54,2058.08,14.5,15.8,12.4,15.1,14.2,13.7,14.5,15.2,13.5,12.5,10.0,6.0,8.2,10.2,10.0,7.0,8.5,7.0,16.6,23.0,19.2,22.4,18.3,16.1,24.0,24.0,20.7,15.6,8.4,10.7,4.1,11.1,13.2,7.9,4.6,6.4,1029.5,1030.4,1029.8,1030.3,1028.8,1028.7,1029.2,1030.4,1030.7,60.582182
2021-03-31,60.582182,62.74,96.25,59.16,1.9597,18.994,540.67,2763.21,5589.54,33028.38,19381.25,931.29,1855.67,1966.75,14.8,16.6,14.0,16.1,14.1,13.8,15.0,15.9,15.6,12.9,10.0,6.0,8.2,10.1,10.0,8.3,9.1,9.0,17.0,25.0,21.4,23.1,19.3,16.3,24.0,24.0,21.8,13.9,8.6,9.3,4.7,8.4,8.7,7.6,3.8,6.3,1025.1,1025.1,1025.3,1025.3,1024.3,1024.7,1024.6,1025.3,1025.1,61.288187
2021-04-01,61.288187,64.86,,61.45,2.0223,19.172,598.71,2955.25,5372.71,32964.25,19161.0,946.62,1872.0,2057.96,16.1,18.7,15.3,16.4,13.7,14.6,14.8,16.4,15.1,12.5,11.8,7.8,8.6,11.8,10.8,9.6,9.4,10.0,19.7,26.0,21.3,24.6,15.2,17.3,22.0,25.0,19.0,7.2,10.6,10.5,5.9,8.0,8.8,7.2,3.8,7.6,1019.6,1018.2,1021.4,1018.3,1020.7,1021.4,1020.2,1018.5,1018.3,56.873449
2021-04-02,56.873449,,,,,,641.29,2750.12,5393.38,31323.29,17810.54,952.21,1788.71,1987.04,16.9,19.1,14.4,16.7,14.1,15.5,14.9,16.3,14.9,13.6,11.5,7.2,9.7,13.1,11.5,9.9,8.8,10.0,20.8,25.1,19.2,24.9,14.8,20.0,21.0,26.0,20.0,12.2,12.4,12.7,11.0,11.5,10.5,6.1,5.2,10.3,1015.2,1012.7,1016.0,1012.5,1017.3,1017.5,1016.7,1012.5,1012.6,59.322547
2021-04-03,59.322547,,,,,,474.83,2208.42,4884.04,25726.96,13664.5,908.54,1672.54,1914.08,17.9,13.5,17.2,13.0,13.7,16.1,13.6,13.6,14.0,13.6,8.7,13.5,7.9,12.6,14.0,9.0,6.8,11.7,24.2,18.0,21.0,17.1,14.9,18.0,20.0,21.0,17.0,15.0,16.1,13.5,14.2,8.8,9.5,6.6,7.4,18.6,1010.4,1011.6,1010.4,1011.9,1011.8,1011.3,1011.3,1011.5,1012.2,40.261519
2021-04-04,40.261519,,,,,,490.29,1760.58,4158.79,20267.96,9745.04,882.0,1514.88,1716.38,13.5,9.1,14.8,12.4,13.0,16.2,14.2,11.8,12.1,12.4,3.0,11.9,9.3,10.4,14.8,8.5,8.4,10.2,14.8,14.0,19.0,16.1,15.4,17.1,20.0,16.0,13.3,24.2,12.7,9.0,9.0,22.0,6.5,13.4,7.6,18.2,1014.2,1018.1,1011.5,1018.3,1011.9,1009.8,1012.2,1017.8,1018.5,53.30344
2021-04-05,53.30344,62.15,96.5,58.65,1.9611,,438.75,1832.58,4010.42,21000.29,10607.75,871.96,1519.54,1719.29,11.5,10.2,13.2,11.5,11.5,15.0,11.3,10.3,10.3,7.8,0.0,8.0,6.4,8.9,11.9,7.0,5.2,5.7,15.0,17.0,18.0,17.2,13.6,17.0,17.0,16.0,14.0,14.2,7.5,11.6,9.2,13.1,15.1,9.4,4.5,13.0,1015.0,1013.0,1014.5,1012.7,1013.7,1012.9,1013.8,1012.2,1013.3,60.51566
2021-04-06,60.51566,62.74,94.85,59.33,1.9663,19.781,611.46,2806.29,5036.12,30577.75,17408.58,1031.46,1788.5,1895.33,14.2,7.0,14.5,9.3,13.9,14.6,12.3,9.7,7.9,8.2,1.8,9.0,4.8,12.6,10.8,7.2,3.2,3.5,20.6,11.0,20.0,13.5,15.8,17.2,18.0,15.0,12.0,17.3,13.2,19.1,13.3,21.5,24.2,15.5,9.4,22.5,1004.8,1005.3,1010.4,1005.5,1006.2,1010.9,1003.9,1005.6,1005.1,67.182713
2021-04-07,67.182713,63.16,,59.77,1.9518,19.287,557.79,2871.0,5616.54,33876.17,20042.04,917.33,1835.29,2036.17,9.3,5.0,11.3,6.4,10.6,15.1,8.7,5.5,6.3,7.6,-0.3,7.8,2.6,7.9,13.3,4.5,-1.1,1.5,11.2,11.4,15.5,10.7,13.2,16.0,13.0,12.0,11.8,21.3,10.7,19.4,14.6,16.7,35.6,16.8,6.7,9.0,1011.1,1014.9,1015.1,1015.7,1009.5,1012.6,1010.3,1016.3,1013.9,72.098901
2021-04-08,72.098901,63.2,,59.6,1.9593,18.991,682.04,3126.38,5577.12,33782.71,19339.88,996.04,1808.71,2252.54,9.3,9.0,9.4,7.8,9.3,12.3,8.1,6.0,6.9,5.9,2.0,0.7,-0.8,5.1,10.3,0.5,-2.2,0.0,12.2,16.0,15.4,14.8,13.4,14.0,15.0,15.0,12.0,22.2,11.2,13.3,8.1,15.1,29.2,10.8,5.1,11.9,1024.7,1023.7,1026.4,1023.8,1025.1,1024.2,1025.8,1023.2,1023.5,71.324965
2021-04-09,71.324965,62.95,93.1,59.32,1.9621,18.938,693.25,2997.71,5439.46,33300.62,19238.17,1019.62,1833.29,2079.12,10.5,11.1,12.8,9.8,10.8,12.3,8.9,8.6,9.4,5.6,3.0,4.6,4.5,7.2,7.9,1.3,2.0,3.9,14.6,17.0,17.3,14.6,13.0,16.0,17.0,15.0,14.0,14.2,9.7,21.8,6.3,6.9,13.5,9.0,5.6,15.1,1029.2,1025.6,1025.3,1025.5,1028.6,1027.3,1028.1,1024.7,1025.6,59.789904
2021-04-10,59.789904,,,,,,587.25,2498.21,5230.5,28668.25,15662.58,937.96,1769.12,1982.62,13.2,11.5,15.7,10.7,12.1,13.3,11.3,9.6,11.4,8.4,7.0,14.6,7.7,9.7,9.2,6.5,7.1,7.0,19.0,15.0,17.0,15.4,13.5,17.0,15.0,16.0,15.2,15.6,7.9,29.8,6.8,9.9,12.0,9.2,4.2,10.5,1025.2,1021.9,1019.6,1021.8,1025.2,1023.6,1024.2,1021.6,1022.0,58.542967
2021-04-11,58.542967,,,,,,556.58,2224.33,4620.75,24864.79,13190.25,879.33,1586.21,1807.33,14.6,11.3,16.4,10.5,13.0,14.3,12.8,8.9,10.4,10.1,10.0,14.7,9.1,10.7,10.0,9.7,6.4,9.9,20.3,14.2,19.7,12.8,14.9,18.0,16.0,12.0,13.0,15.8,12.9,22.4,9.0,9.2,11.5,11.4,4.4,13.4,1022.1,1017.7,1017.3,1018.2,1021.8,1019.9,1020.4,1018.5,1019.4,73.394692
2021-04-12,73.394692,63.28,93.3,59.7,1.97,19.65,585.62,2788.67,5486.08,32299.5,18686.58,960.12,1729.92,2062.5,15.8,12.1,15.2,10.0,13.5,15.3,12.5,9.7,11.6,13.5,10.0,9.4,8.3,12.0,13.0,10.2,7.0,10.0,20.3,17.0,20.1,11.6,14.8,19.0,16.0,14.0,13.0,17.1,9.5,18.4,7.3,12.7,10.2,13.0,4.8,13.0,1019.9,1015.1,1018.6,1016.2,1020.0,1019.5,1018.4,1016.1,1015.8,75.694002
2021-04-13,75.694002,63.67,,60.18,1.9757,19.512,583.54,2710.67,5436.08,32937.75,19768.71,945.96,1666.96,1825.83,15.0,8.0,13.2,8.7,13.1,14.6,11.2,8.0,8.4,12.6,6.3,10.0,5.1,12.1,11.9,6.7,-0.2,6.5,19.9,11.0,18.7,13.7,13.8,16.1,16.0,15.0,12.0,16.1,11.2,23.4,5.4,21.6,26.2,12.1,5.6,21.0,1016.3,1019.3,1020.8,1020.4,1017.0,1019.7,1016.3,1019.6,1018.5,81.553913
2021-04-14,81.553913,66.58,93.4,63.15,2.0355,19.682,583.21,2999.08,5575.29,33931.79,20012.75,923.04,1801.25,2037.17,11.0,8.1,13.0,8.4,11.7,13.1,10.0,7.5,9.0,9.0,2.8,7.8,3.5,9.5,9.0,4.5,2.7,5.0,12.6,13.0,17.8,12.8,14.1,16.0,17.0,13.0,13.0,25.6,10.4,11.9,7.0,15.7,15.2,11.6,5.1,8.8,1021.1,1022.5,1020.0,1023.1,1019.7,1019.0,1019.8,1022.2,1022.5,76.185023
2021-04-15,76.185023,66.94,93.5,63.46,2.0518,20.26,595.75,3208.12,5918.96,35295.33,20575.29,984.92,1850.17,2162.12,11.2,6.8,13.4,7.4,11.3,14.0,10.3,6.3,8.7,7.6,2.0,8.0,4.6,8.4,11.8,6.0,4.0,5.0,14.2,11.5,17.0,10.1,13.6,16.0,16.0,10.0,12.0,14.9,9.8,11.1,10.2,12.0,6.2,7.8,7.5,9.5,1021.3,1021.3,1017.5,1022.2,1019.1,1017.8,1019.0,1021.6,1022.3,74.161908
2021-04-16,74.161908,66.77,94.3,63.13,2.0399,20.538,617.46,3036.75,5788.54,33748.38,19362.12,933.38,1858.46,2151.67,11.1,8.1,12.0,8.2,14.3,14.0,10.2,6.0,9.1,8.7,2.0,10.9,2.3,4.0,12.3,4.7,2.8,4.0,13.5,14.0,14.0,13.1,25.0,16.0,17.0,11.0,13.0,10.6,9.3,9.1,6.8,9.0,23.4,8.4,5.6,9.3,1018.3,1019.5,1013.2,1020.2,1021.2,1010.8,1015.5,1020.5,1019.9,68.140129
2021-04-17,68.140129,,,,,,557.75,2527.75,5065.21,28509.79,15440.67,928.58,1852.29,2137.54,12.2,7.8,11.4,8.7,16.2,13.8,10.8,8.7,10.2,9.9,2.0,8.5,1.5,4.0,12.0,5.1,1.8,4.0,15.2,14.1,15.0,14.4,26.0,15.0,17.0,16.0,14.8,16.8,9.9,9.6,4.8,8.4,11.5,9.8,4.4,14.0,1012.5,1016.3,1013.2,1017.0,1022.1,1010.4,1012.0,1016.2,1016.3,68.734775
2021-04-18,68.734775,,,,,,568.12,2116.75,4587.62,24897.54,13396.79,895.0,1602.58,1730.67,12.6,9.1,9.4,9.4,16.8,13.3,9.3,8.6,11.1,10.1,4.5,7.0,5.7,5.0,11.0,5.4,3.5,8.0,15.9,14.2,13.0,13.8,27.0,14.7,16.0,14.0,14.0,12.7,7.9,10.3,6.0,5.0,17.8,11.0,5.4,12.6,1015.0,1015.8,1014.8,1016.6,1021.5,1014.9,1013.7,1016.0,1016.2,80.899553
2021-04-19,80.899553,67.05,94.35,63.43,2.0445,20.941,593.58,2688.54,5712.79,31850.96,17910.0,1053.04,1825.38,2067.62,11.8,10.3,9.8,10.2,14.7,13.4,8.8,9.6,11.6,10.4,6.0,4.6,4.4,4.0,11.0,4.8,1.8,7.0,13.6,16.0,16.3,15.7,28.0,15.0,14.0,17.0,15.0,13.6,7.8,10.2,5.2,6.0,28.4,6.5,3.8,9.7,1014.7,1015.9,1018.0,1016.3,1021.4,1016.4,1014.6,1015.8,1015.6,79.254897
2021-04-20,79.254897,66.57,94.0,62.67,2.0174,21.066,702.75,2922.83,5560.88,32852.92,18727.0,1017.54,1859.29,2062.62,12.2,12.8,12.3,11.8,11.6,14.9,9.9,10.9,12.0,8.5,7.0,4.5,5.3,9.4,12.9,4.6,2.6,6.9,16.7,19.0,17.9,18.3,13.7,17.0,17.0,19.0,16.0,12.9,11.0,10.1,5.9,7.0,15.2,6.6,4.7,10.6,1016.7,1014.8,1017.2,1014.9,1016.8,1017.8,1016.6,1014.2,1014.9,78.401726
2021-04-21,78.401726,65.32,93.75,61.35,1.9834,21.109,711.46,2944.25,5844.54,33667.67,19305.29,1077.71,1888.96,1895.46,12.7,12.8,14.3,11.8,12.7,15.3,11.5,10.3,12.9,8.3,6.4,8.0,7.5,10.9,10.0,4.5,5.9,9.0,15.7,19.0,18.1,17.0,14.1,19.7,18.0,15.0,16.0,15.7,10.6,12.6,8.4,8.5,9.8,6.6,5.2,11.6,1020.0,1017.0,1015.4,1017.4,1019.2,1016.8,1018.6,1017.1,1017.4,73.737647
2021-04-22,73.737647,65.4,93.95,61.43,1.9747,21.368,658.04,2934.29,5746.96,33464.08,19187.5,976.83,1848.38,2112.08,14.2,12.5,16.4,12.6,12.9,16.9,13.2,11.8,13.2,11.9,9.0,13.9,5.8,11.1,14.9,9.6,4.1,9.8,16.3,17.0,20.3,18.9,14.6,19.2,18.0,19.0,16.0,10.8,5.3,13.1,4.9,8.7,13.3,7.2,3.4,11.2,1019.0,1018.7,1014.3,1018.4,1017.6,1014.7,1017.3,1018.4,1019.3,70.803928
2021-04-23,70.803928,66.11,93.0,62.14,1.9957,20.046,672.96,2841.46,5655.83,32923.88,18870.04,960.67,1843.21,2079.71,14.1,13.1,14.6,13.8,14.7,15.4,14.4,13.4,14.4,13.5,6.0,12.0,8.5,12.4,14.6,7.5,5.9,10.0,15.2,19.2,20.2,19.5,17.5,17.0,23.0,21.0,18.0,14.5,8.9,9.1,7.4,16.6,20.0,7.9,3.9,7.7,1019.8,1021.8,1018.0,1021.7,1017.5,1015.4,1018.0,1021.0,1022.0,64.726902
2021-04-24,64.726902,,,,,,552.0,2147.54,4931.29,27554.38,15207.0,962.62,1785.29,1968.62,15.2,14.7,14.9,15.2,15.5,15.6,14.9,14.9,15.1,13.4,8.0,7.9,9.0,12.6,14.0,7.6,8.1,9.0,18.6,21.2,20.0,21.1,18.1,17.0,23.0,22.0,19.0,18.5,10.7,11.4,5.7,16.2,20.3,11.1,5.0,10.1,1019.7,1021.5,1020.2,1021.6,1018.6,1017.6,1018.8,1021.1,1021.7,67.071575
2021-04-25,67.071575,,,,,,479.79,1892.58,4386.71,21913.12,11112.79,892.38,1564.58,1584.29,15.0,16.0,14.9,15.8,13.6,15.7,14.3,15.7,15.5,10.9,9.0,8.4,8.3,10.7,11.0,7.3,8.1,9.0,19.0,23.3,19.2,23.6,15.5,19.0,22.0,23.0,20.0,10.4,7.9,12.3,7.4,7.5,12.6,8.2,3.8,9.3,1018.0,1016.3,1017.6,1016.5,1018.6,1018.3,1017.7,1015.8,1016.5,72.797382
2021-04-26,72.797382,65.65,93.1,61.91,1.9786,20.001,642.42,2526.54,5284.54,30547.75,17313.62,900.0,1780.79,2099.83,16.8,13.5,17.2,13.8,14.8,16.7,14.6,13.0,14.2,11.6,9.0,15.0,11.1,12.7,12.0,8.1,11.3,11.0,23.6,17.0,20.2,16.9,16.5,19.4,22.0,15.1,16.4,15.4,7.3,20.8,11.2,7.4,13.3,7.6,4.3,15.1,1014.6,1013.1,1009.0,1013.7,1014.4,1011.8,1013.3,1013.1,1014.2,77.042147
2021-04-27,77.042147,66.42,93.1,62.94,2.0204,21.403,610.08,2783.62,5531.62,32438.21,18818.5,959.33,1826.17,1908.88,17.9,12.2,17.4,12.3,15.8,18.6,15.9,11.6,12.6,15.3,10.6,13.8,10.0,13.9,17.0,13.0,9.3,9.9,21.6,14.2,22.0,16.2,17.1,21.0,20.0,15.0,15.0,15.8,8.8,12.6,8.1,14.5,9.3,9.1,6.1,11.3,1008.0,1009.1,1006.3,1009.3,1007.2,1007.1,1006.1,1008.9,1009.5,76.126003
2021-04-28,76.126003,66.78,92.9,63.86,2.0722,21.554,526.38,3042.42,5401.67,33025.08,19395.38,913.17,1765.83,1980.25,17.0,13.7,18.2,13.8,15.5,17.6,15.9,11.6,13.3,15.3,11.0,11.0,10.5,15.1,15.0,12.8,9.8,9.0,18.8,17.0,25.3,18.4,16.0,19.3,20.0,15.0,17.0,10.3,5.5,8.3,5.7,15.1,8.3,8.7,3.8,11.3,1009.4,1008.6,1008.4,1008.7,1009.3,1009.4,1008.3,1008.6,1008.6,76.473887
2021-04-29,76.473887,68.05,92.9,65.01,2.1038,22.501,561.54,2890.17,5367.12,33049.5,19493.38,919.12,1769.08,2049.08,17.7,14.9,18.3,13.9,15.3,18.7,15.6,12.5,14.9,13.9,9.7,15.0,10.4,13.2,14.7,11.9,10.2,13.8,24.2,18.7,23.0,16.8,17.3,25.0,19.0,15.0,17.0,10.7,4.6,11.1,6.8,6.7,14.7,6.0,2.8,8.0,1012.6,1009.0,1010.6,1008.6,1012.3,1010.3,1011.9,1008.4,1009.5,74.850927
2021-04-30,74.850927,66.76,93.3,63.58,2.0763,23.285,607.21,2806.71,5362.83,32579.46,18998.21,921.04,1760.79,2122.67,21.7,16.3,17.5,14.6,17.2,18.5,17.7,12.5,16.2,17.2,8.3,11.4,11.5,15.1,15.0,11.3,8.2,13.0,28.1,23.0,22.8,18.5,19.9,22.0,25.0,17.0,18.8,13.6,6.5,11.0,6.3,8.5,11.3,8.0,2.9,11.5,1012.3,1010.0,1009.9,1010.2,1011.5,1010.4,1011.1,1009.9,1010.6,57.608763
2021-05-01,57.608763,,,,,,432.29,1816.38,4362.88,22396.42,11744.04,847.88,1528.75,1664.21,21.3,16.1,17.8,14.4,18.0,21.9,17.1,11.5,16.3,17.4,11.0,15.6,11.6,16.6,18.0,13.9,8.6,12.0,26.2,21.0,22.2,18.2,19.2,27.4,21.0,14.0,21.0,13.6,11.0,15.6,7.9,15.4,10.9,11.3,2.9,12.6,1011.4,1007.3,1010.5,1007.6,1011.6,1011.8,1009.6,1007.7,1008.2,45.83849
2021-05-02,45.83849,,,,,,469.67,1925.08,4089.83,22763.42,12103.92,851.75,1592.54,1730.62,22.5,17.1,16.6,14.9,16.3,17.7,15.7,13.9,16.9,17.3,10.3,11.0,9.4,15.8,15.9,12.3,8.2,10.7,27.5,22.6,23.5,20.6,17.4,19.0,18.0,21.0,21.2,17.8,13.4,12.1,11.4,18.4,13.6,12.9,8.1,24.9,1013.7,1008.6,1017.9,1008.3,1016.5,1018.0,1015.3,1009.0,1007.6,71.990303
2021-05-03,71.990303,67.56,92.8,64.49,2.1015,23.813,543.33,2740.29,5115.42,30811.04,17649.88,883.54,1726.62,2151.96,17.9,14.4,16.2,12.8,15.9,16.4,14.7,12.3,13.2,16.2,9.8,12.7,8.6,14.0,15.0,10.8,4.3,9.0,18.9,19.1,21.1,17.4,17.1,17.2,20.0,19.0,17.0,14.4,10.4,13.1,6.7,7.2,7.5,9.0,4.9,13.1,1019.3,1019.0,1019.8,1019.3,1020.3,1019.3,1019.9,1018.6,1019.4,74.41445
2021-05-04,74.41445,68.88,93.0,65.69,2.1512,23.048,580.88,2777.38,5260.33,31904.21,18382.92,874.67,1762.33,2265.71,16.2,15.5,16.7,13.8,15.3,17.3,13.1,13.6,14.4,13.0,8.0,12.7,7.7,13.1,13.0,8.0,7.9,10.0,19.4,22.0,21.0,19.0,16.6,20.6,20.0,19.0,17.0,12.0,10.3,6.8,7.0,6.0,8.8,4.8,5.5,12.6,1018.6,1015.5,1017.3,1015.5,1018.7,1017.5,1018.5,1014.7,1015.7,72.76723
2021-05-05,72.76723,68.96,93.8,65.63,2.1513,23.962,563.67,2718.92,5276.75,32346.08,19054.04,860.88,1809.04,2062.79,18.1,16.9,18.1,14.3,15.3,18.1,15.1,13.6,15.5,15.0,8.0,14.0,9.7,13.8,15.4,10.8,6.9,10.8,21.0,22.6,25.2,19.3,16.3,21.4,20.0,23.0,20.2,10.6,12.5,14.2,9.7,8.1,11.3,9.3,6.0,14.0,1013.0,1008.1,1014.9,1007.9,1014.5,1014.7,1013.9,1007.7,1007.3,73.852565
2021-05-06,73.852565,68.09,,64.71,2.1137,24.33,585.5,2668.0,5101.04,31736.38,18585.62,911.54,1783.54,2101.12,19.0,17.5,17.4,13.8,16.2,17.3,16.9,14.1,13.1,14.9,14.1,11.8,6.9,15.2,14.0,12.6,6.0,11.0,22.0,23.9,25.8,19.4,16.9,24.0,21.0,22.0,16.0,13.9,10.3,11.2,11.9,11.6,8.0,14.6,4.6,20.3,1014.5,1010.0,1016.4,1010.2,1016.5,1016.6,1015.2,1009.4,1010.9,74.630812
2021-05-07,74.630812,68.28,96.15,64.9,2.1269,23.941,582.58,2825.04,5179.38,32678.75,19121.25,898.62,1837.21,2234.67,20.4,18.3,19.2,16.3,16.6,17.8,17.1,15.2,16.1,16.7,10.0,11.8,12.1,15.7,15.0,13.0,7.9,13.0,25.4,26.0,27.3,21.9,17.4,19.0,21.0,24.0,21.0,12.5,11.5,16.7,10.9,12.2,6.9,11.5,10.9,12.6,1013.2,1008.2,1016.7,1009.1,1015.9,1016.1,1014.8,1008.9,1008.2,71.562862
2021-05-08,71.562862,,,,,,456.04,2392.33,4873.0,26954.92,14758.21,835.12,1640.92,1999.29,18.8,16.4,20.1,14.1,16.9,18.9,18.2,13.6,14.9,17.6,13.6,13.7,9.5,15.0,16.0,12.0,6.7,10.0,20.0,20.4,26.6,18.9,17.8,22.0,25.0,19.0,18.1,16.1,12.4,17.2,9.1,7.8,9.8,8.6,6.5,15.2,1016.9,1018.5,1018.5,1019.4,1016.9,1017.5,1016.6,1019.2,1019.4,70.140265
2021-05-09,70.140265,,,,,,457.04,2098.75,4248.58,22950.79,12083.5,808.58,1516.67,1737.67,18.1,16.6,17.9,16.7,17.2,18.4,19.0,14.8,15.8,14.3,9.6,12.0,10.1,15.2,14.0,13.7,10.0,10.5,21.0,23.0,21.3,22.4,18.0,23.2,25.0,19.0,20.0,10.0,9.5,16.7,5.3,6.1,12.1,7.5,3.2,7.9,1020.2,1018.7,1016.8,1018.9,1019.0,1017.7,1018.3,1019.0,1019.3,71.269085
2021-05-10,71.269085,68.32,97.6,64.92,2.1334,25.192,498.38,2783.83,5086.0,30557.33,17666.96,857.0,1681.79,1983.38,18.2,18.1,20.2,16.9,17.7,19.6,19.8,13.5,17.3,14.6,9.9,17.5,11.7,16.4,14.0,13.1,12.0,13.0,22.5,27.0,23.4,21.6,19.1,24.3,26.0,15.0,20.4,15.1,11.6,18.6,7.9,6.1,11.1,9.5,3.7,9.8,1018.0,1015.1,1013.5,1015.6,1017.7,1016.2,1016.9,1016.0,1016.8,76.362915
2021-05-11,76.362915,68.55,98.7,65.28,2.1399,25.803,494.75,2955.67,5367.79,32296.21,18913.96,879.5,1729.12,1955.42,20.3,16.1,19.1,14.3,18.3,19.3,17.9,13.5,16.9,15.9,14.1,17.0,13.1,16.2,16.0,13.6,12.1,13.0,27.2,18.0,23.1,16.4,19.7,22.0,25.0,16.0,20.0,13.8,9.8,18.4,15.6,10.1,12.1,8.6,4.9,11.8,1013.1,1011.2,1013.7,1010.2,1013.9,1014.0,1013.3,1009.2,1011.9,68.374505
2021-05-12,68.374505,69.32,100.0,66.08,2.161,26.42,528.5,2715.46,5464.25,32217.21,18823.79,894.88,1682.38,2107.96,20.2,16.0,18.3,15.6,16.7,18.0,16.8,14.7,15.2,16.3,11.0,12.8,10.6,14.9,17.0,13.2,6.6,13.0,21.8,22.0,22.8,21.2,18.0,18.3,21.0,23.0,17.0,14.0,9.5,19.3,6.3,16.4,21.6,10.1,6.0,9.7,1010.5,1007.4,1015.9,1007.9,1012.9,1015.6,1011.5,1007.6,1006.7,71.211471
2021-05-13,71.211471,67.05,101.0,63.82,2.0953,26.251,573.46,2754.0,5208.0,33236.62,19730.83,947.92,1682.88,2339.54,18.2,16.1,18.8,15.6,16.9,17.9,16.6,14.8,14.8,16.4,10.8,13.0,10.4,15.1,15.0,13.5,7.1,12.0,20.2,21.3,25.3,21.5,18.2,20.0,21.0,22.0,19.0,14.6,10.2,15.5,6.9,16.0,20.4,13.1,5.2,11.4,1009.6,1005.3,1012.8,1005.1,1011.1,1013.7,1009.5,1005.1,1005.2,77.175188
2021-05-14,77.175188,68.71,99.0,65.37,2.1266,26.83,620.25,2893.0,5379.96,32624.29,18734.75,902.29,1803.12,2290.92,18.8,15.0,15.4,13.4,16.5,20.0,14.2,12.0,14.6,16.5,8.1,10.3,8.5,15.7,17.0,9.4,6.5,12.0,21.8,21.0,20.4,18.8,16.9,24.0,20.0,18.0,19.0,19.3,8.0,11.7,4.6,15.4,21.9,8.8,5.8,10.0,1011.4,1008.0,1012.3,1007.9,1012.2,1012.6,1011.0,1007.6,1008.1,63.04375
2021-05-15,63.04375,,,,,,590.25,2299.42,4779.42,26824.38,14516.5,875.79,1760.71,2002.29,17.8,15.5,18.1,13.5,16.4,17.8,15.0,11.6,15.1,15.3,10.0,13.0,9.4,14.7,15.3,9.1,5.5,10.9,20.3,20.5,24.1,17.9,17.6,20.0,20.0,17.0,19.3,14.0,7.7,15.2,3.7,20.2,22.4,10.1,4.7,10.1,1010.8,1010.1,1016.1,1010.1,1011.3,1015.6,1012.0,1009.8,1009.6,46.113647
2021-05-16,46.113647,,,,,,480.62,2016.38,4363.0,23698.75,12708.25,840.08,1498.92,1791.5,18.9,16.9,20.5,14.6,17.5,20.2,16.9,13.4,15.9,15.8,11.5,10.5,10.4,16.7,15.0,12.3,7.4,13.0,21.4,22.0,29.8,18.1,18.3,26.0,20.0,19.0,18.0,11.9,7.3,10.6,5.6,16.3,13.9,9.2,4.2,9.4,1012.3,1006.9,1012.4,1007.0,1013.5,1014.0,1011.9,1006.9,1007.1,68.267626
2021-05-17,68.267626,69.46,98.35,66.27,2.1583,26.31,550.17,2688.83,5077.25,30904.79,17941.25,901.17,1704.58,2041.54,21.7,18.7,19.6,16.3,18.1,22.2,18.1,15.4,16.0,19.2,13.7,15.0,11.5,17.2,18.1,13.1,8.0,13.0,26.1,24.0,26.2,20.8,19.3,27.0,22.0,22.0,19.0,13.5,11.6,20.8,11.6,20.4,14.3,11.3,21.2,12.4,1008.8,1005.9,1013.9,1006.2,1011.2,1012.9,1009.9,1007.1,1005.7,75.092674
2021-05-18,75.092674,68.71,,65.49,2.1609,24.811,555.54,2779.54,5179.17,31924.21,18805.92,902.12,1712.25,1989.67,20.2,18.7,18.9,15.6,17.2,18.9,16.0,15.0,16.0,17.9,12.0,11.3,8.9,16.6,17.0,10.2,6.3,10.0,22.6,24.3,25.8,22.2,18.5,21.9,23.0,23.0,20.0,15.1,15.0,20.8,6.9,11.0,11.8,8.9,5.0,10.6,1014.4,1011.3,1017.8,1011.3,1015.5,1017.0,1015.1,1011.3,1011.5,76.553974
2021-05-19,76.553974,66.66,99.1,63.35,2.102,22.663,651.29,2911.04,5332.38,32638.58,18794.54,870.25,1747.58,2331.5,19.9,16.3,18.4,15.6,17.3,18.2,17.0,15.2,13.6,16.8,12.0,13.0,9.2,16.2,13.0,13.1,7.6,11.0,23.0,21.1,25.1,21.2,18.5,21.0,22.0,22.0,17.0,20.3,13.5,21.1,8.9,14.4,10.7,13.1,7.7,15.0,1012.6,1012.6,1017.5,1012.5,1014.8,1016.1,1013.4,1012.7,1012.5,71.22109
2021-05-20,71.22109,65.11,99.75,61.94,2.0472,24.685,583.62,2734.5,5237.38,31810.83,18463.62,793.75,1785.88,2212.08,16.9,16.4,17.6,15.9,17.0,18.6,16.4,15.3,15.7,14.6,9.0,13.4,10.0,14.2,17.8,9.6,6.9,9.0,18.6,23.1,22.8,22.0,19.1,20.0,24.0,23.0,21.1,32.2,8.2,20.4,7.4,10.6,16.0,10.4,7.0,7.4,1015.7,1017.2,1020.4,1017.4,1016.5,1018.2,1016.9,1017.8,1017.0,77.704556
2021-05-21,77.704556,66.44,101.0,63.58,2.0685,24.794,573.88,2676.83,5153.92,31764.67,18536.38,821.88,1795.5,2206.29,18.2,18.8,16.6,15.8,16.1,18.6,16.8,15.4,16.7,15.0,11.0,9.9,9.7,11.9,14.7,9.6,10.5,11.0,21.5,25.0,21.8,21.3,18.3,22.8,24.0,21.0,20.0,19.0,14.0,14.2,6.7,9.0,14.3,9.6,7.8,12.8,1020.6,1016.4,1020.4,1016.0,1020.8,1021.0,1020.2,1015.2,1017.0,62.55208
2021-05-22,62.55208,,,,,,488.33,2382.75,4969.29,26927.83,14728.79,808.42,1716.62,1833.62,21.2,19.8,20.9,15.4,18.0,20.7,18.7,14.8,17.7,16.0,17.0,16.8,11.7,15.4,15.7,13.5,11.3,15.0,27.3,24.0,25.3,19.4,19.6,26.2,23.0,19.0,20.0,15.4,13.9,14.2,7.3,11.5,14.4,16.4,7.3,11.8,1016.8,1011.8,1012.8,1011.4,1017.8,1016.5,1016.2,1011.1,1012.3,62.988904
2021-05-23,62.988904,,,,,,459.75,2187.96,4397.96,23097.5,12078.38,825.29,1601.58,1546.58,20.8,20.2,19.4,17.1,18.7,22.1,20.1,16.8,17.3,17.2,12.8,15.4,12.8,17.3,18.0,16.0,9.5,13.0,27.5,26.0,22.0,22.3,20.3,28.0,24.0,24.0,23.0,14.1,7.4,12.8,6.6,6.5,14.5,13.4,5.0,14.8,1016.6,1013.4,1014.6,1014.0,1017.7,1016.0,1016.4,1013.8,1014.0,74.455105
2021-05-24,74.455105,68.46,,65.78,2.1177,24.761,518.79,2706.83,5246.71,30759.29,17578.58,910.0,1740.25,2058.12,23.0,15.6,19.6,14.2,19.6,20.7,21.1,14.1,13.8,18.8,13.9,16.2,11.8,16.2,17.0,15.9,11.5,12.9,30.7,20.0,23.6,16.2,23.2,24.0,30.0,16.0,15.0,16.3,7.3,19.7,9.0,12.0,12.7,12.2,4.6,18.4,1016.5,1015.8,1015.4,1016.2,1016.2,1016.5,1015.4,1016.0,1016.8,68.440968
2021-05-25,68.440968,68.65,105.0,65.79,2.1173,26.188,532.5,2659.62,5284.17,31621.46,18239.42,893.04,1800.62,2212.08,22.1,17.4,19.3,15.5,18.4,19.5,19.2,15.4,16.2,20.2,11.4,13.0,10.3,17.6,18.0,13.5,8.5,12.8,24.1,23.0,26.3,21.4,19.2,21.0,24.0,22.0,22.7,10.7,8.4,21.9,11.9,10.5,18.4,7.6,13.0,16.8,1017.8,1016.6,1021.8,1016.0,1019.1,1020.6,1018.7,1016.3,1015.9,81.960021
2021-05-26,81.960021,68.73,,65.96,2.1501,26.427,551.92,2978.25,5419.46,33304.21,19442.25,897.17,1785.71,2229.46,21.2,17.1,18.7,15.4,17.0,20.5,18.5,14.6,16.2,19.3,9.0,11.8,8.8,14.0,19.0,11.9,6.9,11.9,22.6,24.0,27.7,21.3,18.4,22.0,25.0,22.0,20.0,11.9,9.5,15.2,6.5,9.5,20.5,8.7,5.6,13.7,1017.3,1017.6,1019.4,1018.0,1018.4,1018.8,1017.9,1017.4,1018.0,82.942375
2021-05-27,82.942375,69.2,105.5,66.6,2.1552,25.199,535.12,2751.75,5499.04,32123.67,18445.88,896.25,1818.96,2176.67,20.4,19.9,18.8,17.3,17.6,19.9,17.8,17.9,17.1,17.5,14.0,13.9,11.0,15.7,16.9,12.2,9.8,13.2,22.8,26.0,23.5,23.3,18.9,23.0,25.0,26.0,21.3,8.0,9.9,9.7,7.5,9.1,16.0,8.1,4.8,10.4,1015.3,1014.3,1016.5,1014.9,1016.8,1015.9,1016.3,1014.6,1014.7,79.166667
2021-05-28,79.166667,68.72,106.0,66.1,2.1369,24.931,678.38,2663.17,5333.96,31701.96,18053.71,949.08,1864.17,2159.5,20.3,19.2,18.7,18.0,18.2,20.6,19.4,18.6,17.5,18.6,13.0,12.8,12.9,15.4,17.0,12.3,13.1,12.5,22.3,25.0,23.8,23.5,20.7,23.9,28.0,25.0,21.3,17.4,12.5,12.4,6.6,6.4,20.5,7.7,5.1,9.3,1016.8,1017.8,1017.1,1018.3,1016.8,1015.6,1016.8,1017.8,1018.5,68.738153
2021-05-29,68.738153,,,,,,558.67,2201.42,4838.88,26673.54,14311.33,886.04,1804.04,2073.17,20.2,20.0,21.3,18.4,19.1,21.2,20.2,19.4,18.4,16.7,13.0,15.8,14.0,17.6,18.0,14.1,14.3,14.9,23.0,25.1,28.3,22.6,20.1,24.0,28.0,25.0,22.0,9.1,10.4,12.1,8.3,8.5,11.3,7.6,6.2,8.8,1017.1,1016.6,1016.6,1017.1,1016.3,1016.4,1016.0,1016.6,1017.6,59.87998
2021-05-30,59.87998,,,,,,468.29,2083.25,4683.88,24167.33,12593.62,831.83,1599.75,1906.71,18.8,18.6,21.3,18.2,19.8,20.1,19.6,18.3,18.0,16.7,13.0,15.4,14.1,18.0,17.0,16.0,15.1,14.0,19.6,23.3,29.0,22.6,21.3,22.0,26.0,22.1,21.0,16.4,11.9,14.5,8.8,7.4,10.4,6.8,7.4,11.3,1016.6,1019.0,1016.0,1019.2,1015.6,1015.8,1015.4,1018.7,1019.5,70.827755
2021-05-31,70.827755,69.32,118.9,66.93,2.1463,25.123,550.0,2574.58,5384.17,30934.62,17639.79,918.62,1795.42,2072.04,18.3,18.1,19.7,18.2,19.3,20.3,19.1,18.3,18.0,15.9,12.7,15.0,15.6,16.9,18.0,13.1,14.5,14.7,20.5,23.6,24.4,22.3,21.4,22.0,25.0,23.0,21.0,23.1,10.6,12.6,10.6,12.7,13.5,10.6,8.1,9.2,1017.1,1018.9,1016.6,1018.8,1016.4,1015.9,1016.5,1018.3,1019.4,73.162597
2021-06-01,73.162597,70.25,,67.52,2.1704,25.975,507.42,2643.88,5506.12,30785.83,17384.88,903.83,1844.46,1995.25,18.1,18.9,20.2,19.2,19.2,20.9,19.2,18.7,18.6,15.0,12.0,14.6,13.2,16.2,17.0,12.2,12.7,14.0,20.8,25.3,23.5,24.6,21.4,25.0,26.0,24.0,21.2,18.0,9.2,14.7,6.8,10.6,16.0,8.4,6.5,9.3,1017.2,1016.8,1015.9,1016.6,1016.7,1016.1,1016.4,1016.3,1017.4,69.505958
2021-06-02,69.505958,71.35,,68.63,2.1941,25.723,411.96,2112.62,4408.29,22993.54,11913.21,831.0,1637.79,1678.67,19.2,20.2,21.7,19.9,19.1,21.1,19.6,17.9,19.2,12.8,13.0,17.7,14.7,15.6,18.9,12.7,15.4,13.5,23.0,27.0,25.4,24.4,20.8,25.0,26.0,21.0,22.1,11.4,7.5,14.9,7.0,9.0,9.4,7.6,5.9,9.7,1020.0,1018.2,1016.8,1018.6,1019.0,1017.7,1018.9,1019.2,1019.0,71.029418
2021-06-03,71.029418,71.31,119.0,68.6,2.2018,25.707,514.29,3256.58,5817.25,37022.5,22443.12,900.79,1776.38,2314.08,20.5,22.5,22.7,21.1,20.0,21.1,21.4,20.1,20.0,15.7,16.0,19.9,14.6,16.7,18.0,14.4,13.0,15.0,24.7,28.3,26.3,26.9,21.7,24.0,29.0,26.0,24.0,6.6,9.7,18.3,4.8,7.4,11.8,8.8,4.2,9.2,1023.1,1021.8,1020.8,1021.9,1022.0,1021.7,1022.3,1022.2,1022.1,79.784028
2021-06-04,79.784028,71.89,,69.39,2.2115,25.795,494.08,2781.21,5438.38,32215.5,18572.04,945.25,1831.29,2153.25,22.1,24.1,22.5,22.7,20.6,21.5,22.2,22.3,21.8,18.1,17.0,15.8,15.8,19.0,19.0,14.6,17.2,17.2,25.1,30.0,26.4,28.4,21.8,24.0,30.0,29.0,25.2,6.8,10.2,15.2,5.5,8.2,13.6,8.8,4.5,9.9,1023.6,1021.8,1021.9,1022.0,1023.4,1023.4,1023.3,1022.1,1022.0,69.70987
2021-06-05,69.70987,,,,,,462.58,2242.17,5084.96,27468.75,15017.42,901.5,1771.08,1989.04,22.9,24.6,22.6,21.5,20.6,22.6,21.2,20.9,22.8,19.7,19.2,19.3,16.9,19.3,20.0,17.7,15.8,18.0,26.6,30.0,27.0,26.5,21.4,27.0,25.0,26.0,27.0,9.0,8.3,12.2,8.2,5.2,12.2,4.0,7.4,10.1,1021.1,1019.0,1020.4,1019.4,1022.5,1022.1,1021.8,1019.4,1018.7,69.584936
2021-06-06,69.584936,,,,,,472.08,2092.0,4609.96,23958.42,12522.58,827.08,1735.08,1699.62,24.3,21.5,22.8,20.9,20.7,23.8,20.7,21.4,21.0,22.7,17.9,20.0,15.2,19.6,20.6,16.0,15.2,19.0,25.8,27.2,29.9,26.3,21.8,29.2,27.0,28.0,23.6,6.3,8.2,14.2,5.7,5.6,11.9,7.9,4.7,11.3,1017.7,1016.7,1016.8,1016.7,1018.7,1017.5,1017.7,1016.5,1016.6,78.147893
2021-06-07,78.147893,71.49,121.6,69.04,2.1931,26.492,536.17,2653.25,5533.42,31338.42,17582.29,905.75,1919.79,2207.75,22.1,20.3,22.3,20.8,20.2,21.5,21.2,19.5,21.8,20.4,17.0,16.8,17.1,19.2,18.9,17.4,16.6,18.7,24.1,27.0,28.4,26.4,21.5,24.0,27.0,25.0,26.2,10.2,7.4,21.2,5.8,11.5,12.6,10.1,4.7,9.5,1016.4,1017.1,1018.3,1017.3,1016.1,1017.0,1015.6,1017.7,1016.6,77.929482
2021-06-08,77.929482,72.22,122.75,69.87,2.219,27.802,576.71,2882.5,5611.17,33699.12,19683.71,983.88,1832.96,2128.21,21.4,20.2,22.3,21.1,20.4,21.3,19.4,19.7,23.6,19.3,17.8,16.0,16.9,18.1,18.4,16.5,16.1,19.0,23.7,26.0,29.4,25.3,22.0,23.0,26.0,25.0,28.1,12.0,9.5,18.5,3.9,6.5,8.0,5.8,5.0,8.8,1015.9,1017.4,1018.2,1017.8,1015.6,1017.3,1015.8,1018.6,1016.7,75.866819
2021-06-09,75.866819,72.22,123.7,69.79,2.2025,28.298,599.88,2972.96,5668.5,34651.42,20546.62,958.12,1808.67,2096.67,22.9,22.4,22.2,22.2,20.8,21.5,20.1,21.5,24.9,21.4,16.0,15.8,15.5,17.7,19.0,15.3,15.4,20.3,25.0,29.0,30.0,28.1,23.3,23.0,29.0,27.0,28.2,14.4,10.9,12.9,4.1,8.2,10.2,8.4,6.0,10.5,1014.3,1016.9,1016.9,1017.3,1014.5,1016.1,1015.0,1017.8,1016.2,83.398063
2021-06-10,83.398063,72.52,126.0,70.09,2.2122,28.687,594.0,2956.25,5599.33,33702.04,19721.29,942.75,1835.33,2053.08,23.3,22.2,22.6,22.4,21.1,22.2,22.2,22.2,23.5,20.7,17.0,17.7,16.3,17.4,20.0,15.6,15.1,20.0,25.8,28.0,30.5,27.5,23.9,24.0,32.0,28.0,27.0,12.3,8.7,11.6,6.7,7.6,9.2,7.3,4.6,9.4,1014.4,1017.0,1016.5,1017.0,1014.6,1015.7,1014.8,1017.2,1016.7,84.272085
2021-06-11,84.272085,72.69,127.0,70.6,2.1861,27.845,628.71,2873.04,5518.67,33925.17,19721.38,970.5,1920.67,2292.21,23.2,22.0,22.8,22.2,21.3,22.2,22.2,22.6,22.6,20.2,17.0,15.8,17.2,18.1,19.0,15.8,15.9,18.9,25.9,27.0,28.8,26.6,23.2,24.1,30.0,28.0,26.4,13.0,9.8,10.9,5.9,6.7,9.0,8.8,5.3,8.0,1014.7,1016.6,1016.0,1016.6,1014.9,1015.7,1014.7,1016.8,1016.5,76.525424
2021-06-12,76.525424,,,,,,506.58,2415.17,4994.21,28518.67,15440.67,964.96,1904.83,2292.25,23.1,24.2,23.1,24.1,21.7,22.3,23.0,23.4,23.8,20.5,16.0,17.0,16.2,18.0,19.0,16.3,16.0,18.0,25.1,31.0,28.7,31.2,24.0,24.6,30.0,30.0,28.0,12.2,8.4,10.1,4.7,8.5,8.3,8.4,4.6,8.6,1016.7,1017.5,1018.0,1017.4,1016.7,1017.4,1016.4,1018.0,1017.0,68.023603
2021-06-13,68.023603,,,,,,493.62,2133.29,4561.25,25275.58,13476.0,864.75,1687.75,2058.92,24.1,26.5,23.6,25.9,21.3,22.7,24.1,25.9,24.2,21.1,21.0,16.0,17.2,20.0,19.0,16.8,17.3,20.0,26.7,33.0,30.0,33.0,22.5,25.0,32.0,32.6,28.0,12.5,11.9,13.6,6.9,9.2,12.2,8.3,4.6,11.2,1017.2,1016.0,1018.9,1016.1,1018.0,1018.8,1017.3,1016.8,1016.2,75.5738
2021-06-14,75.5738,72.86,125.55,70.63,2.1712,28.81,623.67,2894.96,5674.0,33694.0,19318.67,899.67,1947.0,2336.04,23.4,24.4,25.0,25.8,22.4,23.4,24.0,26.2,23.1,22.2,18.8,18.0,20.7,20.8,20.0,18.4,21.2,21.0,25.4,30.0,32.0,30.9,23.5,26.1,30.0,31.0,24.3,19.3,13.1,12.9,11.9,7.6,11.9,7.0,8.4,12.9,1017.6,1016.9,1016.7,1017.0,1016.5,1016.8,1015.9,1017.0,1018.3,84.516882
2021-06-15,84.516882,73.99,125.0,71.86,2.1705,28.133,683.96,3090.38,6007.54,36316.71,21073.12,936.79,2021.58,2503.33,22.5,23.6,24.2,24.6,22.1,23.8,23.2,24.6,23.2,20.9,17.0,18.0,20.5,19.2,20.3,17.7,21.6,19.9,24.1,29.5,30.5,29.3,23.9,26.6,28.0,28.5,25.0,22.7,12.3,13.7,9.5,12.0,19.5,8.6,8.9,10.1,1017.7,1017.7,1016.2,1017.6,1016.8,1015.9,1016.9,1017.8,1018.4,90.602615
2021-06-16,90.602615,74.39,125.25,71.95,2.1562,28.03,645.0,3080.58,5768.0,36286.46,21568.54,970.96,1908.79,2344.58,22.4,24.3,24.8,24.6,22.3,22.7,22.7,24.4,24.0,19.1,18.7,21.0,19.9,19.8,18.0,17.0,20.7,19.0,25.5,31.0,29.9,30.0,24.1,25.0,29.0,29.0,28.0,10.8,9.7,14.5,8.2,7.4,16.6,6.5,5.9,6.8,1016.9,1015.8,1015.0,1015.7,1016.3,1016.2,1016.1,1015.9,1016.1,90.427347
2021-06-17,90.427347,73.08,126.0,70.78,2.1342,28.312,635.38,3139.04,6017.33,37228.54,21988.83,990.42,1975.33,2482.21,23.2,26.3,24.4,25.5,21.8,22.9,24.0,24.3,25.0,19.5,20.0,19.4,20.6,19.6,18.0,17.5,20.2,20.0,26.0,33.0,28.1,30.6,23.5,27.0,31.0,30.0,28.5,10.7,8.6,17.5,5.6,7.5,13.9,8.1,4.3,8.4,1017.9,1015.9,1015.4,1016.1,1017.6,1017.3,1017.0,1016.7,1016.2,89.533089
2021-06-18,89.533089,73.51,125.0,71.29,2.1683,29.404,639.79,3244.96,6189.92,37068.29,21674.96,1011.04,1934.08,2373.54,24.1,27.0,24.3,26.1,22.6,23.6,23.7,25.2,24.6,21.4,22.0,22.7,19.8,20.7,21.0,18.2,19.9,20.7,27.0,32.0,27.3,31.2,24.2,26.0,28.9,30.0,27.3,8.8,7.5,19.5,4.6,7.6,12.0,6.7,5.9,8.9,1017.8,1016.1,1016.0,1016.3,1018.3,1018.0,1018.3,1015.3,1016.8,78.905119
2021-06-19,78.905119,,,,,,567.62,2700.75,5557.71,31733.5,17741.17,1029.04,1891.04,2246.17,26.1,27.5,24.4,27.0,23.0,24.1,24.3,25.0,25.2,22.6,22.0,20.5,20.2,21.4,22.0,17.3,19.1,21.0,29.0,33.0,27.3,33.2,24.5,26.7,31.0,32.0,28.0,9.3,8.5,16.8,8.5,7.4,12.0,7.7,3.0,8.4,1015.8,1015.2,1016.0,1014.9,1017.0,1017.1,1017.0,1015.6,1014.8,80.641115
2021-06-20,80.641115,,,,,,530.42,2319.08,4952.46,27474.17,14870.12,987.17,1757.58,2057.33,27.2,28.1,27.1,25.8,22.7,26.2,24.6,23.4,26.3,24.0,22.0,23.6,21.0,21.9,22.0,18.3,20.0,22.6,30.2,34.0,30.8,31.9,23.9,31.0,30.0,28.0,29.1,8.6,10.2,16.7,7.2,7.1,8.9,8.1,5.7,8.7,1013.2,1011.5,1012.4,1011.2,1014.7,1013.7,1013.8,1011.7,1011.3,85.218711
2021-06-21,85.218711,74.9,125.5,73.12,2.1969,29.616,600.62,3282.29,6244.08,37585.71,22187.62,1018.21,2101.5,2151.38,28.2,28.6,26.5,24.8,23.8,28.5,26.7,22.9,26.8,25.6,23.0,23.4,20.3,21.8,25.8,20.3,18.4,22.0,33.2,33.7,33.2,30.7,25.8,36.0,33.0,28.0,31.0,11.1,11.0,14.3,9.8,8.1,13.2,10.1,6.4,11.5,1010.9,1008.4,1010.8,1008.6,1012.1,1011.7,1010.9,1008.8,1008.1,90.979346
2021-06-22,90.979346,74.81,127.25,72.85,2.2243,30.737,643.96,3438.38,6617.17,39824.67,23532.62,1011.38,2237.88,2343.29,29.3,27.7,24.3,24.6,24.5,27.1,27.0,21.6,26.0,26.5,20.0,19.8,18.8,22.0,24.4,20.0,17.0,21.0,33.3,34.0,29.8,30.1,26.6,36.4,34.0,28.0,30.0,10.5,7.9,15.2,7.5,5.6,11.3,7.8,7.3,10.3,1011.0,1010.0,1011.9,1010.1,1011.7,1011.3,1011.3,1010.7,1009.6,101.670622
2021-06-23,101.670622,75.19,127.5,73.08,2.2669,31.547,674.42,3307.17,6291.08,40280.54,23783.17,1068.75,2439.04,2716.92,28.0,26.6,24.3,23.8,24.1,26.6,26.5,20.9,25.7,26.1,20.0,21.0,17.8,22.9,22.6,21.1,16.0,21.0,33.0,33.0,28.9,29.7,25.5,29.2,34.0,27.0,30.0,9.8,8.8,11.9,8.4,8.5,10.7,10.0,4.2,10.4,1014.0,1013.7,1014.4,1014.0,1014.4,1013.8,1013.8,1014.8,1013.5,106.558113
2021-06-24,106.558113,75.56,127.5,73.3,2.2809,32.016,667.42,3499.71,7136.42,41804.75,24067.83,1108.29,2553.67,2771.42,31.9,27.1,25.4,23.5,24.5,26.7,25.8,21.0,26.7,28.6,20.9,21.8,16.4,23.1,24.0,20.4,16.2,22.0,36.0,33.0,32.0,30.4,27.7,31.0,31.0,26.0,30.0,7.2,10.7,12.1,9.0,8.6,9.6,7.8,4.7,11.3,1016.3,1014.9,1017.2,1015.1,1017.2,1017.1,1016.9,1015.8,1014.2,98.155644
2021-06-25,98.155644,76.18,127.7,74.05,2.2639,32.383,824.29,3270.54,7192.46,40906.92,22902.38,1115.83,2641.96,2959.46,29.6,25.1,25.2,23.8,23.9,28.2,25.4,21.6,25.1,27.1,17.0,20.9,16.6,22.5,24.0,20.0,14.7,20.0,33.2,31.0,35.0,30.2,26.4,37.0,32.0,28.0,28.4,9.3,7.2,12.7,8.8,7.1,11.1,8.1,5.4,16.8,1015.4,1014.3,1016.9,1014.2,1016.6,1016.1,1016.1,1015.1,1013.6,91.81721
2021-06-26,91.81721,,,,,,834.33,2602.0,5979.62,33245.92,17451.71,1058.79,2628.0,2691.46,28.0,25.6,24.7,24.3,23.6,26.1,24.9,23.1,24.8,25.3,18.4,19.9,17.7,21.2,24.0,17.6,18.8,18.0,31.0,32.1,29.0,30.1,25.5,29.0,33.0,28.0,29.0,10.6,10.6,15.8,5.5,7.3,15.3,7.5,4.3,11.5,1014.6,1014.9,1015.3,1015.0,1014.8,1014.5,1014.7,1015.5,1015.0,87.093009
2021-06-27,87.093009,,,,,,620.75,2331.04,4853.62,28620.29,15508.83,979.29,2044.54,2282.21,27.2,27.0,26.4,25.4,24.3,27.0,26.4,24.0,25.9,24.3,19.7,19.9,18.4,22.1,24.0,18.0,18.4,20.0,30.1,33.4,33.6,31.3,25.5,32.0,33.0,29.0,30.1,7.8,11.8,12.6,5.3,6.5,13.4,6.8,3.9,8.6,1015.3,1014.3,1013.0,1014.5,1014.2,1012.9,1013.9,1015.3,1014.6,99.79426
2021-06-28,99.79426,74.68,128.55,72.91,2.2166,32.289,837.29,3164.79,6380.5,38353.96,21349.79,1068.04,2758.38,2795.17,27.4,27.4,26.7,27.4,25.4,26.4,27.6,24.5,26.0,24.7,20.7,19.5,20.7,23.1,24.9,19.2,18.5,21.0,31.5,34.0,33.4,33.6,28.3,28.0,36.0,29.0,30.0,14.6,13.5,12.7,7.9,8.6,9.2,10.0,6.9,8.1,1015.5,1013.7,1013.3,1013.5,1014.1,1013.7,1013.5,1014.6,1014.5,112.105969
2021-06-29,112.105969,74.28,,72.98,2.2415,33.486,848.04,3404.5,6984.46,40706.92,22711.54,1062.58,2714.79,2981.0,29.6,28.4,27.3,25.5,25.4,27.0,26.8,22.7,25.9,26.4,20.3,23.2,21.0,23.6,24.8,20.4,17.2,21.0,33.7,35.0,35.6,30.7,27.5,32.8,33.0,28.0,30.0,11.6,10.7,13.5,8.7,10.6,9.2,10.1,7.8,12.5,1013.0,1010.6,1013.0,1010.8,1014.0,1013.9,1013.3,1011.1,1010.7,103.377809
2021-06-30,103.377809,74.62,,73.47,2.2418,34.622,828.12,3495.54,7159.67,41270.88,22908.38,1161.08,2694.29,3023.79,28.7,26.2,25.6,23.6,25.1,26.3,25.6,22.6,25.1,24.3,20.0,21.0,18.6,24.1,25.0,20.4,15.2,20.0,31.0,31.0,31.2,29.2,25.9,29.0,31.0,29.0,29.0,11.6,14.2,12.6,6.6,8.9,12.6,10.0,8.6,14.7,1011.5,1009.1,1014.4,1009.2,1013.5,1013.6,1013.0,1009.6,1008.7,98.072153
2021-07-01,98.072153,75.84,137.75,75.23,2.2676,36.143,877.25,3510.04,7344.38,41972.79,23553.58,1105.12,2573.62,3008.79,28.0,25.5,26.6,24.4,24.4,26.6,25.1,23.7,24.0,25.7,17.0,18.8,16.8,23.1,24.6,19.2,16.4,18.0,29.8,32.0,35.4,30.6,25.3,28.0,32.0,30.0,29.0,12.8,11.5,17.3,9.0,13.0,25.1,8.6,6.6,11.9,1012.0,1010.8,1015.8,1010.9,1014.1,1014.6,1013.4,1011.5,1010.6,110.261929
2021-07-02,110.261929,76.17,139.25,75.16,2.2998,35.827,945.54,3510.42,7290.38,41876.08,23119.12,1121.62,2740.0,3149.0,26.9,25.7,27.4,25.0,24.5,25.6,25.4,24.2,23.7,24.5,19.0,19.4,18.9,23.5,21.0,18.4,17.3,20.0,29.6,32.0,35.4,30.4,25.3,29.0,32.0,30.0,27.0,11.7,8.5,15.5,6.5,11.6,9.2,9.1,7.7,10.7,1013.2,1012.9,1015.1,1013.5,1014.1,1015.1,1013.6,1013.6,1013.6,107.20875
2021-07-03,107.20875,,,,,,767.96,2670.54,6024.83,32813.71,17460.17,984.33,2415.0,2490.88,27.0,26.9,25.9,24.8,24.5,26.7,26.0,23.4,24.7,25.1,20.0,19.6,20.9,22.6,24.0,19.7,20.2,20.0,29.2,33.0,34.1,29.9,26.6,29.5,33.0,28.0,28.0,12.3,9.7,12.6,7.0,8.0,16.8,8.1,6.3,10.4,1014.5,1013.0,1014.7,1013.9,1014.8,1015.4,1014.3,1014.2,1013.8,94.011929
2021-07-04,94.011929,,,,,,669.79,2554.08,5625.04,29817.12,15177.5,981.46,2372.25,2437.0,27.9,23.2,26.9,21.2,25.1,28.4,25.9,21.1,22.5,25.6,20.0,17.9,18.8,24.1,21.0,20.6,17.1,18.8,31.4,27.0,37.1,24.6,26.0,37.3,31.0,26.0,25.0,15.2,6.7,13.9,3.5,12.1,12.4,9.9,2.9,10.7,1011.4,1010.6,1011.8,1011.0,1012.6,1012.5,1011.7,1011.2,1010.5,96.762734
2021-07-05,96.762734,77.16,,,2.314,37.945,783.25,3195.88,6509.04,37082.71,20555.29,1091.92,2388.75,2558.58,26.7,25.1,27.9,23.0,25.6,27.0,26.7,23.0,23.0,25.2,18.0,23.0,16.7,23.7,26.0,20.8,15.6,18.0,27.6,32.0,34.7,28.9,27.2,29.0,32.0,29.3,28.0,20.2,10.4,20.1,6.5,11.1,15.1,11.4,5.2,9.3,1009.9,1010.9,1013.3,1010.7,1010.5,1012.8,1010.9,1011.2,1010.8,105.562244
2021-07-06,105.562244,74.53,140.75,73.37,2.2282,34.105,755.67,3222.46,6951.0,39095.33,22130.58,1103.54,2364.54,2567.54,26.5,26.6,25.7,24.7,25.3,27.1,27.5,23.2,25.0,23.8,20.0,19.8,18.4,23.6,23.9,20.9,18.7,19.0,29.0,34.0,31.4,30.1,26.4,30.1,34.0,27.0,29.0,13.0,10.4,13.6,6.5,7.9,19.5,7.7,6.0,7.9,1013.5,1012.2,1012.6,1012.2,1013.1,1013.1,1012.6,1012.8,1012.9,112.727896
2021-07-07,112.727896,73.43,,72.2,2.206,32.338,902.75,3542.38,7158.54,39882.12,21891.0,1150.21,2493.21,2744.04,27.3,28.7,26.2,25.0,25.2,26.6,27.8,23.0,26.0,23.5,20.0,20.9,18.9,23.4,23.0,20.4,18.9,21.3,30.1,37.0,31.1,30.4,26.6,30.0,34.0,27.0,29.3,11.2,9.4,12.1,6.2,7.0,11.5,6.9,5.1,9.2,1014.7,1012.3,1013.1,1012.6,1014.5,1014.1,1014.1,1013.3,1013.4,111.699662
2021-07-08,111.699662,74.12,142.25,72.94,2.2552,33.312,831.67,3419.67,7211.88,40295.58,22555.75,1135.29,2544.92,2596.42,29.3,27.4,27.3,20.8,26.0,27.8,27.3,20.4,26.5,26.9,21.7,24.5,16.9,23.9,25.7,22.1,17.5,21.5,33.8,35.0,33.2,23.2,28.5,34.0,34.6,26.0,31.0,13.1,11.0,14.2,8.7,8.1,14.7,8.6,4.5,11.8,1016.3,1014.3,1016.5,1016.1,1016.6,1016.5,1016.6,1015.9,1014.5,96.744044
2021-07-09,96.744044,75.55,143.0,74.56,2.292,36.632,834.54,3391.88,7145.54,40273.83,22565.29,1142.62,2432.25,2761.71,29.7,24.9,26.4,21.8,25.9,26.7,26.6,21.2,23.6,27.1,17.0,21.0,15.4,24.3,25.0,20.8,12.8,19.0,33.3,32.0,34.2,28.0,27.5,28.3,33.0,28.0,29.0,9.2,8.9,18.8,8.7,9.5,13.0,8.5,4.1,10.0,1015.5,1016.3,1018.7,1016.6,1016.6,1017.5,1016.2,1017.3,1015.4,91.892644
2021-07-10,91.892644,,,,,,773.75,2729.96,6226.88,34188.38,18429.75,1087.12,2313.29,2627.62,27.5,26.3,24.4,22.4,24.3,26.3,26.1,23.1,26.0,25.6,20.0,18.7,14.5,22.1,24.4,20.0,16.7,20.5,28.9,32.0,33.2,29.0,26.0,28.0,33.0,29.0,29.5,14.9,10.0,15.4,5.3,7.8,23.4,9.2,5.0,9.4,1013.8,1014.7,1016.4,1015.5,1014.5,1015.0,1014.0,1015.6,1014.8,87.734035
2021-07-11,87.734035,,,,,,724.75,2379.46,5497.42,28197.0,13937.0,1050.17,2209.75,2398.46,27.5,27.0,27.7,23.5,25.3,25.8,26.2,23.6,26.7,24.0,21.6,19.8,17.6,23.9,24.0,20.1,16.1,22.0,30.4,32.6,36.3,29.1,26.7,28.0,33.0,30.0,31.0,9.5,9.9,16.1,6.5,10.5,13.1,8.4,5.3,8.9,1012.7,1011.9,1015.1,1012.7,1013.4,1014.9,1013.1,1013.2,1011.5,103.558933
2021-07-12,103.558933,75.16,142.25,74.1,2.2772,34.649,891.88,3245.88,6968.5,37725.58,20129.71,1116.54,2488.38,2884.71,28.5,27.9,26.6,24.5,25.0,27.6,26.4,23.4,25.8,26.1,22.0,19.9,17.8,23.7,23.0,18.8,18.7,20.4,30.7,34.6,33.6,30.3,26.1,34.0,33.0,28.0,29.0,8.4,11.9,13.5,5.0,7.8,11.4,8.4,5.8,11.1,1013.7,1011.4,1012.0,1011.7,1014.4,1013.8,1013.4,1012.2,1012.2,107.813337
2021-07-13,107.813337,76.49,144.6,75.25,2.3183,35.463,913.92,3356.71,7245.08,39246.67,21005.58,1113.92,2584.75,3026.71,29.9,27.0,26.2,21.0,26.1,30.0,26.8,19.8,25.0,25.5,23.6,21.2,17.8,23.7,25.5,23.0,15.0,22.6,37.1,32.0,30.6,23.8,28.1,39.0,33.0,26.0,27.7,16.0,15.4,22.8,10.7,13.4,18.5,14.2,8.7,16.7,1011.0,1006.8,1010.9,1007.0,1011.6,1011.0,1009.9,1006.6,1007.7,99.599262
2021-07-14,99.599262,74.76,144.5,73.13,2.2935,34.775,863.88,3287.75,7048.96,39618.38,22023.71,1084.62,2411.38,2898.08,29.1,23.2,23.3,19.4,24.3,25.7,23.5,19.1,23.0,26.9,17.8,17.9,14.7,23.4,24.0,19.3,13.6,18.0,31.5,28.0,29.0,24.2,25.8,27.0,27.0,26.0,26.4,11.5,11.8,17.5,7.4,18.2,20.0,12.9,4.7,13.2,1011.6,1010.7,1017.2,1010.2,1014.2,1015.4,1013.2,1010.8,1009.9,96.383797
2021-07-15,96.383797,73.47,146.0,71.65,2.2503,33.797,870.04,2889.08,6140.62,39448.83,23097.71,1064.92,2338.08,3048.38,26.5,23.5,24.0,20.7,23.6,25.0,23.2,19.2,22.2,22.9,18.0,16.9,17.2,22.8,22.6,18.6,15.1,17.9,28.9,27.0,30.7,24.2,24.9,27.0,28.0,23.0,26.0,15.1,9.9,18.8,4.9,15.1,13.4,11.6,4.5,8.2,1013.4,1012.8,1016.7,1013.0,1015.3,1016.0,1014.5,1013.4,1012.5,98.998615
2021-07-16,98.998615,73.59,148.1,71.81,2.2536,34.842,822.46,3122.71,6340.12,38351.54,21805.79,1097.79,2393.0,2769.67,26.0,21.9,23.7,21.4,23.1,24.9,23.3,21.0,21.7,23.2,19.0,18.0,15.7,21.8,22.0,19.2,16.3,19.0,28.7,26.2,29.0,26.0,24.3,27.0,27.0,26.0,24.2,14.3,7.0,21.4,3.3,8.7,16.0,10.8,4.7,9.7,1011.5,1013.2,1015.1,1013.3,1012.9,1013.8,1011.8,1013.8,1012.7,93.503648
2021-07-17,93.503648,,,,,,758.33,2463.54,5448.92,30883.71,16340.38,1066.54,2255.04,2550.96,24.2,23.4,25.3,24.3,22.3,25.1,21.9,23.2,23.9,21.7,19.0,20.0,17.4,20.9,24.7,17.2,15.1,20.7,27.4,28.0,31.0,31.1,24.5,26.0,27.0,31.0,27.4,13.6,12.9,20.5,7.8,8.4,19.2,12.4,5.8,10.8,1008.5,1011.9,1012.4,1012.2,1008.6,1011.0,1008.9,1013.3,1010.7,82.561353
2021-07-18,82.561353,,,,,,696.54,2297.12,4806.71,27112.79,14126.58,1034.12,1900.29,2251.42,24.4,25.4,26.3,24.4,23.8,25.1,24.2,25.8,25.7,21.1,20.0,19.9,18.1,21.0,20.6,18.5,18.8,21.0,27.7,33.0,34.6,30.1,26.2,27.0,30.0,33.0,34.0,14.6,8.4,21.1,5.2,9.7,20.2,14.5,6.2,8.2,1005.8,1010.1,1010.1,1010.6,1005.8,1006.9,1006.3,1011.0,1009.5,98.814661
2021-07-19,98.814661,68.62,150.0,66.35,2.1104,35.649,772.46,2946.29,5736.46,35088.12,19935.08,1105.21,2100.25,2492.38,25.6,26.6,25.8,25.9,24.3,25.9,25.8,25.9,26.5,23.4,21.0,20.0,20.6,21.9,24.0,18.5,21.1,22.0,27.7,32.4,35.2,30.8,26.1,27.0,33.0,32.0,30.3,19.1,8.6,16.0,5.4,7.2,10.5,13.2,5.2,8.8,1007.7,1011.6,1010.2,1011.9,1008.1,1008.8,1008.0,1012.4,1011.1,110.478646
2021-07-20,110.478646,69.35,,67.2,2.1315,35.165,796.54,3135.21,5992.04,37394.71,21651.75,1122.04,2119.71,2577.42,25.9,28.7,26.6,26.0,24.8,25.8,25.8,25.9,25.6,23.1,23.0,20.0,20.8,21.1,23.0,19.1,20.7,21.7,28.3,35.0,32.6,30.9,26.8,28.1,33.0,32.0,29.0,17.1,11.5,10.4,5.8,9.4,10.7,9.9,4.0,10.2,1012.5,1012.8,1013.6,1013.1,1012.5,1013.1,1012.6,1013.4,1013.4,103.697945
2021-07-21,103.697945,72.23,149.75,70.3,2.2167,35.949,769.75,3426.46,6560.92,38805.46,22369.58,1115.5,2171.96,2391.29,26.6,27.8,26.3,25.9,25.1,26.5,27.3,25.5,25.4,24.2,22.0,20.8,21.0,20.7,24.0,20.1,21.0,21.4,28.9,34.0,31.2,31.1,27.6,28.0,35.0,30.0,29.0,16.1,10.0,11.8,7.1,9.1,14.9,10.0,5.3,10.8,1016.3,1016.0,1017.3,1016.8,1016.2,1016.8,1016.2,1016.9,1017.0,103.369568
2021-07-22,103.369568,73.79,149.75,71.91,2.2732,36.129,734.17,3573.83,6681.42,38984.54,22250.46,1145.88,2229.54,2369.25,26.4,27.0,27.4,25.5,25.6,26.1,28.2,24.9,25.1,24.5,21.0,19.7,21.2,22.3,22.8,21.1,20.3,21.9,28.5,33.0,34.0,29.9,27.8,28.2,35.0,30.0,28.0,15.2,11.9,13.8,8.8,9.2,8.2,9.0,6.5,9.9,1016.8,1016.6,1017.1,1017.6,1016.1,1017.3,1015.7,1017.6,1017.6,109.683692
2021-07-23,109.683692,74.1,149.75,72.07,2.2913,35.523,762.75,3401.79,6508.21,39407.79,22922.46,1214.58,2290.88,2307.12,26.4,26.8,26.2,25.7,24.7,25.9,27.8,25.3,25.1,22.8,20.0,19.6,20.2,22.5,22.7,20.8,20.6,20.0,29.4,33.0,32.5,30.7,26.6,28.0,34.0,30.0,29.3,8.6,9.8,11.9,7.1,7.6,10.9,9.6,4.0,10.0,1015.0,1014.3,1015.0,1014.4,1014.7,1015.3,1014.2,1015.0,1014.5,105.068879
2021-07-24,105.068879,,,,,,829.04,2756.12,5512.5,32608.58,17771.25,1185.25,2248.88,2305.54,27.5,28.5,27.8,26.4,25.2,26.8,26.9,24.7,25.8,24.0,22.0,23.0,22.6,24.5,22.0,20.6,21.0,21.0,30.2,35.0,32.2,30.8,26.3,32.0,33.1,28.0,29.1,9.3,7.8,13.7,7.8,8.4,11.6,8.3,6.5,9.0,1014.2,1011.5,1013.1,1011.6,1014.3,1014.1,1013.8,1012.0,1012.4,88.604614
2021-07-25,88.604614,,,,,,699.75,2515.21,5334.62,28361.17,14678.0,1085.75,2008.92,2038.92,30.1,28.9,27.9,22.2,26.0,28.4,27.7,22.8,25.9,25.3,22.0,25.0,20.4,24.2,25.0,22.2,19.6,21.7,35.8,34.4,31.7,25.0,27.7,34.2,33.0,29.0,29.0,14.3,11.1,13.6,8.6,9.7,10.1,14.3,5.7,15.7,1013.2,1008.6,1009.4,1009.8,1013.6,1012.7,1011.9,1009.9,1009.8,105.8517
2021-07-26,105.8517,74.5,149.75,71.91,2.3083,36.914,767.62,3168.62,6472.29,37723.25,21301.0,1173.96,2324.83,2514.92,30.3,26.0,27.8,21.7,26.8,29.2,29.5,21.7,25.1,28.6,23.0,25.9,19.1,24.6,24.0,26.2,18.3,21.8,33.9,30.5,31.9,24.9,29.9,35.0,35.0,27.0,30.0,12.9,9.6,13.0,9.0,8.2,12.1,11.6,4.5,14.4,1014.3,1011.4,1011.3,1012.5,1014.6,1014.0,1013.9,1013.2,1011.7,112.351059
2021-07-27,112.351059,74.48,149.75,71.65,2.3141,37.59,714.83,3109.17,6184.58,38587.29,22995.71,1156.0,2118.71,2308.29,29.2,26.0,26.9,21.5,26.6,29.3,28.5,21.2,23.1,26.8,21.0,24.0,19.1,24.4,26.0,22.0,17.7,20.0,31.9,35.0,31.3,25.0,29.0,34.9,36.9,26.0,28.7,9.9,11.7,13.0,6.9,7.1,13.7,10.1,5.5,12.7,1016.4,1014.4,1014.6,1015.1,1016.8,1016.5,1016.2,1015.2,1015.4,115.338996
2021-07-28,115.338996,73.87,150.1,72.39,2.3082,39.698,853.58,3438.67,6631.42,40419.83,23258.25,1214.67,2335.88,2687.38,31.5,26.1,28.2,22.5,26.9,27.3,28.3,22.1,23.5,28.4,19.0,25.9,19.3,24.4,25.0,21.0,18.1,19.0,35.2,34.9,31.0,26.0,29.6,30.0,36.0,28.0,28.3,8.9,8.6,17.2,6.4,7.4,8.5,9.9,4.4,9.0,1015.0,1013.2,1013.0,1014.0,1015.7,1015.8,1015.3,1014.1,1013.6,115.292627
2021-07-29,115.292627,75.1,150.0,73.62,2.3251,41.154,979.04,3624.71,7089.25,41857.08,23052.83,1249.25,2612.62,3249.38,31.7,27.4,27.3,23.3,27.2,29.2,28.6,23.7,25.2,28.8,21.0,21.8,18.1,25.6,25.0,21.0,19.1,20.0,35.1,33.0,34.4,28.5,28.6,33.1,36.0,29.0,30.1,11.1,8.6,12.8,3.6,8.3,10.5,11.6,3.8,7.8,1013.3,1012.8,1012.4,1013.3,1014.5,1014.0,1013.3,1013.9,1012.8,109.597015
2021-07-30,109.597015,75.41,149.75,73.95,2.3347,40.756,1018.67,3572.58,7373.17,41489.79,21946.83,1296.29,2840.08,3442.17,30.4,28.2,27.4,24.2,26.9,32.3,28.1,23.2,26.7,28.2,22.5,22.0,19.1,24.8,26.4,20.9,19.1,22.0,33.0,34.0,33.5,28.8,27.7,39.0,35.0,29.0,30.0,9.0,8.3,10.5,5.9,8.7,19.6,8.5,5.1,9.0,1012.1,1010.8,1012.1,1011.2,1012.4,1011.9,1012.1,1011.8,1010.6,109.084205
2021-07-31,109.084205,,,,,,891.04,2828.58,6372.67,33788.38,16751.25,1241.83,2698.33,3004.67,29.7,28.9,28.3,22.9,26.3,27.8,28.0,22.0,26.0,26.2,22.0,21.6,19.5,24.3,24.0,21.6,19.0,21.0,33.5,35.2,33.6,28.1,27.4,33.0,35.0,28.0,31.0,12.5,9.1,12.1,6.2,9.2,8.1,10.3,3.9,11.3,1010.2,1007.5,1010.0,1008.6,1010.9,1011.1,1009.8,1008.7,1008.1,91.875912
2021-08-01,91.875912,,,,,,711.83,2462.67,5754.04,29368.83,14715.38,1147.21,2213.25,2364.46,32.8,26.9,28.5,20.2,27.4,30.5,28.8,20.7,24.6,28.9,21.0,22.7,17.6,26.0,27.2,24.8,17.9,18.4,40.2,31.6,34.1,24.2,29.8,34.0,33.0,26.0,30.1,11.8,12.9,19.5,6.6,15.8,8.8,14.7,4.3,14.0,1009.5,1005.3,1010.8,1006.7,1011.0,1011.6,1009.6,1006.5,1004.7,108.75386
2021-08-02,108.75386,72.89,,71.26,2.2747,42.153,966.25,3102.83,6670.67,36276.0,18553.21,1203.12,2640.17,3139.75,30.1,23.8,24.3,20.2,25.9,28.3,25.4,20.0,21.6,27.8,19.0,18.0,15.5,24.7,26.6,20.4,13.8,17.0,34.3,30.0,32.4,26.0,27.4,30.0,30.0,26.0,27.0,15.9,7.5,11.3,7.0,12.2,22.7,9.2,5.4,9.9,1012.4,1011.6,1015.5,1011.7,1014.1,1013.7,1013.8,1012.0,1011.6,112.283875
2021-08-03,112.283875,72.41,152.75,70.56,2.2708,41.243,989.54,3249.33,6809.21,37843.0,19548.71,1248.0,2662.04,3336.17,28.3,23.9,26.3,20.5,25.1,30.6,24.5,20.0,23.3,25.0,16.5,22.0,16.2,22.9,26.0,18.9,15.8,18.0,31.2,30.0,31.4,24.8,28.2,38.0,30.0,25.0,27.6,10.5,6.6,9.8,5.9,7.6,18.0,8.6,5.6,9.8,1014.8,1013.8,1014.7,1014.4,1015.8,1014.4,1015.6,1014.2,1013.8,113.759884
2021-08-04,113.759884,70.38,,68.15,2.25,42.253,1104.67,3137.5,7036.42,37847.17,18623.42,1206.42,3120.21,3618.54,29.1,25.0,29.0,19.9,26.6,33.6,26.5,18.7,24.2,26.1,20.7,25.0,18.2,23.1,26.0,19.9,16.0,20.0,34.9,28.6,35.0,22.5,29.5,40.1,35.0,22.0,27.0,15.3,7.4,14.6,7.4,13.1,20.2,9.8,3.7,9.8,1013.7,1011.1,1011.3,1011.7,1013.4,1012.5,1012.4,1011.6,1011.5,106.5312
2021-08-05,106.5312,71.29,156.0,69.09,2.294,42.899,1093.0,3095.12,7052.46,37808.42,18517.21,1166.79,3208.0,3675.83,31.2,24.6,27.0,21.6,25.7,27.8,25.5,21.1,24.2,27.8,20.0,20.8,16.9,24.3,24.8,22.2,15.5,19.0,36.1,31.0,34.4,27.4,27.6,32.0,29.0,29.0,28.2,12.9,13.6,16.8,9.3,21.3,16.4,12.2,5.7,12.8,1008.7,1006.5,1013.8,1007.0,1011.1,1013.1,1010.0,1007.5,1005.3,109.924232
2021-08-06,109.924232,70.7,160.95,68.28,2.2569,43.118,964.62,2932.25,6386.21,35926.46,18874.71,1153.79,2776.58,2838.29,27.4,26.3,26.6,22.2,24.9,26.5,25.6,22.0,24.0,25.6,18.6,19.3,17.1,23.7,23.0,20.9,14.8,19.0,29.7,32.5,35.4,27.6,25.8,29.1,32.0,29.0,28.1,15.0,11.3,12.4,4.1,15.7,10.2,9.6,4.4,10.8,1008.9,1006.7,1011.0,1007.3,1010.5,1011.6,1009.7,1007.3,1007.0,98.798061
2021-08-07,98.798061,,,,,,943.21,2448.42,6198.54,30602.96,14310.83,1142.29,2857.17,2702.5,27.5,27.5,27.7,22.7,25.1,28.6,27.3,20.7,25.4,25.0,19.0,20.0,17.6,23.9,22.9,20.5,16.6,21.0,30.6,34.2,32.5,27.9,26.3,33.3,34.0,25.0,28.1,13.1,12.9,14.8,8.8,6.6,10.3,10.6,4.9,13.1,1011.4,1007.7,1008.3,1007.4,1011.5,1010.3,1010.3,1007.5,1008.3,97.483192
2021-08-08,97.483192,,,,,,830.79,2133.79,5632.46,26644.88,11793.83,1056.0,2712.33,2485.67,32.1,29.0,27.5,22.7,26.4,30.5,28.0,22.1,25.7,26.5,23.0,23.3,18.5,24.4,27.0,23.0,15.8,21.0,38.5,35.0,34.0,27.1,28.1,38.0,34.0,29.0,30.0,16.4,13.0,15.7,5.4,10.0,16.2,13.1,4.1,12.1,1012.6,1009.6,1011.9,1010.0,1013.4,1012.9,1012.4,1010.4,1009.6,107.570211
2021-08-09,107.570211,69.04,167.0,66.48,2.2348,42.786,877.96,2687.67,6302.5,32009.88,15482.5,1133.0,2764.83,2761.42,29.8,26.6,28.1,22.8,25.8,29.3,27.4,22.5,24.8,25.1,18.0,24.0,17.7,24.7,27.0,22.8,16.3,20.0,32.4,34.0,32.6,28.1,26.8,33.0,33.0,29.0,29.0,10.5,8.8,15.6,4.2,6.9,12.0,8.9,5.1,8.5,1016.2,1015.8,1015.4,1016.2,1017.7,1017.0,1017.2,1016.6,1016.0,113.441307
2021-08-10,113.441307,70.63,167.1,68.29,2.2679,44.655,906.0,2904.33,6464.58,33672.92,16570.62,1171.62,2781.08,2874.67,29.1,26.7,30.1,23.7,26.3,31.4,28.3,23.5,26.1,26.6,20.5,24.8,17.4,24.6,26.0,21.8,17.4,20.0,31.3,34.0,36.3,29.7,28.2,39.0,36.0,30.0,31.3,11.5,6.7,11.6,4.2,8.1,14.8,8.6,3.2,8.6,1016.8,1016.9,1014.6,1017.1,1017.4,1016.3,1016.4,1017.8,1016.8,120.296423
2021-08-11,120.296423,71.44,168.75,69.25,2.3022,45.986,952.96,2827.29,6657.38,34622.17,17047.67,1219.08,2933.29,2984.5,28.9,28.6,29.7,24.8,27.4,32.2,29.5,25.2,27.3,25.2,22.1,25.9,18.0,25.4,27.7,23.3,19.2,21.0,30.8,35.5,40.1,31.5,29.3,39.0,38.0,32.0,33.0,12.5,6.6,11.3,3.6,7.5,13.3,8.4,3.3,7.0,1014.8,1016.1,1015.2,1016.3,1014.8,1014.7,1014.6,1017.1,1015.9,118.925802
2021-08-12,118.925802,71.31,171.25,69.09,2.2754,45.871,1001.38,2717.08,6759.92,32467.46,14812.67,1241.29,2950.42,2984.71,28.2,29.0,28.5,27.2,27.5,28.3,30.3,26.1,27.4,26.0,21.0,23.0,22.2,25.0,26.0,23.1,20.3,23.0,31.0,36.1,33.7,32.8,29.7,31.0,38.0,33.0,31.3,13.5,10.1,10.0,6.5,9.4,15.3,10.0,4.6,10.4,1017.6,1018.0,1017.0,1018.6,1016.6,1016.3,1016.5,1019.4,1018.4,124.54655
2021-08-13,124.54655,70.59,172.25,68.44,2.2626,44.628,992.67,2717.67,6692.54,31838.25,14105.62,1266.17,2941.92,3121.67,28.6,29.2,28.8,28.0,27.4,28.5,30.2,27.2,28.0,25.9,24.0,23.9,23.2,26.2,25.0,23.9,21.3,23.0,31.6,36.0,36.2,33.6,28.6,31.0,38.0,34.0,33.0,9.3,7.3,9.4,5.0,7.7,11.3,7.9,3.5,8.0,1019.6,1019.9,1018.5,1020.0,1018.8,1018.8,1018.6,1020.9,1019.8,115.406946
2021-08-14,115.406946,,,,,,953.58,2538.12,5692.96,29640.17,13799.62,1236.17,2601.21,2818.5,28.3,30.4,27.9,28.4,27.9,29.0,30.6,27.2,28.6,25.6,23.0,22.1,22.3,25.9,25.0,23.8,21.4,23.8,31.3,37.3,33.4,34.5,29.2,34.4,38.0,34.0,33.0,9.5,11.5,9.3,5.0,7.4,14.6,8.3,4.0,8.0,1019.1,1018.7,1018.2,1018.9,1017.9,1017.7,1018.0,1019.8,1018.8,115.55694
2021-08-15,115.55694,,,,,,794.33,2348.96,5039.75,26689.58,12406.0,1084.88,2292.38,2723.29,28.6,30.8,28.6,28.6,27.1,27.9,30.1,27.9,28.5,25.2,24.7,22.0,22.9,25.9,24.0,24.0,22.6,23.9,32.1,38.0,34.1,33.8,28.4,30.0,37.0,34.0,33.0,8.1,7.6,9.3,4.9,7.5,11.4,8.4,4.8,8.1,1015.9,1013.7,1016.1,1014.4,1015.7,1015.9,1015.4,1015.1,1014.0,117.542045
2021-08-16,117.542045,69.51,173.4,67.29,2.2009,47.988,882.33,2553.75,5725.58,30485.5,14730.42,1191.83,2717.58,2684.0,29.7,29.8,28.7,26.6,27.0,28.3,27.9,26.0,27.1,25.4,23.0,21.2,23.1,26.5,24.0,22.0,21.1,20.3,35.4,36.4,38.1,31.9,28.0,31.7,34.0,32.0,31.0,16.7,10.3,12.8,9.4,12.6,6.2,10.6,6.3,14.4,1012.4,1008.6,1013.6,1009.9,1014.0,1014.4,1012.7,1010.4,1008.9,114.667193
2021-08-17,114.667193,69.03,172.0,66.59,2.1656,46.949,920.5,2755.71,6008.0,31946.38,15705.08,1216.42,2632.42,2708.25,29.6,26.3,26.0,24.9,26.9,30.3,27.6,23.2,23.6,27.1,21.0,22.6,18.7,25.8,27.0,23.6,16.2,18.0,31.7,31.0,32.0,30.8,28.0,33.0,32.0,30.0,28.0,13.3,12.2,27.7,9.3,14.7,28.4,12.6,4.4,14.0,1010.1,1011.2,1013.3,1011.6,1011.2,1011.8,1009.9,1012.4,1011.0,111.782627
2021-08-18,111.782627,68.23,171.0,65.21,2.1477,45.385,956.96,2796.62,6331.54,33427.42,16879.46,1208.79,2617.29,2636.75,27.3,23.9,24.6,24.0,25.6,27.3,26.9,23.0,23.1,25.6,18.0,19.7,19.2,24.0,26.0,23.0,18.3,18.0,29.4,29.4,30.4,28.6,27.2,29.2,32.0,29.0,27.5,21.0,8.0,24.3,9.9,10.4,15.7,8.8,6.3,13.9,1011.3,1013.8,1014.2,1014.2,1011.4,1012.5,1011.1,1014.3,1014.4,122.518365
2021-08-19,122.518365,66.45,170.9,63.5,2.0815,40.395,1009.33,2948.21,6558.17,35255.29,18091.58,1273.5,2659.42,2715.08,26.7,24.2,25.2,23.8,25.8,26.7,26.3,23.3,23.3,24.4,18.0,18.3,19.3,23.3,25.0,22.0,19.6,18.8,29.5,31.0,31.0,29.1,27.3,28.0,32.0,28.0,28.0,15.5,9.4,13.5,7.9,9.9,9.7,7.8,6.9,11.4,1013.2,1014.0,1013.8,1014.3,1012.4,1012.9,1012.3,1014.8,1014.6,109.230682
2021-08-20,109.230682,65.18,167.75,62.14,2.0236,41.944,895.33,2874.54,6616.62,33079.12,16163.75,1166.46,2618.25,2744.17,26.8,25.8,25.1,24.6,25.7,27.2,26.3,23.8,23.8,23.9,19.0,18.6,20.3,23.3,24.9,21.2,19.3,18.0,29.7,32.0,30.1,30.2,27.4,29.3,33.0,29.0,28.2,12.1,9.5,11.4,5.5,9.1,15.4,7.7,4.4,8.1,1014.7,1014.6,1014.5,1015.2,1014.2,1014.2,1014.0,1015.6,1014.9,106.306865
2021-08-21,106.306865,,,,,,882.0,2576.5,6180.79,30585.62,14607.67,1086.71,2478.67,2773.29,27.0,26.8,24.9,25.7,26.2,27.2,26.1,24.3,25.0,24.3,20.0,18.9,20.3,23.0,24.0,20.2,18.8,20.0,29.4,33.5,30.4,31.4,28.4,29.0,33.0,31.0,30.0,14.4,8.7,12.4,5.3,9.7,18.4,9.3,3.7,8.2,1016.8,1017.0,1017.6,1017.4,1016.5,1016.6,1016.6,1017.8,1017.2,101.431659
2021-08-22,101.431659,,,,,,905.83,2296.62,5067.5,27506.17,13408.29,1050.71,2180.46,2596.75,26.9,28.0,25.5,25.6,25.8,27.2,26.8,24.5,25.3,23.1,22.0,18.8,19.9,23.7,25.0,20.6,20.2,20.0,30.0,34.1,30.6,31.5,27.3,29.0,35.0,30.0,29.7,9.8,8.9,10.2,5.0,8.7,14.8,7.9,4.9,8.5,1017.3,1015.3,1018.3,1016.0,1017.2,1017.9,1017.0,1016.2,1015.6,108.937923
2021-08-23,108.937923,68.75,170.0,65.64,2.1232,41.68,853.67,2885.12,6173.96,32961.62,16987.54,1096.04,2436.88,2528.42,28.0,22.9,27.2,23.0,25.3,26.1,25.8,23.9,22.4,24.4,19.0,21.0,19.1,24.8,22.0,20.6,17.8,19.3,32.0,27.0,36.4,27.0,25.8,29.2,31.0,30.0,25.0,13.7,7.0,18.2,8.1,8.4,9.7,8.9,6.4,19.1,1013.8,1014.2,1015.1,1014.5,1015.4,1015.5,1014.6,1014.4,1014.0,116.053167
2021-08-24,116.053167,71.05,170.0,67.54,2.1808,44.87,944.25,2995.67,6285.58,35678.38,19115.62,1109.33,2472.12,2755.79,27.3,22.4,25.5,22.3,25.1,28.6,23.6,21.9,23.0,25.3,17.0,19.4,18.2,23.3,25.0,20.0,17.3,17.0,29.3,29.1,33.5,26.7,26.4,32.9,32.0,26.0,28.1,14.4,7.4,11.9,4.4,9.0,10.8,8.5,5.4,12.3,1012.9,1015.2,1012.4,1015.9,1012.6,1012.3,1012.1,1016.1,1015.2,109.138222
2021-08-25,109.138222,72.25,170.75,68.36,2.3008,45.285,929.42,3093.58,6480.08,37619.33,20830.54,1159.96,2473.92,2651.83,26.1,22.5,25.3,22.5,25.2,28.4,23.9,21.4,22.1,23.9,17.0,19.0,18.3,23.8,26.0,19.0,16.7,18.0,28.3,28.3,30.0,27.2,26.5,30.0,31.0,27.0,25.1,13.9,8.8,12.7,6.6,8.1,12.3,8.1,4.2,11.6,1013.2,1014.6,1011.6,1015.6,1011.6,1011.7,1011.6,1015.8,1015.1,129.627601
2021-08-26,129.627601,71.07,171.0,67.42,2.2554,45.788,884.83,2989.25,6433.46,35882.5,19332.33,1176.96,2476.5,2589.17,25.2,23.4,26.6,23.1,24.7,28.4,24.6,22.1,21.4,22.0,17.0,22.0,16.9,22.2,27.0,20.0,15.3,16.6,27.2,30.3,33.1,29.4,26.2,31.0,30.0,29.0,26.0,11.1,7.1,16.5,6.8,9.4,20.7,9.3,4.8,11.4,1011.5,1009.5,1011.9,1010.0,1010.8,1011.0,1010.4,1010.0,1009.9,112.785689
2021-08-27,112.785689,72.7,170.95,68.74,2.2742,47.806,870.08,2987.92,6147.33,34886.17,18710.33,1133.96,2419.08,2617.46,25.7,20.5,25.5,21.8,25.4,26.4,24.2,20.3,19.5,20.4,18.0,18.6,18.7,24.0,25.0,20.0,15.7,16.7,29.8,23.0,32.6,25.5,26.5,28.0,30.0,24.0,22.5,11.7,14.9,15.0,12.2,14.5,19.7,12.4,8.6,12.3,1009.7,1009.7,1012.2,1009.5,1010.7,1012.1,1009.2,1009.4,1010.7,112.548301
2021-08-28,112.548301,,,,,,769.38,2475.38,5350.33,29547.04,15238.58,1070.79,2293.71,2348.88,25.7,19.5,25.4,19.9,24.9,27.0,23.1,20.0,19.8,21.8,15.5,21.0,16.8,23.3,25.0,19.5,16.3,17.0,27.3,25.0,33.2,23.9,26.4,28.3,27.0,26.0,25.0,13.8,6.9,13.8,5.7,14.8,20.7,11.6,5.1,14.0,1009.3,1012.0,1011.1,1012.5,1009.3,1011.0,1008.2,1012.7,1012.1,103.667655
2021-08-29,103.667655,,,,,,715.75,2093.38,4602.29,24263.5,11709.92,1009.54,2086.0,2046.62,22.8,20.4,23.1,20.0,23.7,26.4,21.9,19.5,19.3,19.9,14.0,16.5,13.5,20.7,23.3,15.7,12.3,14.0,25.7,26.3,29.3,25.7,26.0,27.3,29.0,27.0,24.0,19.4,8.0,13.9,4.7,11.6,17.2,13.1,4.7,10.9,1010.5,1012.4,1011.8,1012.6,1009.1,1010.5,1009.7,1012.6,1012.5,126.174653
2021-08-30,126.174653,72.23,171.35,69.21,2.1538,49.679,716.71,2897.04,5772.08,32509.96,17760.58,1037.67,2188.5,2137.38,23.1,21.2,23.4,20.8,23.1,25.2,21.6,20.2,18.8,19.8,13.0,15.7,16.6,20.3,21.6,15.0,15.9,14.9,26.4,28.0,31.4,26.1,25.3,28.0,29.0,27.0,24.0,13.2,8.4,12.7,7.0,11.0,8.5,8.2,5.0,10.8,1014.3,1012.2,1013.1,1012.7,1013.2,1013.7,1013.2,1012.7,1013.1,126.681263
2021-08-31,126.681263,71.63,172.0,68.5,2.1419,50.338,777.67,2959.29,5904.25,33670.33,18438.29,1116.62,2231.83,2242.38,24.1,20.6,24.4,20.0,23.9,25.6,22.0,19.8,19.7,20.5,14.0,19.0,15.4,21.8,22.0,15.5,15.5,15.0,27.1,25.9,31.0,25.0,25.0,28.0,30.0,26.0,24.0,9.9,7.5,12.9,4.6,6.2,9.1,7.0,4.8,9.0,1016.0,1015.9,1015.6,1016.3,1015.9,1015.9,1015.6,1016.2,1016.3,126.877079
2021-09-01,126.877079,71.59,174.6,68.59,2.1109,50.232,796.42,2936.58,5902.79,35386.0,20333.83,1020.38,2181.17,2214.83,24.8,22.1,24.8,21.4,24.1,26.6,23.5,21.0,21.2,21.8,16.0,18.4,15.0,21.5,23.0,17.1,15.3,16.9,26.7,28.2,29.2,27.6,26.0,30.0,31.0,27.0,26.0,18.4,8.9,14.1,4.8,10.3,19.1,8.2,5.1,7.7,1018.5,1020.0,1017.5,1020.2,1017.9,1017.2,1017.8,1020.3,1020.2,139.320141
2021-09-02,139.320141,73.03,177.5,69.99,2.1635,51.916,694.83,3054.12,5994.88,35283.42,20248.04,1061.54,2146.17,2083.83,23.7,21.9,26.6,22.5,24.5,26.6,23.4,21.4,20.7,21.2,15.0,22.4,17.8,21.7,23.0,17.8,17.6,15.0,25.9,29.0,30.5,28.0,26.8,30.0,31.0,27.0,25.0,20.1,10.8,13.2,9.5,12.5,13.2,8.2,6.3,8.2,1021.1,1022.4,1018.1,1022.3,1020.1,1018.7,1020.0,1022.5,1023.0,145.293144
2021-09-03,145.293144,72.61,179.0,69.29,2.154,51.505,783.25,3183.67,6315.75,36995.42,20871.79,1097.29,2296.17,2447.5,23.1,21.3,26.2,22.3,23.9,27.3,22.5,21.3,21.1,19.5,15.0,21.7,17.3,22.0,24.0,1.0,18.8,17.0,26.8,28.0,30.0,27.2,25.7,33.0,30.0,26.0,25.0,11.4,8.1,12.4,7.0,10.5,14.9,6.9,5.7,9.8,1019.3,1019.5,1015.0,1019.9,1018.1,1016.8,1017.8,1019.9,1019.5,136.360236
2021-09-04,136.360236,,,,,,639.25,2457.96,5266.54,30142.0,16329.04,1064.29,2246.42,2138.5,23.6,21.8,25.7,22.2,23.1,27.0,24.1,21.4,21.1,19.8,16.0,22.0,17.2,20.9,21.0,19.0,16.7,15.9,26.6,26.0,31.1,27.5,24.6,31.0,30.0,28.0,26.0,8.7,7.2,11.8,6.3,9.1,20.0,6.9,3.9,7.4,1015.4,1015.7,1013.2,1015.8,1014.4,1013.7,1013.9,1016.0,1015.7,113.094663
2021-09-05,113.094663,,,,,,622.71,2161.29,4670.62,26605.12,14172.33,1030.58,2034.58,1913.0,24.3,22.2,24.6,22.8,23.7,26.2,24.4,21.8,22.5,20.9,16.0,19.8,17.0,21.1,25.0,19.0,16.6,17.0,27.0,29.0,30.3,28.8,26.6,28.0,31.0,28.0,27.4,11.7,10.2,11.3,5.9,9.7,12.1,9.3,4.8,10.8,1016.2,1017.7,1016.1,1017.9,1014.9,1014.8,1014.9,1018.2,1017.8,131.541058
2021-09-06,131.541058,72.22,178.0,68.88,2.1468,,750.67,2891.08,5916.08,34450.88,19411.0,1108.79,2146.75,2226.5,24.6,22.0,24.3,23.4,23.6,26.1,23.8,22.0,22.5,21.3,15.0,18.0,19.2,20.4,24.8,17.5,16.8,17.0,27.7,29.0,31.0,28.6,25.9,28.0,30.0,28.0,27.7,16.0,8.2,11.2,6.5,11.1,15.2,8.5,5.8,11.1,1018.7,1021.4,1018.9,1021.9,1017.9,1017.1,1018.0,1022.3,1021.6,137.502726
2021-09-07,137.502726,71.69,177.2,68.35,2.13,53.908,761.75,3116.62,6174.75,36363.17,20708.46,1110.62,2242.88,2248.08,24.4,22.3,24.3,23.1,23.8,24.8,23.3,22.3,22.2,20.5,15.0,18.8,17.4,21.4,22.0,17.2,17.4,17.0,27.9,29.2,31.0,28.3,26.1,27.0,30.0,28.0,27.0,13.0,9.6,10.4,5.7,11.7,13.1,7.8,4.4,10.7,1020.3,1021.7,1019.8,1021.8,1019.3,1018.2,1019.6,1021.8,1021.5,139.394145
2021-09-08,139.394145,72.6,177.35,69.3,2.1321,55.288,857.62,3041.21,6418.25,36704.42,20691.83,1043.33,2178.96,2473.21,23.3,21.9,23.6,23.2,23.3,23.9,23.1,22.2,22.1,20.2,15.0,18.4,18.7,21.0,20.0,17.0,19.9,18.0,26.6,28.6,28.0,28.1,25.2,27.0,30.0,26.0,27.0,12.3,8.0,9.8,9.8,7.8,8.8,7.1,7.4,13.1,1018.9,1019.4,1017.2,1019.6,1018.2,1017.7,1017.7,1018.5,1019.6,145.030311
2021-09-09,145.030311,71.45,177.5,68.14,2.0997,56.581,612.83,3100.5,6155.92,37041.25,21402.88,1089.08,2232.17,2447.88,23.5,22.0,25.6,22.6,22.7,24.7,22.8,21.7,21.1,20.9,15.0,23.0,18.3,19.4,19.0,16.0,19.7,16.0,25.9,29.1,29.4,27.6,24.5,28.0,30.0,26.0,26.0,8.7,8.6,20.5,6.2,8.4,11.3,6.6,5.5,9.1,1017.6,1017.0,1013.9,1017.2,1016.8,1015.6,1016.4,1017.7,1017.1,145.207961
2021-09-10,145.207961,72.92,177.6,69.72,2.154,57.916,653.0,3144.08,6115.38,36641.42,21303.08,1046.92,2052.04,2326.92,23.1,22.9,22.8,23.1,23.3,24.8,22.6,21.1,20.3,19.6,17.0,20.4,18.0,20.8,22.7,16.7,17.4,14.4,26.4,30.0,27.0,28.3,24.6,27.7,28.0,25.0,26.0,16.0,10.9,9.9,5.6,6.6,14.3,7.3,4.8,9.1,1017.6,1016.2,1013.2,1016.5,1016.6,1015.0,1016.0,1017.1,1016.8,139.235988
2021-09-11,139.235988,,,,,,592.12,2601.71,5240.25,30220.58,16672.42,1021.83,1873.83,2218.42,23.3,22.5,23.7,23.1,23.8,24.2,23.9,21.7,20.4,19.8,16.0,19.5,17.0,22.5,21.6,18.4,15.4,15.0,26.2,29.0,31.2,28.8,25.4,26.0,31.0,28.0,24.5,10.9,7.7,12.2,5.1,8.7,16.2,6.0,5.0,7.1,1016.1,1016.3,1014.8,1016.3,1014.1,1013.1,1014.3,1016.7,1016.6,133.703473
2021-09-12,133.703473,,,,,,556.46,2345.17,4890.54,27217.46,14589.38,989.0,1774.96,2071.96,23.1,23.3,23.8,23.6,23.3,25.4,22.9,22.2,22.3,18.9,17.0,19.4,18.1,20.0,23.0,16.0,16.6,16.0,26.2,30.0,30.5,29.4,26.4,27.0,31.0,28.0,28.1,9.7,8.3,10.5,5.1,11.1,15.0,8.0,4.2,8.8,1015.0,1015.5,1015.6,1015.8,1014.2,1014.6,1014.3,1016.2,1015.4,148.182048
2021-09-13,148.182048,73.51,177.5,70.45,2.1609,61.279,583.5,2938.25,5703.62,34161.5,19742.96,1071.33,1953.17,2168.67,23.6,24.5,23.7,23.8,23.7,25.0,23.5,22.6,22.6,19.4,18.0,18.0,17.1,21.8,22.0,17.0,17.0,17.0,27.5,32.0,29.3,30.3,25.5,27.0,31.0,30.0,28.0,11.2,9.0,10.5,4.7,7.3,9.3,7.7,4.0,7.7,1015.9,1015.6,1016.8,1015.9,1015.8,1016.6,1015.5,1016.2,1015.4,152.580567
2021-09-14,152.580567,73.6,177.45,70.46,2.1724,65.764,581.46,3137.79,6065.46,36454.25,21395.96,1055.46,1968.75,2249.38,24.2,24.7,23.6,23.9,23.5,24.3,23.2,22.1,22.5,20.4,18.0,17.2,19.1,22.1,21.0,17.0,17.6,16.0,28.4,31.0,28.3,28.8,24.3,27.0,32.0,27.0,27.0,9.4,9.2,10.9,7.3,7.3,11.8,7.0,3.3,8.9,1017.5,1016.5,1017.9,1016.6,1017.8,1018.4,1017.6,1017.2,1016.3,174.582561
2021-09-15,174.582561,75.46,177.5,72.61,2.2066,70.707,696.25,3223.71,6193.12,37593.46,21950.79,1046.88,2080.58,2402.12,24.8,24.8,26.1,22.4,23.7,24.6,22.9,20.5,22.3,20.7,19.6,22.7,18.9,21.4,20.0,17.0,18.7,17.0,28.5,30.0,28.3,28.0,25.3,29.0,30.0,23.0,26.0,9.0,8.9,17.4,6.0,8.5,8.5,6.4,4.4,8.4,1018.5,1016.5,1017.5,1016.2,1019.2,1019.0,1019.0,1016.6,1016.2,183.415471
2021-09-16,183.415471,75.67,176.0,72.61,2.1812,63.251,715.0,3228.96,6170.21,37119.29,21506.79,1073.29,2088.04,2337.0,26.0,23.3,27.3,20.4,24.0,26.5,24.8,20.5,21.2,22.3,20.6,24.7,19.4,23.2,22.0,20.0,17.3,19.0,28.2,25.5,32.7,22.0,24.7,33.0,31.0,25.0,23.0,12.2,9.3,10.3,6.3,7.5,10.1,9.9,2.8,6.9,1017.3,1014.7,1015.5,1014.4,1018.9,1017.9,1017.6,1014.5,1014.6,167.382542
2021-09-17,167.382542,75.34,177.5,71.97,2.1713,65.103,716.0,3173.96,6153.46,37444.04,21618.38,1116.79,2170.29,2495.17,26.9,22.5,25.3,21.2,24.4,29.4,24.5,21.4,21.3,22.7,19.0,22.8,17.3,22.7,28.0,21.6,15.6,18.0,30.8,27.0,29.8,25.8,25.6,32.0,28.0,29.0,25.0,10.9,5.5,12.7,5.1,13.0,17.4,12.4,4.0,9.3,1014.0,1011.0,1013.5,1011.0,1014.6,1014.5,1013.5,1011.1,1011.0,156.690869
2021-09-18,156.690869,,,,,,696.25,2672.96,5407.83,30880.62,16841.0,1028.33,2054.17,2180.08,25.9,21.9,24.2,20.0,23.4,27.6,23.9,20.7,20.8,24.2,17.0,19.5,17.9,21.2,26.0,19.4,16.7,17.9,28.4,27.0,29.7,23.9,25.1,31.0,30.0,26.0,24.0,10.0,6.2,10.3,6.9,7.1,14.9,9.1,5.0,10.2,1013.1,1012.1,1013.4,1012.6,1013.6,1013.1,1013.0,1012.4,1012.4,158.222348
2021-09-19,158.222348,,,,,,621.83,2335.17,4913.88,26993.58,14275.67,992.67,1877.79,1976.58,25.4,20.8,23.7,17.7,23.5,26.7,22.9,18.2,19.6,23.0,16.0,17.9,13.4,22.2,25.0,18.4,13.1,15.0,28.6,27.0,30.3,20.7,24.6,31.0,28.0,25.0,23.0,11.1,8.3,15.8,12.9,8.8,13.8,9.5,5.9,11.0,1012.8,1010.3,1015.0,1010.1,1013.6,1013.9,1013.2,1010.1,1010.7,159.169505
2021-09-20,159.169505,73.92,177.5,70.14,2.1152,75.317,646.46,2908.5,5817.04,33527.04,18952.0,1033.21,2060.67,2109.17,25.3,20.0,21.9,16.1,23.1,25.4,21.9,16.4,18.4,23.9,15.0,16.7,11.5,22.2,22.7,16.0,9.8,14.0,27.1,26.0,27.1,22.2,23.8,27.1,28.0,23.0,23.3,13.2,8.9,16.0,7.2,15.8,9.8,8.7,3.7,12.3,1014.2,1013.1,1017.1,1013.6,1015.2,1016.4,1013.9,1013.8,1013.3,175.959909
2021-09-21,175.959909,74.36,179.5,70.49,2.1052,73.782,665.04,3093.25,6031.46,35553.08,20479.75,1015.92,2096.79,2170.88,23.7,18.5,20.8,17.3,23.2,25.0,22.2,17.5,17.9,20.9,15.0,15.7,13.7,22.3,21.0,17.5,13.6,14.0,26.1,23.0,26.1,21.4,24.5,29.0,28.0,24.0,22.0,15.7,7.7,10.9,5.3,10.0,15.2,7.4,3.1,11.7,1019.7,1022.1,1019.1,1022.8,1019.4,1017.8,1018.9,1022.7,1022.6,181.184326
2021-09-22,181.184326,76.19,180.0,72.23,2.1239,71.692,685.75,3104.54,5955.21,35095.12,19921.21,1042.71,2150.17,2235.54,21.4,18.0,23.4,17.0,22.3,25.5,21.3,17.4,17.6,19.9,12.9,18.6,13.0,19.5,24.0,15.3,12.6,13.4,22.7,24.0,28.0,21.7,25.9,28.0,29.0,24.0,22.0,26.1,9.8,10.2,5.6,14.7,11.4,9.6,3.6,11.1,1020.8,1022.9,1018.4,1023.1,1019.3,1017.9,1019.3,1022.7,1023.1,170.845359
2021-09-23,170.845359,77.25,185.9,73.3,2.1715,69.684,650.67,3122.33,5967.54,35272.04,20151.67,1059.62,2093.04,2227.17,21.1,18.0,23.3,17.3,21.6,24.7,20.3,18.3,17.4,20.1,12.8,18.0,13.6,19.3,22.8,14.0,14.9,13.6,22.8,24.0,27.3,22.0,25.0,27.0,27.0,24.0,22.0,27.7,8.2,10.9,5.2,15.3,21.6,9.5,3.8,9.2,1021.1,1022.2,1018.6,1022.6,1020.1,1018.2,1020.3,1022.4,1022.4,191.199968
2021-09-24,191.199968,78.09,181.0,73.98,2.1875,70.24,648.83,3117.54,6158.46,35265.38,19777.33,1060.29,2218.25,2284.67,20.2,19.7,25.3,17.4,21.0,24.2,21.1,18.3,18.4,15.9,13.6,21.8,11.8,17.5,20.0,15.1,12.1,15.0,24.4,27.2,29.0,23.9,23.0,27.0,29.0,26.0,23.0,11.6,9.4,16.8,4.5,8.2,11.3,7.0,3.2,7.0,1020.6,1018.4,1017.2,1018.3,1020.0,1018.7,1019.7,1018.4,1018.5,164.582014
2021-09-25,164.582014,,,,,,607.96,2378.46,5117.25,28645.42,15567.62,1023.88,1946.88,2003.38,21.4,20.6,26.1,18.9,22.1,25.7,21.5,17.7,19.2,16.6,14.3,24.0,13.7,20.4,22.0,15.0,14.6,15.0,24.7,27.1,28.5,24.2,23.7,29.4,30.0,20.0,23.0,10.2,7.0,15.6,4.8,7.4,13.1,6.0,3.1,8.0,1021.6,1020.3,1017.5,1020.2,1020.4,1019.2,1020.3,1020.8,1020.8,163.806426
2021-09-26,163.806426,,,,,,523.12,2159.04,4641.12,25752.12,13672.54,971.75,1879.79,1904.75,22.2,19.2,26.1,18.9,22.6,25.6,22.5,17.2,19.7,18.5,16.1,23.8,17.1,20.4,23.0,17.9,15.8,16.9,24.9,24.0,29.0,22.0,23.9,28.0,29.0,19.0,23.0,12.7,7.7,14.1,4.4,8.3,9.0,7.6,3.2,8.8,1021.0,1019.5,1019.0,1019.8,1020.7,1020.6,1020.4,1020.0,1019.7,173.631607
2021-09-27,173.631607,79.53,204.75,75.45,2.2237,76.507,574.12,2808.21,5680.75,33379.67,19078.33,1021.42,2127.25,2089.58,24.1,18.4,25.4,17.9,22.7,26.3,23.2,17.8,19.4,21.3,14.8,22.0,13.1,22.0,23.0,20.6,12.6,17.8,26.5,22.0,31.3,23.2,23.6,30.7,28.0,23.0,22.0,9.7,6.9,15.3,5.7,8.8,16.4,7.3,3.0,8.2,1017.0,1017.9,1017.4,1017.4,1017.6,1017.6,1017.0,1017.8,1017.1,178.788594
2021-09-28,178.788594,79.09,210.0,75.29,2.2019,78.565,646.67,2937.92,5868.17,35684.62,20708.29,1059.12,2145.79,2318.67,23.7,20.2,23.4,19.2,23.9,25.4,22.8,18.3,20.2,22.3,16.0,17.4,14.1,21.6,24.0,17.0,12.8,15.9,24.8,26.0,30.6,25.3,26.5,26.4,30.0,24.0,26.2,23.1,7.3,12.3,4.0,8.1,14.4,5.8,3.8,6.2,1017.0,1019.2,1018.4,1019.1,1016.2,1017.1,1016.6,1019.4,1018.9,218.408375
2021-09-29,218.408375,78.09,212.0,74.83,2.175,86.609,636.33,3024.58,6036.04,35193.38,20125.21,1005.5,2040.04,2325.67,22.7,20.9,22.8,19.0,22.4,24.5,22.5,19.3,21.1,19.7,16.4,17.3,15.8,19.8,22.0,18.6,14.6,16.9,26.4,26.1,29.0,24.1,24.1,26.0,29.0,26.0,26.0,9.6,6.8,18.9,5.9,8.1,9.2,5.9,3.4,7.7,1017.8,1017.2,1019.7,1017.9,1017.1,1018.4,1017.1,1018.1,1017.1,206.366665
2021-09-30,206.366665,78.31,218.0,75.03,2.194,97.774,624.71,3045.21,6013.42,35125.21,20042.12,1023.04,2062.58,2314.12,22.3,19.9,21.7,18.0,22.6,24.5,21.7,16.6,19.7,19.1,16.8,17.9,14.6,21.1,22.4,15.0,10.1,15.4,25.0,23.6,28.1,22.7,24.0,26.0,30.0,23.0,24.0,12.4,8.3,15.0,7.2,5.7,14.2,7.3,5.3,19.6,1019.8,1022.1,1021.1,1022.8,1019.0,1019.6,1018.8,1023.0,1022.7,205.613268
2021-10-01,205.613268,79.28,228.0,75.88,2.25,93.625,679.46,2951.75,6046.04,35043.21,20037.46,1030.25,2069.17,2229.08,22.4,17.7,21.6,16.9,22.2,23.2,21.5,17.0,17.2,20.2,13.0,17.0,14.1,19.9,20.0,16.1,14.5,13.0,25.2,23.0,27.4,21.0,24.7,26.0,28.0,21.0,22.0,14.0,7.4,9.1,7.1,11.3,10.2,7.6,4.7,10.5,1021.8,1023.1,1019.6,1023.6,1020.3,1019.2,1020.2,1023.5,1023.4,227.12875
2021-10-02,227.12875,,,,,,646.17,2360.08,5226.54,29153.71,15964.58,968.92,1895.71,2091.71,21.2,17.8,21.3,17.2,21.7,23.6,19.7,17.4,16.6,18.0,13.0,15.5,13.6,19.8,21.9,15.9,15.0,12.0,24.7,23.2,27.0,21.4,22.9,26.9,26.0,21.0,21.1,10.7,8.7,9.4,6.6,6.7,15.4,5.8,3.3,10.5,1020.4,1019.0,1016.9,1019.2,1018.7,1017.3,1018.3,1019.2,1019.6,191.5975
2021-10-03,191.5975,,,,,,541.67,2173.04,4697.75,26037.33,13741.38,944.12,1791.46,2147.92,21.0,19.8,21.9,17.8,21.4,23.6,20.6,15.9,19.1,17.6,13.0,15.0,15.2,19.9,20.0,14.0,14.3,14.5,23.6,28.0,26.8,21.4,22.6,26.8,27.0,17.0,24.0,17.5,8.8,13.3,10.1,14.4,10.8,11.1,4.7,10.6,1020.2,1017.1,1015.7,1017.0,1019.0,1017.6,1018.1,1017.1,1018.1,211.114763
2021-10-04,211.114763,81.26,240.0,77.62,2.3085,96.652,606.54,2858.71,5771.54,33315.83,18659.42,1006.38,2001.38,2411.88,22.0,20.9,25.0,18.2,22.1,23.6,22.3,16.5,20.9,18.4,16.5,21.2,16.8,20.0,20.0,18.0,15.4,18.0,26.9,25.7,29.8,20.5,23.6,27.3,28.0,19.0,24.0,15.4,9.2,18.2,16.5,12.5,7.6,13.1,5.2,11.7,1020.7,1016.3,1014.6,1016.0,1019.6,1018.0,1018.2,1015.6,1017.7,206.707847
2021-10-05,206.707847,82.56,269.5,78.93,2.3508,116.02,656.5,2873.62,5795.25,34911.75,20467.71,912.96,1932.38,2273.33,23.3,20.1,21.7,17.7,21.3,22.7,19.7,15.4,21.2,19.5,17.0,17.9,15.4,19.8,18.3,17.0,13.0,19.0,28.8,24.1,27.6,21.1,22.7,26.0,24.0,18.0,23.0,11.0,13.0,11.6,8.7,15.8,16.8,11.6,7.0,16.5,1019.0,1012.9,1018.4,1011.7,1018.7,1018.2,1017.4,1011.6,1013.1,242.456974
2021-10-06,242.456974,81.08,242.0,77.43,2.3082,108.191,707.25,3023.75,5826.67,35357.33,20720.42,985.62,1887.29,2206.33,22.4,18.1,18.5,15.8,20.1,22.9,18.1,15.2,17.2,18.9,14.1,13.5,13.6,17.2,21.0,14.0,10.3,12.5,26.1,22.8,24.1,19.2,21.7,24.0,22.0,21.0,20.0,10.0,14.9,14.0,8.7,8.0,18.6,11.9,5.6,19.4,1015.4,1012.2,1018.2,1013.5,1015.9,1017.1,1014.2,1013.7,1012.7,307.715101
2021-10-07,307.715101,81.95,231.9,78.3,2.3344,96.584,634.54,3048.92,5701.5,34672.83,20316.83,964.92,1867.17,2138.96,20.9,14.3,19.9,14.5,17.1,21.2,15.4,13.2,15.1,18.9,12.8,16.6,9.2,16.3,16.8,12.0,5.4,12.7,24.0,16.1,25.0,20.0,17.8,24.0,20.0,22.0,18.0,13.9,11.2,21.0,7.7,10.2,35.8,15.7,3.9,13.6,1008.1,1015.8,1012.9,1016.7,1007.3,1010.8,1007.9,1017.1,1015.3,229.0741
2021-10-08,229.0741,82.39,238.6,79.35,2.3662,87.606,589.21,3028.83,5794.12,34514.79,20143.83,955.67,1901.0,2102.12,18.0,15.4,18.4,15.2,17.7,19.3,16.6,14.4,15.9,15.6,13.4,12.8,9.9,15.3,16.6,12.3,9.3,13.9,20.6,18.0,25.8,19.9,20.7,21.0,22.0,22.0,19.0,15.5,10.9,11.4,6.8,13.9,17.4,17.6,5.6,22.1,1011.0,1019.9,1014.3,1021.0,1010.2,1011.5,1011.4,1020.8,1019.8,200.179508
2021-10-09,200.179508,,,,,,581.46,2463.5,5065.25,28707.67,15764.79,878.71,1872.12,2081.83,16.9,13.2,18.4,14.6,18.6,19.5,17.4,13.7,14.1,15.3,9.0,12.0,11.9,16.8,16.0,12.9,11.3,10.0,18.7,18.0,25.0,16.8,21.5,23.0,24.0,17.0,19.3,14.7,9.2,9.1,4.4,17.6,10.6,15.3,4.4,19.1,1015.8,1022.5,1016.1,1023.7,1014.8,1014.1,1015.5,1023.5,1022.7,171.865463
2021-10-10,171.865463,,,,,,557.29,2176.17,4584.96,25040.88,13232.92,886.38,1663.67,1939.5,13.9,11.1,18.5,13.0,14.6,20.2,15.0,13.2,12.3,11.9,6.0,12.7,9.0,13.3,18.0,11.7,10.1,8.0,15.5,17.0,24.2,15.7,16.5,21.3,19.0,18.0,16.0,15.8,7.5,12.1,4.3,19.2,23.8,20.7,3.9,12.0,1015.0,1021.5,1017.6,1022.3,1013.5,1014.7,1014.9,1021.5,1021.3,203.476238
2021-10-11,203.476238,83.65,244.5,80.52,2.3779,85.216,636.12,2949.96,5522.5,32662.12,18655.71,959.58,1799.83,2138.42,14.0,13.0,17.2,11.4,15.0,19.9,12.8,12.3,13.4,11.1,10.0,10.5,5.0,12.5,17.7,10.2,7.0,10.8,17.3,18.0,24.1,18.4,17.4,21.0,18.0,20.0,17.1,15.7,7.9,11.7,4.1,10.3,27.2,17.5,3.2,7.4,1014.3,1019.6,1018.4,1020.1,1014.0,1016.9,1015.8,1019.6,1019.3,218.539331
2021-10-12,218.539331,83.42,242.35,79.19,2.3829,85.698,697.5,3077.04,5583.88,34575.79,20314.96,946.5,1791.79,2164.12,15.8,13.5,16.9,12.3,16.3,20.2,13.8,12.9,12.1,13.2,10.0,9.4,8.2,13.1,19.1,8.9,8.0,8.0,18.8,19.0,24.1,17.8,19.7,21.0,21.0,19.0,16.4,23.1,12.4,9.6,6.7,11.4,16.8,8.0,3.9,5.9,1013.3,1016.3,1015.4,1016.7,1014.2,1014.5,1014.3,1016.2,1016.7,215.782201
2021-10-13,215.782201,83.18,243.35,79.12,2.4055,93.616,631.08,3107.83,5826.62,34993.96,20424.83,947.0,1857.96,2198.62,16.1,12.0,17.1,11.8,16.6,18.5,14.7,12.7,12.5,13.6,7.0,12.9,7.2,15.1,16.0,9.7,6.9,7.6,18.5,18.0,23.8,17.9,19.5,22.0,23.0,20.0,18.0,18.6,8.9,8.9,6.3,16.4,19.8,11.1,3.3,8.6,1013.8,1017.3,1012.1,1017.9,1013.1,1010.8,1013.3,1017.3,1017.4,214.065942
2021-10-14,214.065942,84.0,245.0,80.05,2.435,102.172,671.17,3123.71,5643.38,34318.58,19968.38,944.33,1892.79,2074.83,16.7,10.7,15.4,10.9,14.8,16.9,13.8,11.6,11.9,16.1,5.3,9.4,6.2,13.1,14.0,9.6,7.0,7.9,17.7,17.0,23.2,16.3,17.0,19.1,19.0,17.0,16.1,38.8,5.1,14.3,4.5,28.7,30.0,24.6,4.6,8.5,1016.2,1024.0,1018.3,1024.4,1016.1,1013.0,1017.9,1023.9,1023.8,211.857417
2021-10-15,211.857417,84.86,240.0,80.88,2.4864,93.648,579.58,2998.08,5618.5,33825.54,19603.54,957.42,1877.75,2190.67,15.1,10.9,15.4,10.4,14.3,17.8,13.6,10.1,11.1,14.5,5.8,8.0,5.1,11.8,16.0,8.6,5.7,5.0,16.3,17.1,23.4,16.6,17.5,19.0,20.0,16.0,17.0,35.5,8.5,13.7,3.8,18.2,27.6,22.0,2.9,8.4,1011.7,1019.5,1018.2,1020.0,1013.9,1013.7,1014.9,1019.5,1019.3,217.446378
2021-10-16,217.446378,,,,,,551.21,2551.08,5378.04,28662.46,15530.25,934.79,1794.75,1922.33,15.5,12.1,17.6,11.4,16.1,19.7,13.4,11.4,13.0,13.3,6.0,12.8,6.5,12.1,18.5,5.0,6.0,7.3,17.6,19.0,24.2,18.0,19.4,21.2,21.0,18.0,20.2,15.8,7.7,7.7,3.7,9.9,18.8,7.9,3.0,9.6,1014.7,1018.3,1016.0,1018.8,1014.8,1015.7,1015.2,1018.6,1017.9,192.080555
2021-10-17,192.080555,,,,,,547.38,2281.25,4765.33,25849.33,13814.71,892.04,1700.33,1848.29,16.8,12.5,16.9,11.4,16.8,19.4,14.7,11.2,13.5,14.3,7.0,11.0,6.0,14.4,17.2,9.0,6.0,9.0,18.7,19.2,22.5,18.2,19.0,22.0,22.0,19.0,19.0,9.9,6.3,9.8,4.0,9.1,13.6,6.1,2.5,9.0,1019.1,1020.5,1018.1,1020.8,1018.0,1017.3,1018.5,1020.6,1020.0,246.654207
2021-10-18,246.654207,84.33,239.35,80.74,2.4866,93.933,550.92,2883.96,5521.38,32304.92,18692.5,912.08,1818.58,1925.5,17.4,13.1,16.9,12.3,17.3,18.4,15.0,11.8,12.2,14.1,8.0,10.4,7.4,14.7,16.0,6.0,6.7,7.0,20.0,20.0,24.5,18.3,19.5,21.0,23.0,20.0,18.0,15.7,9.0,10.8,3.2,9.3,10.6,7.5,2.8,6.0,1023.4,1024.1,1022.9,1024.1,1022.4,1021.4,1022.8,1024.0,1023.9,250.544841
2021-10-19,250.544841,85.08,229.9,81.5,2.4755,89.932,556.33,3009.79,5764.25,34084.17,19910.96,940.42,1861.42,2041.0,16.8,13.7,16.6,12.2,17.3,19.1,14.6,13.0,12.3,13.4,8.0,9.5,8.1,14.4,16.7,8.0,7.0,7.5,20.3,19.1,23.2,18.1,19.9,21.1,23.0,19.0,17.0,11.7,9.1,8.7,4.8,8.6,14.2,7.8,2.1,5.6,1028.2,1027.7,1027.6,1027.9,1027.2,1026.4,1027.5,1027.8,1027.5,232.336821
2021-10-20,232.336821,85.82,232.0,82.38,2.5084,93.451,591.88,3164.42,5855.75,34855.54,20334.17,970.29,1815.33,2123.71,16.8,15.6,17.2,13.3,17.8,17.9,14.3,11.6,13.4,12.6,10.2,10.5,8.2,16.0,14.0,9.0,7.0,9.0,21.4,21.6,23.0,18.6,19.1,21.3,22.0,17.0,17.0,10.4,9.2,10.6,3.9,5.2,7.5,6.8,2.1,6.8,1027.2,1024.5,1026.5,1024.3,1027.3,1027.3,1026.9,1024.3,1024.6,216.013468
2021-10-21,216.013468,84.61,228.5,81.36,2.4801,88.463,565.29,3012.71,5827.96,34815.75,20641.29,927.17,1782.08,2059.25,18.2,18.5,19.3,14.2,19.6,21.6,16.7,12.2,13.6,14.1,15.0,11.6,9.9,18.1,18.0,8.0,9.3,11.0,22.4,23.0,25.4,18.2,20.8,25.0,23.0,16.0,16.0,14.3,12.6,10.5,5.6,20.8,25.7,12.5,2.1,7.8,1020.9,1014.4,1018.2,1014.0,1020.9,1021.1,1019.3,1014.5,1015.0,233.277114
2021-10-22,233.277114,85.53,230.0,82.5,2.4821,87.338,583.83,2987.0,5687.17,34735.79,20464.67,928.58,1874.17,2210.38,20.2,13.5,18.1,12.2,19.0,23.9,18.7,11.3,13.9,18.0,10.6,12.0,7.9,18.2,21.9,15.2,5.8,10.8,23.4,17.0,27.5,17.7,19.7,27.0,24.0,19.0,18.0,15.1,4.0,9.5,3.9,21.1,23.7,10.8,2.5,6.0,1017.9,1015.8,1015.6,1015.2,1017.2,1016.5,1015.7,1015.4,1015.5,219.745922
2021-10-23,219.745922,,,,,,589.29,2581.29,5272.38,29361.38,16277.5,899.5,1759.5,1981.92,19.4,14.4,18.5,12.0,19.8,21.1,17.1,11.5,14.1,17.3,11.8,11.8,8.6,18.7,18.0,14.4,5.5,11.0,21.8,18.0,24.2,17.6,21.3,24.0,21.0,18.0,20.0,7.2,4.4,10.1,6.3,10.3,9.7,6.3,3.3,11.1,1020.2,1022.2,1017.0,1022.3,1018.8,1016.8,1019.1,1022.3,1022.2,189.631105
2021-10-24,189.631105,,,,,,529.88,2227.71,4835.79,25911.75,13960.0,868.08,1652.71,1837.58,18.4,12.8,17.7,11.9,19.0,20.9,17.8,10.4,12.1,17.0,8.5,15.3,10.1,17.8,16.8,13.0,6.4,7.9,19.5,18.0,22.3,15.6,20.8,23.2,25.0,16.0,17.0,14.7,5.5,11.5,7.2,22.6,14.7,13.1,3.5,14.9,1024.1,1027.4,1017.4,1028.5,1019.3,1013.6,1019.8,1027.8,1027.9,211.932215
2021-10-25,211.932215,85.99,226.0,82.61,2.5162,88.643,591.5,2891.62,5601.83,34021.42,20114.42,933.12,1813.25,2075.67,18.5,11.0,18.7,10.2,17.8,20.1,15.7,11.1,11.0,17.7,6.8,15.7,7.3,16.2,17.8,11.0,6.3,7.0,20.2,16.0,23.0,13.2,19.9,22.0,21.0,17.0,15.2,22.9,4.8,11.7,3.8,21.0,19.8,7.5,2.3,11.5,1022.0,1024.2,1017.2,1024.9,1017.5,1012.8,1018.6,1024.2,1024.2,239.877509
2021-10-26,239.877509,86.4,223.35,83.36,2.5168,88.493,608.25,3122.71,5900.71,35604.29,21024.67,947.42,1844.17,2156.38,17.1,12.4,17.3,9.1,18.3,19.5,15.7,10.2,11.4,13.7,10.9,12.6,2.7,16.0,17.4,14.0,5.2,7.0,20.3,14.1,24.4,15.4,20.7,22.0,18.0,17.0,15.4,6.6,6.3,9.3,3.3,12.2,17.8,6.7,2.7,5.9,1020.7,1022.6,1018.8,1022.7,1017.7,1015.1,1018.8,1022.2,1022.2,224.420649
2021-10-27,224.420649,83.87,223.35,81.48,2.4497,86.819,673.42,3127.58,5898.54,34971.58,20501.92,938.75,1827.04,2004.33,17.1,12.7,16.4,10.0,17.8,19.9,15.8,11.0,12.2,15.2,8.0,11.7,4.5,15.7,18.8,11.0,5.0,6.3,18.8,18.0,21.6,17.4,21.2,22.0,22.0,19.0,18.0,14.6,6.6,8.5,4.5,15.0,20.0,6.0,3.1,9.3,1022.3,1025.5,1019.8,1025.9,1020.1,1018.0,1020.8,1025.9,1025.1,213.778064
2021-10-28,213.778064,83.66,223.7,81.46,2.3589,77.032,687.62,3021.46,5740.17,34308.67,20062.08,962.42,1891.25,1943.67,15.9,11.4,16.3,9.9,16.9,18.2,13.9,10.4,11.7,12.5,7.2,14.0,5.6,14.8,15.0,9.0,5.0,7.0,19.0,18.0,19.0,16.6,20.0,21.0,21.0,18.0,17.0,12.6,6.6,6.7,4.2,11.5,10.7,6.9,2.9,7.5,1021.9,1022.9,1018.8,1023.5,1019.6,1017.1,1019.9,1023.0,1022.6,218.036382
2021-10-29,218.036382,83.72,223.45,81.78,2.3697,64.864,560.42,2976.71,5836.29,34747.58,20686.12,959.38,1739.29,1989.38,15.7,10.8,17.3,10.1,16.3,17.3,13.2,10.5,10.7,13.6,6.4,13.8,5.2,12.4,16.0,7.0,7.1,6.0,17.7,16.0,23.6,16.4,20.0,19.0,20.0,16.0,16.1,10.8,7.3,8.9,3.7,12.3,11.2,5.6,2.1,7.7,1019.0,1019.1,1016.3,1019.6,1016.5,1015.0,1017.0,1019.3,1019.2,190.077731
2021-10-30,190.077731,,,,,,647.17,2425.83,5224.0,29074.29,16128.83,942.58,1764.08,1941.79,16.6,11.1,16.3,10.3,16.3,18.7,14.0,7.5,10.2,14.3,6.0,10.4,7.9,13.8,16.3,9.0,4.8,5.0,20.1,16.0,21.0,12.2,18.9,21.0,22.0,10.0,15.1,9.8,6.0,8.9,4.1,8.6,13.1,5.9,2.3,5.8,1018.7,1018.8,1016.2,1019.2,1017.2,1016.1,1017.2,1019.4,1018.6,194.343366
2021-10-31,194.343366,,,,,,511.28,2214.92,4753.92,25241.88,13696.68,900.88,1567.32,1596.88,15.8,12.4,17.7,11.1,17.5,18.6,14.4,8.9,11.0,12.9,11.0,16.0,9.7,16.1,17.0,10.0,8.0,7.0,20.2,13.3,19.0,13.8,19.3,21.0,20.0,10.0,15.0,8.2,5.9,11.1,3.1,11.9,11.1,5.4,2.6,5.0,1018.2,1018.2,1012.6,1017.9,1016.2,1015.2,1015.6,1018.2,1017.8,166.614192
2021-11-01,166.614192,84.71,150.0,82.45,2.4093,65.619,590.92,2099.04,4543.46,24799.54,13401.67,829.29,1546.08,1789.08,16.7,11.9,18.1,10.5,18.2,21.0,16.7,8.4,11.3,14.1,10.9,13.9,7.9,16.9,17.0,14.3,4.8,9.0,19.0,13.3,23.4,11.5,19.5,23.3,19.0,12.0,16.0,14.8,11.1,10.0,7.2,18.0,22.6,12.9,2.4,14.9,1011.0,1006.1,1007.3,1007.0,1007.7,1008.4,1006.0,1007.5,1006.2,202.612886
2021-11-02,202.612886,84.72,140.9,82.44,2.4501,67.606,1170.17,2562.25,5051.29,33507.46,18746.5,965.67,1838.71,3172.88,19.1,12.3,17.7,9.2,19.0,20.3,15.4,8.6,11.9,17.2,7.0,13.8,4.5,18.5,18.0,11.1,3.8,9.0,22.0,18.0,22.0,14.4,19.6,21.1,22.0,17.0,16.0,15.1,6.5,9.1,8.1,23.9,23.8,8.0,4.8,9.1,1006.1,1002.5,1010.2,1002.3,1007.3,1011.2,1006.7,1002.0,1002.2,199.890678
2021-11-03,199.890678,81.99,157.3,79.57,2.3385,76.542,782.08,3035.04,6100.12,36624.83,21626.12,986.58,1892.58,2202.29,18.5,13.3,17.9,10.2,18.9,23.5,16.5,8.2,11.7,16.2,9.0,14.0,8.7,17.9,18.0,13.4,6.1,8.0,20.3,18.0,20.0,11.7,20.4,27.0,19.0,9.0,15.0,23.1,9.7,11.7,11.7,29.8,37.4,14.4,4.2,12.0,1010.2,1001.7,1005.4,1001.8,1007.6,1007.5,1005.0,1001.7,1003.3,191.28315
2021-11-04,191.28315,80.54,154.75,77.7,2.2926,73.376,690.38,2992.33,5990.0,34396.29,19983.96,938.75,1833.17,1967.71,20.8,13.0,15.1,9.4,17.4,20.2,15.2,8.2,13.2,19.0,8.0,11.0,4.1,14.5,18.0,10.6,2.5,10.0,23.4,17.4,19.8,14.8,19.9,27.0,18.0,15.0,16.1,22.3,9.5,6.2,11.3,14.2,18.3,10.6,5.7,13.3,1010.3,1005.1,1010.7,1004.9,1010.5,1010.4,1009.6,1005.6,1004.6,209.274972
2021-11-05,209.274972,82.74,155.4,80.13,2.3209,74.027,687.83,2999.25,5889.54,34203.46,19874.62,927.38,1831.67,1993.17,17.9,9.3,13.6,6.7,15.9,19.5,11.7,6.0,10.6,17.0,6.0,9.7,2.3,13.4,18.0,8.0,-0.3,6.0,18.9,13.2,18.4,13.3,18.9,21.0,17.0,15.0,17.0,10.5,8.3,5.1,4.7,9.2,14.5,6.6,5.0,9.5,1015.8,1018.4,1013.8,1018.9,1014.5,1012.5,1015.1,1018.9,1018.0,174.424416
2021-11-06,174.424416,,,,,,655.71,2563.5,5391.25,30835.04,17531.79,930.17,1768.54,1994.08,16.8,10.4,12.3,6.8,17.0,20.7,13.3,5.8,10.7,15.9,8.4,7.9,1.4,15.4,18.7,7.0,0.6,8.0,17.8,13.1,15.6,13.6,20.4,26.8,20.0,14.0,15.0,9.9,9.9,10.2,4.6,17.1,19.1,9.5,3.8,17.3,1021.5,1025.0,1014.3,1025.9,1016.4,1012.6,1016.9,1025.8,1024.9,195.481352
2021-11-07,195.481352,,,,,,525.12,2234.96,4871.79,26391.12,14240.17,918.29,1701.88,1898.92,17.0,10.8,15.2,6.4,18.7,24.2,17.3,7.3,10.3,15.9,9.0,11.7,1.6,15.1,20.0,11.0,1.3,8.0,18.7,14.0,20.0,13.7,22.2,28.0,26.0,17.0,13.1,9.5,8.0,8.2,4.8,12.8,23.0,13.9,4.3,7.8,1019.4,1020.4,1011.3,1020.0,1014.5,1011.6,1013.3,1020.1,1020.0,217.422025
2021-11-08,217.422025,83.43,163.0,80.74,2.3222,79.074,580.42,2898.88,5765.38,34711.58,20382.12,1008.88,1913.96,2161.96,17.9,9.6,15.9,7.1,17.4,17.5,15.2,7.1,9.7,16.5,8.7,11.2,3.9,16.2,16.0,12.5,2.8,8.0,20.0,11.0,20.2,9.9,18.3,20.0,19.0,12.0,12.0,12.9,8.2,9.3,5.1,13.2,13.1,8.6,5.6,15.6,1014.9,1017.2,1009.7,1017.7,1012.7,1011.6,1012.1,1017.7,1017.1,211.2995
2021-11-09,211.2995,84.78,162.0,82.56,2.3752,72.587,674.46,3104.92,5971.88,35704.88,20980.25,998.92,1915.83,2058.62,19.0,10.5,16.6,8.3,18.4,18.0,14.7,6.9,10.1,18.4,9.0,14.0,2.8,16.7,16.2,11.7,1.9,6.0,20.2,12.0,20.0,13.7,20.5,20.0,19.0,10.3,15.0,10.8,10.2,16.9,4.1,10.0,11.6,9.4,3.0,15.5,1020.6,1025.4,1012.5,1025.6,1017.2,1014.8,1017.3,1025.8,1025.1,232.942152
2021-11-10,232.942152,82.64,158.5,80.06,2.2972,68.0,671.0,3161.12,5973.29,37031.33,22080.33,999.67,1962.75,2183.17,17.9,11.2,17.4,10.3,18.8,17.3,17.2,9.1,11.3,16.3,10.0,14.0,8.5,16.9,15.0,13.1,7.5,8.8,18.9,13.0,20.6,13.1,21.3,20.0,23.0,10.1,17.0,7.6,7.3,20.6,4.9,12.9,15.2,11.9,4.7,9.5,1025.4,1027.3,1015.0,1027.3,1021.4,1018.4,1020.8,1027.4,1026.6,199.446067
2021-11-11,199.446067,82.87,151.5,80.42,2.3178,74.79,647.38,2912.58,5556.25,34176.46,20211.17,992.08,1933.17,1923.83,17.2,12.1,14.3,11.2,17.9,17.4,15.8,10.8,11.8,15.8,10.0,9.6,7.5,16.2,15.0,14.0,8.9,8.0,18.5,15.0,18.0,15.2,19.9,20.0,19.0,14.0,16.0,6.0,7.2,9.0,5.3,10.3,9.8,7.9,5.1,7.7,1022.9,1023.6,1016.8,1024.1,1020.2,1017.2,1020.1,1024.2,1022.9,202.706036
2021-11-12,202.706036,82.17,153.0,79.69,2.3114,75.675,677.58,3204.42,6007.79,35849.21,20918.08,1010.29,1947.0,2084.04,17.1,11.3,16.5,10.1,16.6,16.1,14.8,11.5,10.6,15.5,9.0,13.0,6.5,15.2,13.0,11.1,7.4,7.4,18.8,16.0,19.3,14.9,17.7,20.0,20.0,16.0,15.0,6.2,6.0,12.0,4.2,8.5,10.8,6.5,3.5,4.9,1019.7,1019.2,1015.1,1019.7,1018.3,1017.0,1017.6,1019.1,1019.2,189.382813
2021-11-13,189.382813,,,,,,617.21,2520.0,5429.08,30058.21,16670.58,995.54,1914.42,1911.38,16.9,10.2,17.9,9.3,15.8,16.6,13.0,8.7,10.7,14.6,8.0,13.3,6.7,14.4,13.0,9.0,4.6,6.8,19.6,12.0,21.5,11.7,17.1,20.2,21.0,14.0,14.0,7.9,5.6,11.7,4.6,9.2,7.1,5.0,2.8,3.7,1018.8,1017.1,1015.2,1017.4,1017.8,1016.9,1017.6,1016.7,1017.3,178.629835
2021-11-14,178.629835,,,,,,533.75,2206.92,4830.46,26289.25,14181.67,953.92,1731.71,1850.83,16.8,12.4,14.4,10.6,16.2,18.9,12.6,9.9,12.5,14.8,11.0,12.3,10.0,14.5,17.0,8.0,8.4,11.0,19.2,13.2,16.6,12.0,18.3,22.0,18.0,12.0,14.8,9.4,9.6,11.8,6.6,10.7,16.0,10.6,5.2,18.3,1016.0,1014.4,1011.5,1015.5,1015.3,1013.9,1013.8,1015.4,1015.7,228.469351
2021-11-15,228.469351,82.05,149.35,79.75,2.3288,79.947,617.04,2988.67,5787.25,34850.29,20435.96,1017.42,1894.46,2109.5,15.5,12.9,12.9,10.2,16.4,17.0,14.9,9.8,12.3,13.7,11.9,9.7,8.8,14.1,14.1,11.4,9.0,11.0,17.6,14.0,15.3,11.5,19.4,20.0,22.0,10.6,14.0,10.3,12.4,7.3,6.6,9.5,11.2,7.8,9.4,21.0,1016.2,1018.3,1011.9,1020.1,1014.1,1013.0,1014.0,1019.8,1019.8,237.312434
2021-11-16,237.312434,82.43,150.4,79.74,2.3497,94.189,630.17,3120.21,5978.29,36105.25,21254.75,1026.25,1938.79,2156.79,17.5,10.0,13.6,9.5,16.5,15.1,12.6,10.7,10.7,15.7,9.0,10.7,6.3,14.6,12.5,10.5,9.0,9.0,20.3,11.0,17.0,11.6,18.0,19.0,15.0,13.0,12.0,16.6,10.1,8.9,5.9,11.2,10.7,7.9,3.8,12.3,1015.9,1020.0,1011.3,1020.9,1014.0,1012.3,1014.0,1020.3,1019.5,244.988341
2021-11-17,244.988341,80.28,150.15,77.55,2.2803,95.004,639.75,3110.0,5990.46,35961.71,21126.46,1017.75,1951.92,2125.38,16.7,10.7,13.8,9.4,15.7,17.4,11.9,9.1,11.3,15.4,9.0,9.6,6.8,13.6,15.0,8.6,6.2,9.5,19.3,12.0,19.0,12.2,18.2,20.0,16.0,12.0,14.0,8.8,8.7,7.9,4.4,11.3,12.8,8.2,3.8,9.1,1017.1,1019.5,1013.1,1019.7,1015.2,1012.7,1015.4,1019.6,1018.6,247.470427
2021-11-18,247.470427,81.24,152.5,77.55,2.2237,95.167,675.42,3087.33,5808.58,35894.04,21051.75,1026.54,1923.96,2320.46,15.8,12.0,13.4,8.4,15.8,17.2,12.8,7.5,11.1,14.2,10.0,8.5,5.9,14.3,15.0,8.4,5.0,8.0,18.7,14.3,19.0,12.2,17.9,19.0,20.0,9.0,15.0,7.4,6.7,8.0,4.4,9.6,13.5,8.0,3.7,11.1,1022.0,1025.4,1021.7,1026.3,1020.7,1020.1,1021.4,1025.9,1025.0,243.492267
2021-11-19,243.492267,77.37,152.5,75.23,2.1404,87.125,608.33,3154.5,5999.75,36137.42,21279.67,979.67,1939.08,2176.42,15.8,10.8,13.6,9.2,15.5,17.2,12.3,6.2,9.3,13.2,9.7,8.8,5.0,13.8,15.0,7.0,4.9,5.5,16.6,13.0,20.0,11.5,18.2,19.0,21.0,8.1,13.1,26.5,5.7,8.4,5.2,12.9,12.1,6.4,2.4,8.2,1025.5,1028.9,1026.9,1029.2,1025.6,1024.7,1026.0,1029.2,1028.0,230.29388
2021-11-20,230.29388,,,,,,592.62,2485.92,5308.25,29916.21,16734.71,947.88,1888.33,1958.5,14.9,8.5,12.5,6.8,14.2,17.1,11.5,5.7,7.4,12.7,7.0,7.3,3.0,11.4,15.0,6.0,4.8,5.0,17.7,10.0,19.0,10.6,18.1,19.0,20.0,9.4,11.0,16.4,7.5,7.9,5.1,9.2,10.3,6.1,2.4,5.7,1022.8,1024.3,1024.3,1024.6,1023.1,1023.0,1023.3,1024.2,1023.6,223.466328
2021-11-21,223.466328,,,,,,570.0,2272.12,4872.12,26787.75,14485.83,949.67,1755.71,1882.29,14.3,6.8,11.4,7.2,15.3,15.9,10.9,5.4,7.4,9.9,5.0,8.8,3.1,12.9,11.4,5.0,3.0,6.8,20.0,8.0,14.0,9.5,17.0,18.7,18.0,8.1,8.0,11.2,8.3,6.3,3.6,10.5,11.9,5.0,3.2,6.9,1015.4,1014.4,1014.6,1014.2,1015.3,1015.4,1014.7,1013.7,1014.5,258.531112
2021-11-22,258.531112,78.35,154.0,76.12,2.1865,84.017,716.29,3088.25,5812.79,35147.62,20462.71,1018.17,1906.67,2142.75,15.2,8.5,13.8,7.9,15.0,17.2,13.0,7.6,10.1,12.0,7.0,10.7,6.7,13.9,14.8,10.8,5.5,8.0,19.0,9.4,17.6,9.2,15.3,20.2,17.0,10.0,13.0,8.0,7.8,6.3,5.7,14.7,17.5,9.5,2.3,12.2,1011.8,1013.0,1008.2,1013.9,1011.1,1010.3,1009.7,1013.5,1012.9,270.205193
2021-11-23,270.205193,80.66,157.0,77.94,2.2598,90.927,717.71,3278.83,6051.38,36995.25,21780.83,1003.5,1983.33,2179.67,15.1,9.6,13.4,9.0,15.3,17.2,12.6,7.6,9.6,12.5,6.0,8.0,7.1,13.3,14.5,9.7,2.9,6.7,17.1,13.0,19.7,11.4,18.1,19.0,17.0,11.0,13.0,12.2,6.9,8.3,7.2,11.6,19.2,11.1,6.4,15.7,1016.1,1021.5,1014.1,1023.0,1014.1,1013.2,1014.8,1022.8,1021.9,289.273454
2021-11-24,289.273454,80.42,160.0,77.81,2.2503,93.984,724.42,3186.0,6023.5,36705.67,21699.96,1018.08,1918.88,2134.83,14.9,6.2,14.3,5.7,15.7,17.1,12.0,5.7,6.3,12.4,3.0,9.7,2.0,14.6,15.0,8.0,1.4,3.0,16.3,11.0,19.3,9.9,18.4,19.9,18.0,11.0,11.3,14.4,5.0,8.8,4.9,12.6,15.6,10.0,3.5,10.9,1019.8,1021.9,1014.8,1022.6,1016.8,1015.2,1016.9,1021.8,1021.8,292.226661
2021-11-25,292.226661,80.36,158.0,78.08,2.3024,93.194,889.67,3208.5,5924.42,37291.88,22109.92,1034.08,2007.42,2117.88,14.7,5.4,12.6,5.6,15.1,15.6,12.8,4.9,5.5,11.2,4.9,10.8,2.2,13.3,12.3,10.5,3.5,3.0,19.0,6.0,17.1,7.0,16.8,18.1,15.0,6.0,7.4,13.0,8.0,7.3,6.4,15.1,9.3,12.5,4.4,11.9,1012.7,1012.2,1007.7,1012.4,1010.1,1008.8,1008.7,1012.9,1012.1,256.397578
2021-11-26,256.397578,71.21,157.5,67.84,1.9701,87.772,1218.29,3351.92,5613.21,37041.25,21716.83,1084.33,1894.92,2161.75,15.2,7.6,12.9,5.9,14.1,14.8,10.4,4.3,8.0,13.3,5.0,10.0,3.8,12.3,12.7,8.2,1.0,7.0,18.9,12.0,16.3,9.3,15.1,17.1,14.0,10.0,10.0,16.6,9.1,13.5,8.0,20.7,23.3,7.7,6.1,9.2,1001.3,997.7,1003.7,998.4,1001.6,1006.0,999.6,997.9,996.6,223.182269
2021-11-27,223.182269,,,,,,1176.42,2780.0,5029.33,31373.38,17417.33,999.25,1863.5,2107.54,13.9,10.6,12.2,6.7,13.5,15.6,12.4,2.6,8.7,11.8,5.0,10.0,5.1,12.9,12.0,9.7,-1.6,6.7,16.4,14.0,16.3,10.1,14.7,17.3,15.0,6.0,12.0,17.7,8.3,9.0,5.9,18.6,29.1,12.7,3.3,7.7,1001.7,992.8,1001.3,993.1,1001.4,1004.0,999.1,992.9,993.6,204.214812
2021-11-28,204.214812,,,,,,1224.38,2369.17,4665.67,27585.42,14738.96,1022.75,1659.08,1905.42,14.1,6.2,10.4,3.6,13.4,14.8,10.8,2.2,7.6,11.4,3.0,7.5,1.3,11.4,12.0,7.9,-2.3,4.8,17.7,11.0,13.0,5.9,15.4,17.0,13.0,10.0,10.1,17.5,10.0,11.6,8.0,28.6,28.0,10.8,8.8,8.6,999.7,992.8,1001.7,993.6,999.6,1002.1,997.1,993.5,992.4,287.007736
2021-11-29,287.007736,72.84,159.3,69.62,2.0218,93.146,1342.5,3121.79,5559.0,36432.29,21159.83,1067.54,1893.96,2287.67,10.5,3.7,6.7,3.3,9.4,11.3,6.5,2.5,5.7,8.5,0.0,5.0,-1.1,8.5,9.0,4.2,-3.4,3.8,12.3,8.0,10.6,8.9,10.5,14.0,9.0,11.0,8.6,15.5,11.4,13.4,14.4,11.5,37.8,15.6,7.6,10.6,998.9,1000.9,1005.2,1002.8,999.3,1003.7,999.1,1003.1,1000.3,270.642227
2021-11-30,270.642227,68.88,152.0,65.85,1.9282,92.513,1406.75,3234.62,5464.33,37131.88,21685.33,1046.71,1898.25,2395.88,8.5,4.9,8.6,3.5,9.4,12.8,5.7,1.6,3.6,6.2,1.0,4.0,-0.5,5.6,10.8,2.0,-3.5,0.0,11.9,12.0,13.4,7.8,12.2,15.0,13.0,10.0,9.0,26.1,8.8,11.0,11.9,9.4,22.6,8.3,2.9,8.1,1014.5,1015.4,1021.3,1016.8,1017.1,1019.5,1018.3,1017.1,1013.9,280.460909
2021-12-01,280.460909,68.57,157.0,65.37,1.9363,95.675,1732.46,3423.92,5646.42,38600.12,22562.5,1128.83,1908.79,2197.21,10.8,5.0,12.3,6.0,12.7,13.5,9.2,3.2,4.2,6.0,1.0,5.9,1.8,8.8,10.9,3.6,-0.7,-0.1,16.7,10.0,17.0,11.2,15.2,16.0,13.0,9.0,9.0,12.3,5.4,9.9,5.7,16.8,19.1,10.3,3.2,6.5,1017.5,1010.6,1018.7,1010.1,1017.8,1020.0,1015.9,1010.0,1011.1,275.751485
2021-12-02,275.751485,69.32,155.0,66.27,1.9508,94.83,1158.04,3383.83,6233.04,38745.29,22598.25,1143.46,2150.08,2078.58,14.1,5.8,12.6,4.4,15.0,15.3,11.4,3.7,6.3,11.0,4.6,9.9,1.2,13.3,14.0,9.0,-0.7,5.0,17.6,7.0,14.7,8.6,16.6,17.0,14.0,9.0,7.2,18.5,6.6,10.9,5.0,35.4,28.7,12.6,5.0,8.7,1007.2,1000.5,1004.9,1000.8,1005.9,1007.9,1002.3,1000.7,1000.2,290.596846
2021-12-03,290.596846,69.51,155.25,66.1,1.9402,89.478,1375.08,3339.96,6100.88,38685.88,22312.0,1160.38,2129.42,2268.17,12.5,6.4,8.9,3.7,12.0,13.7,9.4,2.3,6.4,11.0,3.7,7.0,0.5,11.1,9.9,6.0,-3.3,3.0,15.7,9.0,12.0,9.0,13.0,16.0,14.0,9.0,10.0,13.5,8.5,13.5,6.2,14.2,26.2,12.1,8.3,10.7,1005.8,1010.4,1008.1,1011.4,1005.0,1005.7,1005.2,1011.3,1010.2,223.435092
2021-12-04,223.435092,,,,,,1016.25,2776.54,5798.33,32723.04,17851.33,1085.79,2076.46,2118.33,11.7,4.0,11.3,2.7,12.2,15.0,8.2,1.7,4.4,8.6,1.4,5.8,-0.3,9.6,13.8,2.0,-2.5,2.0,14.6,6.0,15.3,5.3,15.6,16.0,12.8,8.0,7.0,18.6,5.5,13.7,4.4,13.8,25.1,10.0,3.4,11.1,1011.9,1010.0,1016.3,1010.3,1012.5,1014.8,1012.2,1009.8,1010.1,221.865606
2021-12-05,221.865606,,,,,,1224.38,2369.17,4665.67,27585.42,14738.96,1022.75,1659.08,1905.42,13.0,4.8,10.0,1.7,13.5,13.6,12.0,0.2,5.2,10.4,2.0,7.0,-2.5,10.4,11.0,5.6,-4.0,3.9,16.6,8.2,13.0,6.0,15.6,16.0,15.0,8.0,7.0,15.2,6.7,10.5,4.6,18.8,28.8,13.7,3.9,10.9,1006.4,1003.2,1008.6,1003.8,1006.4,1009.8,1003.8,1003.3,1002.5,269.725727
2021-12-06,269.725727,72.69,151.25,69.3,2.0283,89.928,1293.96,3313.12,6238.71,38220.42,21899.67,1098.46,2120.0,2256.5,10.5,3.2,8.9,0.6,10.0,11.9,6.4,1.2,5.6,8.9,1.0,5.5,-2.7,9.3,10.0,4.1,-4.1,2.0,12.5,9.0,12.5,6.0,11.7,14.0,10.0,9.0,11.0,13.1,10.6,19.3,6.1,14.6,34.2,12.7,5.3,8.4,1002.5,1009.2,1008.1,1010.5,1002.3,1003.0,1004.1,1010.2,1008.5,252.597351
2021-12-07,252.597351,75.1,154.1,71.84,2.0864,95.883,1319.58,3478.46,6266.21,38926.38,22281.0,1085.42,2130.17,2365.54,9.5,2.7,11.3,1.4,9.1,14.2,5.7,2.0,3.3,7.4,-2.0,4.9,-2.6,6.9,11.9,2.2,-2.4,-1.0,11.1,9.0,15.0,7.4,11.4,16.0,12.0,9.0,8.2,35.7,7.7,18.6,5.5,11.3,33.0,12.5,4.1,7.9,1007.2,1012.7,1015.4,1013.3,1010.6,1012.9,1012.4,1013.0,1012.6,245.101685
2021-12-08,245.101685,75.59,159.0,71.9,2.1346,101.502,1026.54,2759.96,5143.38,29799.21,15928.21,1099.0,1838.83,2003.29,9.7,1.4,11.6,1.4,11.6,15.0,7.9,0.3,2.6,6.6,-1.6,5.6,0.5,6.8,10.9,1.0,-2.5,-1.0,13.1,3.0,17.3,2.3,15.8,18.0,12.7,3.7,5.0,16.2,9.0,10.3,9.6,24.7,25.0,15.7,4.4,20.6,1011.5,1004.8,1008.8,1005.6,1010.3,1011.5,1007.1,1005.6,1006.1,278.545948
2021-12-09,278.545948,74.23,161.0,70.54,2.1165,100.445,1066.21,3770.67,5814.71,37111.88,21245.29,1108.96,1982.25,2123.79,12.1,3.4,9.1,-0.2,10.7,12.1,8.5,-0.2,5.5,9.0,1.0,6.6,-1.8,8.7,9.9,4.7,-6.9,5.0,14.3,6.0,11.7,2.0,14.8,16.1,13.0,7.0,6.0,14.7,9.7,13.7,4.8,18.7,32.0,9.6,5.3,11.8,1004.7,1002.5,1008.9,1003.5,1004.9,1008.6,1002.8,1003.0,1001.3,256.324701
2021-12-10,256.324701,74.91,163.25,71.22,2.127,105.776,1376.79,3408.21,6185.92,40848.71,24118.92,1143.79,2117.92,2497.17,10.6,2.3,9.6,0.6,11.1,13.3,5.0,-0.2,4.6,7.5,0.0,4.0,-2.4,8.9,11.0,1.0,-3.7,2.0,14.4,5.0,15.2,2.7,13.4,15.0,9.0,3.0,7.3,11.8,8.1,14.7,5.4,17.9,36.5,13.0,3.4,9.6,1005.1,1002.7,1006.7,1003.6,1003.9,1007.9,1002.1,1003.3,1002.9,246.138107
2021-12-11,246.138107,,,,,,1238.33,2953.58,5729.29,34358.92,18711.62,1155.08,2036.0,2535.0,11.1,4.2,10.2,2.9,10.3,13.1,7.4,-0.4,4.6,9.1,1.8,6.9,-1.5,9.3,11.0,4.4,-4.5,1.8,13.5,9.0,13.0,9.1,11.8,14.2,11.0,9.0,9.0,13.4,13.8,24.6,8.5,22.8,45.5,22.3,4.4,6.8,998.3,1008.4,1007.7,1009.3,997.5,1003.4,999.5,1010.1,1007.5,240.00524
2021-12-12,240.00524,,,,,,1039.46,2631.5,5380.92,30590.04,16304.0,1083.67,2010.17,2140.33,10.9,4.2,8.3,0.5,9.9,13.3,7.5,1.3,3.4,9.0,-0.4,3.0,-2.6,9.1,11.0,3.2,-3.6,-1.3,12.4,10.1,15.0,6.3,11.3,14.2,12.0,8.0,9.9,39.5,9.3,12.2,5.3,21.3,25.0,21.8,4.9,5.2,1013.7,1021.7,1021.3,1023.0,1016.6,1016.4,1018.5,1022.7,1021.0,294.749431
2021-12-13,294.749431,74.28,164.25,70.8,2.1057,116.084,1324.71,3512.0,6129.88,38720.75,21947.38,1147.21,2256.96,2402.62,12.5,4.4,7.2,2.8,9.4,12.6,5.8,4.4,4.5,11.2,1.0,0.9,-1.2,6.1,9.0,-1.0,0.0,0.3,13.5,10.0,15.0,9.6,12.6,15.0,14.0,13.0,10.6,36.6,5.9,10.9,5.5,10.6,13.9,6.5,4.0,5.5,1020.7,1025.0,1026.4,1025.8,1023.6,1023.6,1024.4,1024.9,1024.7,309.676033
2021-12-14,309.676033,73.63,164.75,70.26,2.0971,128.301,1415.83,3556.58,6225.88,40292.42,23273.21,1120.71,2303.79,2396.42,12.5,4.1,8.6,1.9,12.5,14.9,7.7,4.1,4.1,11.3,0.0,2.5,-1.6,10.5,14.5,0.0,0.0,-1.0,13.5,10.0,16.4,6.3,14.8,15.2,17.0,10.0,10.0,35.1,4.7,11.2,3.8,16.4,17.0,8.8,3.3,5.0,1021.6,1026.3,1024.8,1027.1,1022.9,1022.6,1023.3,1026.5,1026.1,341.991622
2021-12-15,341.991622,73.78,164.75,70.36,2.1123,132.284,1476.83,3462.29,6065.75,39609.83,22389.54,1177.96,2274.25,2763.21,12.4,3.3,8.5,1.9,12.4,13.5,7.3,2.4,5.3,9.8,0.0,3.3,-0.8,11.2,10.2,1.0,-3.0,1.0,14.0,8.0,16.9,6.3,14.8,16.0,15.0,9.0,12.0,26.3,4.9,8.3,4.9,16.2,12.2,8.0,4.2,7.8,1024.3,1029.0,1025.1,1030.2,1024.9,1023.5,1025.3,1029.7,1028.9,347.345062
2021-12-16,347.345062,74.92,168.5,71.75,2.1644,142.765,1361.29,3466.58,6110.17,39198.5,22456.46,1149.67,2149.29,2505.04,12.1,2.9,8.1,1.9,11.8,11.7,7.0,2.1,5.7,10.7,-1.0,2.0,-0.6,10.2,8.6,0.0,-2.2,1.3,13.4,8.0,15.1,5.0,13.7,15.0,15.0,9.0,11.0,19.3,5.9,7.0,4.2,16.1,8.4,7.4,3.6,8.2,1026.2,1031.1,1026.5,1032.8,1026.7,1025.2,1027.0,1031.6,1030.8,329.71766
2021-12-17,329.71766,73.52,168.0,70.35,2.1148,136.913,1341.62,3556.75,6079.5,38761.42,22008.88,1141.58,2135.25,2497.83,12.8,3.2,8.7,1.6,11.4,13.0,7.1,2.8,3.2,10.8,-1.6,3.0,-0.4,8.3,9.4,2.0,-1.2,0.9,14.4,10.1,16.0,6.3,14.3,15.0,16.0,10.0,6.0,33.3,7.8,7.4,7.5,14.9,13.2,9.1,5.3,6.5,1026.1,1031.7,1028.6,1033.0,1027.7,1026.9,1028.4,1032.1,1030.8,297.884461
2021-12-18,297.884461,,,,,,1228.0,2911.33,5368.71,32640.08,17679.42,1073.17,2061.21,2318.25,11.0,-0.8,8.3,2.0,9.6,13.6,6.0,1.8,2.8,10.1,-3.0,3.6,0.4,7.2,11.9,-2.0,-1.9,-0.5,12.8,1.0,15.1,4.8,11.3,15.0,15.0,10.0,9.1,55.2,6.9,9.0,5.4,18.8,30.2,11.6,3.5,6.8,1026.4,1032.2,1027.9,1033.5,1027.5,1025.3,1027.8,1032.6,1031.8,334.322511
2021-12-19,334.322511,,,,,,,,,,,,,,10.6,1.9,7.0,0.8,9.5,11.6,5.3,1.8,0.4,8.9,-3.6,1.0,-0.4,6.1,9.0,-1.0,-2.9,-1.0,12.6,9.0,14.6,4.5,12.3,13.2,15.0,9.0,2.0,20.3,6.6,7.4,7.3,9.8,19.6,5.5,3.5,5.2,1022.4,1024.4,1025.7,1025.9,1024.6,1024.4,1024.9,1025.1,1023.8,363.882737
2021-12-20,363.882737,71.57,168.15,68.36,2.0784,146.926,,,,,,,,,10.8,2.0,8.3,2.0,10.7,11.7,5.2,3.4,3.1,6.1,-1.0,1.8,-0.9,8.8,9.0,-2.0,-1.2,-1.0,14.2,4.8,14.4,6.7,12.9,15.0,12.0,13.0,10.0,16.1,7.2,14.2,10.7,7.5,11.4,4.5,6.7,11.5,1017.1,1017.4,1021.0,1019.1,1018.5,1020.4,1019.2,1017.9,1017.8,418.35987
2021-12-21,418.35987,73.62,169.0,70.82,2.1464,180.267,,,,,,,,,9.9,4.6,9.8,3.8,10.6,11.1,5.6,3.7,4.6,7.6,2.0,5.8,-0.4,8.6,8.0,1.0,0.3,3.0,11.4,7.0,15.3,6.8,13.2,15.0,13.0,7.0,6.0,16.0,8.6,4.7,2.7,9.1,7.9,6.5,5.1,13.6,1024.3,1023.2,1022.2,1024.1,1021.8,1021.9,1021.8,1023.8,1023.4,437.940919
2021-12-22,437.940919,74.87,169.5,72.33,2.1688,172.875,,,,,,,,,8.9,4.9,9.9,2.1,10.3,11.9,8.2,2.4,4.5,6.2,2.4,7.0,-1.8,8.1,9.0,4.9,-0.4,2.0,11.7,7.3,14.1,6.1,12.1,15.0,13.0,6.0,8.0,11.6,6.0,5.1,3.1,6.3,10.0,6.8,3.1,11.1,1025.1,1025.0,1021.8,1026.0,1023.2,1022.3,1022.8,1025.4,1024.9,413.879052
2021-12-23,413.879052,76.14,169.4,73.42,2.2032,132.579,,,,,,,,,10.3,3.4,10.1,1.0,11.6,10.4,7.1,1.8,1.6,6.4,1.7,4.6,-1.7,9.7,6.0,1.0,-0.5,-1.0,16.0,5.2,15.6,4.6,13.3,14.0,13.2,6.0,4.5,9.0,6.7,7.1,4.6,7.3,5.4,7.4,2.9,6.7,1024.5,1023.0,1023.2,1023.6,1024.0,1023.5,1023.6,1023.0,1022.7,306.856568
2021-12-24,306.856568,75.27,168.9,,2.211,110.469,,,,,,,,,13.4,4.1,11.6,2.3,13.9,13.4,10.8,0.6,2.9,10.3,1.9,6.6,-0.9,11.8,10.0,8.0,-2.1,0.0,18.4,6.1,16.6,5.9,15.0,17.0,13.0,3.0,5.0,12.4,5.0,10.4,5.5,15.2,16.9,9.6,3.4,5.1,1019.5,1015.2,1018.8,1015.0,1020.9,1021.4,1019.1,1014.9,1015.0,219.021486
2021-12-25,219.021486,,,,,,,,,,,,,,13.7,4.5,13.2,2.0,14.7,17.1,13.5,1.9,4.8,10.9,1.0,8.3,-1.4,14.3,15.0,12.3,0.2,3.0,17.4,6.3,19.0,5.8,15.2,19.0,15.0,5.0,6.1,17.5,4.6,9.5,3.5,29.8,28.2,18.8,2.0,5.5,1014.4,1009.3,1011.6,1009.3,1014.3,1013.8,1011.3,1008.7,1008.9,209.882275
2021-12-26,209.882275,,,,,,,,,,,,,,16.4,5.6,12.4,2.7,14.6,16.6,12.5,2.4,5.6,13.9,4.0,9.9,-0.4,13.8,14.0,10.2,0.0,4.0,21.0,7.0,15.3,6.3,15.3,19.0,15.0,6.0,7.0,13.3,4.5,5.2,4.6,24.5,21.3,7.8,4.0,6.5,1010.5,1008.3,1010.4,1009.0,1010.4,1011.8,1008.6,1008.3,1008.0,243.629166
2021-12-27,243.629166,77.73,170.1,75.18,2.2328,106.893,,,,,,,,,14.0,7.1,12.3,4.2,14.4,15.5,10.3,2.1,5.9,12.4,6.0,8.0,2.9,13.4,14.0,6.0,-0.7,3.0,16.5,8.1,16.1,5.5,15.7,16.0,14.0,5.0,8.0,9.8,4.8,11.8,2.9,11.6,19.3,5.2,2.5,4.6,1010.2,1009.1,1010.6,1009.7,1009.4,1011.5,1009.0,1009.3,1009.0,196.400985
2021-12-28,196.400985,78.21,171.0,75.6,2.2501,106.59,,,,,,,,,12.9,7.5,14.7,4.4,13.8,15.4,11.6,4.1,7.1,11.3,6.0,10.0,2.0,11.7,14.0,8.8,0.1,5.0,14.2,9.1,18.8,7.5,15.4,16.1,15.0,9.0,9.0,7.7,6.1,16.0,5.4,12.5,20.1,6.2,3.9,5.8,1009.1,1008.8,1013.0,1009.1,1008.6,1011.8,1008.9,1008.9,1008.4,218.850833
2021-12-29,218.850833,78.79,171.1,76.18,2.2688,96.476,,,,,,,,,13.3,4.7,16.8,5.7,14.1,15.7,12.3,6.4,6.3,11.1,0.2,14.1,2.5,11.5,15.0,8.9,2.8,4.4,15.6,6.0,19.0,12.1,16.7,16.2,18.0,14.0,9.0,13.2,4.0,29.5,8.9,7.3,20.7,5.0,3.8,4.3,1009.7,1010.3,1015.4,1010.0,1009.5,1013.2,1009.7,1010.1,1009.9,186.013889
2021-12-30,186.013889,79.08,170.1,76.61,2.2921,87.027,,,,,,,,,12.4,4.7,15.2,4.9,12.5,15.1,9.9,4.4,4.2,10.1,4.0,11.0,2.2,8.6,12.8,5.0,1.0,2.0,14.4,6.0,19.0,8.6,16.8,16.0,17.0,8.0,7.0,19.8,5.8,23.5,2.9,10.6,5.7,6.0,2.5,7.4,1017.8,1020.4,1018.7,1020.3,1017.3,1017.4,1017.7,1020.2,1019.8,167.534758
2021-12-31,167.534758,77.35,169.6,74.88,2.2286,70.343,,,,,,,,,13.1,3.2,11.3,5.0,13.2,14.3,10.0,5.0,2.6,9.9,0.0,7.0,3.3,10.2,11.1,4.0,0.0,0.2,17.0,6.0,15.7,8.3,17.8,16.0,19.0,13.0,5.0,9.3,5.5,10.1,3.7,7.6,12.2,4.9,2.6,5.4,1024.6,1025.2,1026.2,1024.9,1024.5,1024.8,1025.0,1024.9,1024.8,150.689166
2022-01-01,150.689166,,,,,,802.96,1971.17,4267.58,22122.62,11047.83,882.12,1585.08,1565.88,11.8,1.6,13.1,1.1,13.5,13.6,8.0,6.5,2.2,8.6,-1.0,10.9,-2.1,10.4,12.4,4.0,1.9,1.0,14.5,4.2,14.5,7.5,15.5,14.2,15.0,15.0,4.0,11.1,3.7,16.1,3.3,5.4,9.5,5.7,3.6,4.5,1024.8,1025.7,1027.9,1025.3,1025.8,1027.0,1026.4,1025.2,1025.6,167.212316
2022-01-02,167.212316,,,,,,706.21,2223.21,4626.54,24105.5,12175.42,949.08,1656.25,1768.79,11.4,4.1,12.2,3.0,11.4,13.4,7.6,3.0,2.4,8.3,-2.0,11.0,-1.0,9.7,11.9,4.0,-0.2,0.8,14.5,11.0,14.5,11.0,12.7,15.0,11.0,11.0,4.3,8.8,4.7,13.2,3.9,5.3,19.4,6.2,2.9,4.8,1025.5,1025.0,1028.7,1024.8,1027.1,1027.2,1027.6,1025.2,1025.1,193.642835
2022-01-03,193.642835,78.57,157.5,75.85,2.2593,80.434,841.88,2901.42,5295.04,30142.92,16162.29,967.38,1885.79,2089.12,11.1,4.1,11.8,3.5,13.2,13.5,10.1,2.8,5.6,8.6,3.0,8.8,1.0,11.9,10.7,5.1,-0.6,4.0,14.1,5.0,16.2,6.0,14.3,15.1,14.0,9.0,8.0,11.0,5.1,17.3,5.6,9.2,10.2,5.5,3.1,5.8,1022.1,1020.4,1024.7,1019.8,1022.9,1024.1,1022.7,1019.5,1020.3,166.092295
2022-01-04,166.092295,79.55,174.0,76.74,2.282,88.741,899.67,2929.58,5349.08,30670.92,16516.17,962.54,1867.71,2146.17,12.7,4.6,12.4,6.5,14.3,13.7,12.5,3.9,6.7,8.9,3.0,8.0,5.6,13.1,10.0,10.0,1.0,6.0,18.4,6.0,17.3,7.2,15.1,17.0,16.0,7.0,7.1,13.2,4.4,11.8,3.0,16.9,14.5,10.2,1.7,6.3,1016.5,1012.2,1016.7,1011.7,1017.3,1018.1,1015.8,1011.9,1012.2,192.537931
2022-01-05,192.537931,80.19,180.0,77.47,2.2975,91.522,984.12,2805.92,5559.58,31733.17,17175.79,1050.42,1952.08,2205.25,14.1,6.7,10.0,6.7,14.8,15.2,13.2,4.4,7.6,11.5,4.0,3.2,6.0,13.8,12.0,10.6,-1.4,4.0,17.4,14.6,16.9,8.0,15.9,19.0,17.0,10.0,11.0,12.1,10.6,14.6,6.0,26.0,19.0,19.3,3.7,15.7,1008.9,1001.9,1008.1,1001.8,1008.5,1010.2,1005.6,1002.8,1002.1,225.70256
2022-01-06,225.70256,81.29,193.0,78.88,2.3103,96.502,818.92,2294.75,4797.62,26556.04,14045.62,963.21,1749.58,1886.33,14.0,4.8,9.3,4.4,12.5,13.4,9.6,1.0,5.2,12.2,2.1,7.0,1.0,10.7,12.5,5.9,-4.5,2.1,16.4,7.0,12.5,7.2,13.8,14.0,13.0,9.0,9.4,11.7,10.2,13.4,5.3,11.0,15.0,11.7,3.7,16.2,1009.3,1013.6,1010.0,1013.2,1009.0,1010.4,1008.5,1013.8,1013.0,233.97287
2022-01-07,233.97287,81.06,195.0,78.44,2.3058,88.174,1056.58,2598.83,4988.21,29357.5,15625.12,1006.08,1977.29,2105.38,10.9,2.9,8.4,1.4,11.2,13.1,7.4,1.1,2.8,10.0,-0.4,4.5,-3.1,9.8,11.9,2.0,-2.2,0.0,12.4,7.0,14.0,6.3,13.4,14.0,14.0,7.0,7.0,15.5,6.2,16.7,4.3,15.6,14.0,8.8,3.1,12.5,1014.9,1019.6,1014.9,1019.5,1013.2,1012.5,1014.3,1019.7,1019.7,234.467665
2022-01-08,234.467665,,,,,,1039.04,2434.75,4851.71,28285.0,14977.62,986.5,1930.0,2065.38,9.6,1.4,8.8,-0.9,9.8,12.9,4.8,0.1,1.4,7.9,-1.7,5.5,-3.0,7.6,10.0,1.0,-3.8,-2.0,11.9,6.0,12.3,4.0,12.3,14.0,11.0,6.0,6.0,17.0,5.9,14.5,4.9,13.4,26.2,8.9,3.7,7.5,1011.8,1014.7,1016.1,1014.3,1011.3,1012.0,1012.6,1014.3,1014.5,213.27625
2022-01-09,213.27625,,,,,,795.08,2279.96,4796.21,26554.04,14005.42,960.38,1919.58,1797.42,8.5,0.5,11.6,0.6,9.4,13.8,3.7,0.6,1.5,4.9,-3.0,7.2,-2.0,6.5,12.7,1.0,-3.8,-2.0,12.9,3.0,14.0,4.0,12.2,15.0,8.0,7.0,4.0,12.4,8.0,19.9,6.1,14.6,34.6,11.0,5.0,8.5,1004.9,1005.9,1010.2,1005.7,1003.9,1008.1,1003.7,1005.8,1005.7,252.188037
2022-01-10,252.188037,80.3,203.0,77.1,2.2825,84.607,781.96,3187.33,6324.62,36353.33,20681.75,1060.46,2031.71,2285.5,8.4,3.2,9.8,-1.5,8.0,11.1,6.3,0.3,3.7,7.0,0.7,7.0,-4.0,6.6,9.0,3.4,-3.0,1.0,11.6,5.2,14.6,2.7,9.8,14.0,11.0,8.0,9.0,13.0,9.3,19.8,4.7,21.7,33.4,26.2,6.3,5.7,998.7,1011.4,1006.4,1011.9,999.8,1000.6,1002.2,1012.7,1010.9,245.244166
2022-01-11,245.244166,83.08,197.1,79.98,2.3607,78.736,799.33,3183.04,6265.29,37270.17,21453.33,1070.96,2171.46,2326.75,12.1,2.8,9.3,0.7,8.7,12.7,7.8,2.1,3.6,9.8,-1.4,5.0,-5.0,7.8,10.0,5.1,-3.0,-1.7,13.0,9.0,14.1,9.4,10.3,14.0,11.0,9.0,10.2,37.9,5.8,16.3,3.0,25.8,33.1,28.8,4.7,9.3,1009.6,1022.7,1015.4,1022.6,1010.9,1009.1,1012.8,1023.2,1022.6,234.329741
2022-01-12,234.329741,83.98,205.0,81.18,2.3936,75.153,1042.08,3282.46,6351.33,38948.25,22594.38,1093.71,2277.75,2306.54,11.3,1.5,7.2,0.8,8.5,10.8,7.0,1.5,2.8,8.1,-3.0,1.0,-4.0,6.7,8.0,3.1,-3.0,-1.0,13.5,8.0,12.2,7.0,10.1,14.0,13.0,7.0,9.0,19.7,7.5,16.5,3.5,20.7,16.3,26.3,5.6,8.0,1020.8,1031.0,1021.8,1031.0,1020.2,1017.9,1021.3,1031.5,1030.8,223.405197
2022-01-13,223.405197,83.77,209.5,80.86,2.3877,85.46,1375.92,3338.21,6081.42,38166.29,21753.04,1100.54,2223.21,2293.96,10.2,1.3,9.3,0.9,8.0,11.0,5.9,2.2,2.0,7.3,-4.0,5.0,-5.0,6.3,9.0,1.5,-2.6,-2.0,11.5,7.0,15.0,8.3,10.2,13.0,13.0,9.0,8.0,21.9,7.4,11.7,2.9,18.8,16.1,14.0,3.4,7.7,1030.4,1036.7,1029.4,1036.5,1029.9,1026.4,1030.1,1036.8,1036.4,227.55297
2022-01-14,227.55297,85.35,220.0,82.42,2.4237,86.97,,,,,,,,,9.4,4.2,6.7,2.3,8.3,10.4,4.2,4.8,2.4,6.3,-1.3,0.6,-3.0,5.2,8.0,-2.0,-1.0,-1.8,13.0,12.0,15.0,10.2,11.7,13.0,13.0,11.0,8.0,18.1,7.5,9.1,4.4,11.9,13.6,6.0,4.1,3.2,1028.8,1031.3,1031.2,1031.3,1029.9,1029.0,1030.4,1031.4,1030.5,218.630519
2022-01-15,218.630519,,,,,,,,,,,,,,11.8,5.5,6.7,2.9,9.5,12.4,6.4,5.3,4.1,9.6,2.0,0.4,-2.9,5.7,11.0,-2.0,0.0,-2.0,14.8,12.0,14.3,11.2,15.5,14.0,15.0,13.0,10.4,18.0,5.6,14.0,2.8,8.1,12.0,4.8,4.6,6.1,1023.3,1024.8,1026.6,1024.5,1024.0,1024.5,1024.6,1024.9,1024.7,213.05039
2022-01-16,213.05039,,,,,,,,,,,,,,10.8,4.4,7.8,3.5,11.4,13.5,6.2,4.2,4.4,7.4,0.2,2.3,-2.6,7.4,10.0,-1.0,-0.5,0.0,15.2,11.0,14.6,11.0,14.7,15.0,15.0,11.0,10.0,9.3,5.9,15.6,4.7,8.5,10.6,4.9,3.9,5.8,1024.6,1024.2,1027.4,1023.9,1024.6,1026.0,1025.0,1024.5,1023.5,244.856166
2022-01-17,244.856166,85.77,220.5,84.27,2.4315,77.012,,,,,,,,,10.8,6.0,8.5,6.1,10.6,13.1,5.7,3.9,3.1,8.1,0.0,3.6,-1.0,8.6,10.8,0.0,-2.1,0.7,13.7,13.1,16.0,11.3,13.4,15.0,14.0,13.0,5.0,16.7,7.9,14.6,10.2,7.5,11.6,8.2,4.9,7.5,1024.6,1025.3,1028.5,1025.2,1025.5,1026.9,1026.0,1026.7,1024.9,240.678212
2022-01-18,240.678212,86.78,221.0,83.86,2.4387,78.334,,,,,,,,,11.0,2.2,8.3,4.4,10.1,13.3,5.7,4.6,4.9,8.4,-1.0,3.0,0.0,6.0,11.0,-1.0,0.0,0.2,14.3,6.0,15.0,11.0,14.6,15.0,15.0,11.0,12.0,14.9,4.3,8.7,4.6,9.8,10.1,5.8,5.9,6.9,1030.3,1031.7,1030.3,1031.2,1029.7,1029.7,1030.2,1032.0,1031.7,234.184394
2022-01-19,234.184394,87.59,223.1,84.79,2.4615,75.602,,,,,,,,,9.1,3.6,9.0,2.9,9.9,12.0,5.7,2.2,3.5,6.3,1.0,3.0,-1.8,7.2,9.9,-1.0,-2.0,0.0,13.6,7.1,15.0,8.2,12.3,15.0,14.0,6.0,7.6,10.4,7.5,8.8,3.6,8.3,6.4,8.0,3.9,6.4,1031.5,1030.4,1030.7,1029.9,1030.8,1030.2,1030.4,1029.9,1030.3,220.305295
2022-01-20,220.305295,87.61,226.0,84.65,2.4662,75.203,,,,,,,,,10.1,2.2,8.2,4.2,11.6,12.5,8.8,1.9,4.0,6.0,0.0,3.1,1.0,10.4,10.0,6.3,-4.0,1.1,15.2,7.0,12.8,7.6,12.6,15.0,12.0,10.0,8.0,14.3,6.0,8.2,4.9,15.0,19.2,8.4,3.8,8.0,1023.4,1020.8,1024.6,1020.4,1023.1,1024.6,1021.7,1021.0,1020.7,216.492388
2022-01-21,216.492388,87.08,225.0,84.14,2.4465,78.98,,,,,,,,,10.2,3.6,8.9,1.4,10.2,12.6,7.0,2.8,2.6,9.0,0.0,5.9,-2.0,8.5,12.0,3.3,-2.5,-2.0,11.4,7.0,13.1,4.0,12.1,13.2,12.0,10.0,9.0,19.7,5.2,13.9,6.2,12.0,25.2,9.2,3.4,7.2,1019.6,1023.5,1021.7,1023.3,1019.7,1020.4,1019.6,1024.5,1023.2,204.62831
2022-01-22,204.62831,,,,,,,,,,,,,,8.6,1.6,7.7,2.2,8.0,11.8,4.9,1.9,-0.1,6.9,-4.0,2.0,-1.1,6.0,8.8,0.1,-4.0,-3.0,10.3,8.0,15.0,7.0,9.6,13.0,12.0,7.0,5.0,33.1,9.8,9.8,7.2,15.0,21.0,8.2,4.3,5.9,1024.4,1026.4,1026.1,1026.3,1025.2,1023.8,1025.9,1027.2,1025.9,197.383406
2022-01-23,197.383406,,,,,,,,,,,,,,9.4,0.0,6.5,1.8,8.6,9.9,4.7,2.7,2.7,7.9,-3.5,0.0,-3.0,6.2,5.7,-1.0,-1.2,-2.0,10.7,4.0,14.2,6.0,11.3,13.0,14.0,8.0,9.0,36.6,5.0,7.7,5.1,12.4,14.1,6.5,4.6,8.4,1027.2,1029.5,1029.2,1029.2,1028.4,1028.3,1028.9,1029.2,1029.7,241.878429
2022-01-24,241.878429,85.43,225.25,82.41,2.4021,93.0,,,,,,,,,7.2,1.0,6.4,-0.6,8.0,10.3,5.3,1.3,3.0,5.3,-2.8,0.0,-4.0,5.3,6.0,-2.0,-2.9,-1.1,9.7,6.0,14.2,2.0,9.5,13.0,14.0,8.0,7.3,41.9,5.7,8.9,4.6,20.1,18.3,11.0,4.5,6.7,1028.8,1032.1,1028.8,1031.8,1028.4,1026.6,1028.6,1031.7,1032.1,281.65764
2022-01-25,281.65764,87.18,227.3,84.37,2.4626,93.582,,,,,,,,,6.2,3.5,7.7,2.3,5.9,8.6,4.2,-1.1,4.4,4.6,1.7,1.0,0.6,3.0,6.5,-1.0,-3.8,1.6,8.0,5.0,15.2,4.0,8.7,10.0,12.0,1.0,7.0,22.4,8.6,9.9,7.8,10.6,20.3,5.9,2.2,8.8,1031.4,1033.4,1031.0,1033.0,1031.8,1030.0,1031.5,1033.8,1032.6,272.690122
2022-01-26,272.690122,88.74,227.8,85.96,2.5232,91.837,,,,,,,,,9.3,3.6,7.2,2.0,7.6,9.2,4.7,-0.6,3.3,5.5,0.0,0.0,0.7,3.7,6.0,-3.0,-5.0,1.9,12.1,7.0,15.4,4.0,11.1,12.4,12.0,6.0,6.0,20.3,6.3,9.6,4.5,6.8,7.3,4.4,2.5,5.9,1027.5,1028.7,1030.7,1028.2,1029.0,1030.0,1029.2,1028.3,1028.4,263.939651
2022-01-27,263.939651,88.17,227.6,85.29,2.521,92.301,,,,,,,,,8.9,4.0,7.6,0.9,9.4,11.0,6.3,1.0,3.5,6.1,3.0,1.4,0.0,5.9,7.0,0.0,-3.0,1.0,11.9,5.0,15.0,2.2,12.7,14.0,14.0,7.0,5.2,12.6,5.1,11.0,5.2,5.6,12.6,6.2,3.6,6.1,1027.0,1026.6,1028.9,1026.3,1027.3,1028.3,1027.6,1025.8,1026.3,261.152675
2022-01-28,261.152675,88.52,227.65,85.43,2.5379,92.062,,,,,,,,,9.1,3.3,7.9,4.4,10.0,11.0,7.3,4.3,5.2,6.1,0.0,2.0,-1.5,7.7,7.5,3.2,-2.4,3.0,12.5,11.0,15.1,16.0,12.7,14.0,14.0,14.0,10.0,18.0,7.8,10.0,10.1,9.2,13.8,8.2,4.7,7.8,1024.0,1026.1,1027.5,1025.5,1025.3,1026.5,1025.7,1026.5,1025.6,237.95517
2022-01-29,237.95517,,,,,,,,,,,,,,10.2,2.3,7.7,3.2,8.2,12.3,6.4,4.4,3.6,9.4,-5.3,0.9,-2.7,6.0,11.1,1.5,0.0,-1.1,11.3,10.0,16.3,10.9,10.8,13.2,14.0,12.0,9.0,47.4,5.0,9.0,3.4,17.7,32.8,9.5,4.1,6.0,1025.4,1028.5,1029.9,1028.2,1027.6,1026.0,1028.7,1029.1,1028.6,218.716608
2022-01-30,218.716608,,,,,,,,,,,,,,9.6,6.9,9.4,9.4,9.6,12.8,5.8,5.9,3.7,6.2,2.0,1.8,4.0,5.1,7.8,-2.0,0.5,-1.0,13.8,13.2,16.2,15.4,12.9,15.0,14.0,15.0,9.3,10.3,8.1,16.5,11.6,8.3,17.2,5.0,4.7,7.0,1021.0,1019.4,1025.2,1018.7,1023.0,1024.2,1022.8,1020.3,1019.5,231.008097
2022-01-31,231.008097,89.26,222.75,86.49,2.5544,84.672,,,,,,,,,10.3,2.8,11.8,5.9,11.6,13.9,5.2,4.8,3.1,5.6,-2.0,7.3,0.0,10.0,12.6,1.3,0.0,-0.5,15.2,7.0,16.6,12.0,13.1,15.0,10.0,16.0,8.0,13.4,5.5,22.9,8.9,16.0,27.9,8.5,13.4,7.9,1011.8,1010.4,1015.2,1010.8,1011.8,1014.1,1011.1,1011.5,1010.2,239.501756
2022-02-01,239.501756,89.16,210.5,86.46,2.5752,76.167,1033.96,3198.12,6418.62,38465.54,22295.83,985.92,2226.88,2306.21,10.4,8.9,10.9,10.7,9.5,12.7,8.4,3.8,4.4,8.3,5.4,8.0,7.0,7.7,9.0,3.8,-1.2,-3.0,11.4,15.0,15.2,16.0,11.9,14.0,14.0,12.0,10.2,43.1,17.9,25.0,17.1,19.5,37.9,24.0,9.5,8.4,1003.4,1011.8,1013.5,1012.6,1005.3,1006.3,1008.7,1014.5,1010.8,213.266118
2022-02-02,213.266118,89.47,220.0,86.69,2.607,77.351,882.0,3209.33,6529.83,38237.46,22384.58,1048.42,2125.79,2057.5,10.2,7.6,11.3,11.4,8.9,13.0,6.5,7.0,5.4,7.2,0.0,4.6,3.3,5.7,9.0,-3.0,0.2,0.9,12.1,15.4,16.6,19.0,12.7,14.0,17.0,18.0,11.0,26.6,7.8,21.5,14.4,7.3,18.9,8.7,6.5,9.8,1010.5,1011.9,1016.8,1012.3,1012.2,1013.5,1013.2,1013.8,1011.6,213.619662
2022-02-03,213.619662,91.11,221.0,88.45,2.6427,80.223,661.96,3271.38,6784.42,37831.12,21755.75,1014.29,2254.08,2089.25,11.0,6.9,10.6,7.9,10.8,13.1,7.5,5.4,5.6,8.1,0.0,4.3,0.5,8.1,8.6,0.0,-0.4,0.0,12.3,13.0,17.9,12.0,13.6,16.0,16.0,12.0,11.1,35.6,6.8,9.7,8.2,14.2,15.8,9.0,4.6,12.6,1021.6,1020.5,1021.9,1020.3,1022.0,1021.9,1022.2,1020.5,1021.7,228.214907
2022-02-04,228.214907,93.27,227.0,90.33,2.6785,82.652,717.25,3258.17,6743.38,38101.08,21962.38,1013.17,2208.75,2198.0,11.4,6.9,10.3,7.9,12.0,15.5,10.6,4.9,7.0,5.8,2.9,2.0,5.0,8.2,7.0,6.5,-0.1,4.0,18.3,10.4,20.7,11.0,14.4,19.3,14.0,13.0,11.0,14.1,4.8,10.9,4.8,18.3,25.1,11.7,2.9,8.4,1020.7,1018.1,1019.4,1018.0,1020.8,1020.1,1019.2,1017.8,1018.0,224.270478
2022-02-05,224.270478,,,,,,703.04,2726.5,5797.71,31953.38,17615.5,928.08,2000.83,2181.71,11.7,7.4,12.3,4.0,12.5,14.4,11.0,5.5,5.9,7.8,3.0,9.0,1.0,10.1,11.1,7.9,1.0,1.0,14.4,10.2,17.2,8.0,14.7,16.0,16.0,15.0,11.0,7.6,3.2,18.2,3.0,8.9,20.3,6.3,2.8,4.7,1019.1,1019.6,1020.6,1019.4,1018.0,1019.1,1018.2,1019.1,1019.6,205.6225
2022-02-06,205.6225,,,,,,685.42,2286.71,5027.25,27441.12,14696.92,902.79,1860.17,1981.88,12.0,5.2,10.6,3.7,12.2,12.2,8.7,2.5,4.1,9.1,1.6,6.7,-1.0,9.8,8.8,3.0,-0.8,-0.7,15.4,7.6,16.4,7.8,14.9,14.4,17.0,6.0,8.0,11.0,3.8,10.1,5.4,12.2,7.7,7.8,3.0,6.9,1022.7,1020.7,1024.0,1020.5,1021.9,1022.8,1022.0,1020.3,1020.2,204.4246
2022-02-07,204.4246,92.69,236.0,89.77,2.6853,79.595,797.54,3241.5,6155.42,35778.17,20361.96,960.04,2071.75,2189.96,12.3,5.2,12.4,8.5,12.2,13.3,11.0,7.7,7.7,9.4,0.0,6.6,2.0,10.0,12.0,5.2,0.2,4.7,17.5,13.2,15.5,14.0,14.6,14.4,17.0,18.0,14.0,29.2,6.7,25.9,19.5,23.8,29.3,16.5,9.6,12.2,1013.3,1015.0,1021.1,1015.2,1015.7,1019.1,1015.6,1015.8,1014.2,205.290395
2022-02-08,205.290395,90.78,239.25,87.9,2.6251,77.3,727.38,3245.88,6655.38,37782.21,21650.29,1009.79,2308.0,2185.5,10.5,7.4,9.4,5.9,9.5,12.6,6.9,6.0,5.5,9.3,2.0,3.0,-2.1,6.3,11.9,-1.0,1.0,0.9,11.6,15.0,16.4,14.4,12.8,14.0,15.0,14.0,10.0,55.4,9.6,8.7,3.9,14.5,35.7,9.4,4.9,7.8,1025.5,1029.2,1030.2,1029.0,1028.1,1026.9,1029.7,1029.4,1029.1,220.210395
2022-02-09,220.210395,91.55,239.25,88.53,2.6534,74.417,696.0,3206.79,6434.25,37399.21,21687.12,988.17,2154.21,2232.67,11.5,8.0,7.7,7.3,9.8,11.9,7.9,6.6,4.5,7.4,-1.0,0.7,0.4,5.0,9.0,-1.0,1.7,-1.0,15.7,15.3,16.5,15.0,14.6,14.4,18.0,14.0,11.0,13.0,6.9,9.4,6.0,7.1,13.5,6.4,2.0,6.5,1031.0,1030.4,1033.8,1030.1,1031.8,1032.2,1032.3,1030.1,1030.5,213.644531
2022-02-10,213.644531,91.41,239.1,87.26,2.6654,74.353,756.33,3139.46,6214.25,36611.0,21262.17,1054.67,2003.75,2180.38,11.0,9.4,7.8,7.9,11.6,11.2,7.9,5.4,4.2,7.0,2.1,0.0,5.0,9.2,7.0,-1.0,1.5,0.0,16.1,16.0,15.8,11.0,14.5,17.0,18.0,13.0,9.0,9.0,7.5,8.5,3.6,6.1,7.7,5.4,2.6,6.8,1028.5,1026.4,1029.2,1026.2,1028.9,1028.8,1028.9,1026.4,1026.8,219.700935
2022-02-11,219.700935,94.44,245.0,89.7,2.7386,77.426,728.04,3183.46,6401.83,37359.92,21774.96,1008.38,2090.5,2172.75,11.1,9.7,9.0,10.0,10.5,11.1,7.3,5.5,6.4,7.4,5.0,1.7,8.0,8.2,7.0,2.0,1.5,3.6,15.0,15.0,17.5,14.2,14.0,14.3,16.0,12.0,9.0,8.7,8.7,11.0,8.2,4.7,5.8,5.5,3.5,5.0,1024.1,1023.6,1024.3,1023.2,1024.9,1024.1,1024.7,1024.3,1023.9,191.492985
2022-02-12,191.492985,,,,,,678.04,2617.0,5684.62,31233.96,17251.67,952.83,1993.38,2056.42,11.9,6.4,9.7,6.3,11.1,11.0,8.3,3.9,6.8,10.3,2.0,2.5,2.0,5.8,7.7,1.0,0.5,2.7,14.4,10.0,16.2,11.0,16.0,14.4,17.0,9.0,12.0,11.8,6.6,9.8,7.9,13.3,11.5,7.2,6.4,15.4,1025.6,1030.3,1024.4,1030.4,1023.9,1022.6,1024.3,1031.2,1030.7,197.219968
2022-02-13,197.219968,,,,,,606.88,2369.67,5064.92,27412.04,14690.67,932.08,1827.08,1920.75,10.8,4.4,10.7,3.8,11.5,11.6,9.4,2.9,4.5,8.6,-1.6,5.8,-1.2,9.1,7.8,3.9,-1.0,0.0,14.3,10.0,15.8,10.0,14.5,15.0,16.0,9.0,9.2,13.1,7.1,8.3,4.7,9.8,7.7,9.6,3.1,8.1,1026.7,1026.6,1024.3,1026.3,1025.1,1024.4,1024.8,1026.6,1026.8,210.211389
2022-02-14,210.211389,96.48,240.0,91.52,2.7794,80.771,686.58,3107.29,5926.92,35868.88,20911.21,992.25,2013.96,2230.67,12.1,4.6,10.9,3.3,11.8,13.6,10.6,2.5,3.4,7.2,2.0,5.0,-0.3,10.9,10.2,7.5,-0.3,0.0,17.6,7.2,16.1,6.0,13.7,17.4,15.0,7.0,6.0,12.1,5.8,9.0,4.8,14.3,12.0,12.0,2.4,5.6,1021.8,1018.7,1018.6,1018.7,1021.4,1021.2,1019.9,1018.6,1019.2,210.201465
2022-02-15,210.201465,93.28,239.0,88.29,2.6691,70.919,709.08,3175.58,6143.42,37133.88,21747.83,996.33,2109.17,2252.46,13.7,4.2,10.4,2.5,12.0,13.9,11.2,2.9,5.6,9.4,2.0,8.0,0.0,9.7,11.5,8.2,-1.2,4.0,18.7,6.0,14.0,5.0,13.0,16.6,14.0,11.0,8.0,13.6,11.3,13.2,5.9,18.3,17.3,16.7,6.5,11.8,1018.1,1013.1,1019.2,1013.3,1017.9,1019.1,1015.0,1013.5,1012.8,221.780561
2022-02-16,221.780561,94.81,236.0,89.81,2.6771,69.795,741.67,3268.38,6154.67,37633.75,22108.17,972.29,1985.96,2402.62,11.9,7.9,11.2,3.5,10.5,11.8,8.9,2.5,5.7,10.1,5.0,6.2,-2.0,8.7,9.0,5.0,-2.0,4.6,14.8,12.0,15.7,9.0,13.1,13.4,14.0,10.0,7.4,14.1,5.5,17.9,4.5,7.9,17.6,6.6,4.2,6.4,1015.7,1016.6,1019.6,1016.6,1016.3,1017.8,1016.1,1016.5,1016.3,182.678526
2022-02-17,182.678526,92.97,234.5,88.19,2.6486,74.914,753.04,3352.62,6219.83,38144.21,22525.12,998.71,2018.92,2275.96,11.5,6.8,15.3,7.1,10.5,13.2,8.3,7.8,5.9,8.4,1.0,11.9,0.0,6.2,10.0,2.0,1.0,2.0,14.4,14.0,19.0,16.2,13.8,15.0,16.0,17.0,9.0,12.9,5.6,28.7,6.9,7.8,8.3,6.7,5.4,5.3,1014.8,1012.4,1017.5,1012.1,1015.9,1017.0,1015.7,1012.4,1012.4,201.370544
2022-02-18,201.370544,93.54,232.5,88.6,2.7887,73.762,606.58,3257.83,6234.71,36881.75,21667.0,982.92,1982.75,2149.96,11.9,4.8,15.4,6.5,12.8,12.7,10.7,4.6,6.6,8.4,1.0,11.0,1.9,10.6,9.0,5.8,1.2,1.0,15.6,9.0,22.1,10.4,15.4,16.0,16.0,7.0,12.0,9.6,5.0,20.2,6.6,10.1,6.8,8.3,5.8,6.7,1017.4,1015.9,1018.6,1015.6,1018.3,1018.7,1017.7,1015.0,1015.9,178.560195
2022-02-19,178.560195,,,,,,633.92,2610.62,5424.46,30287.62,16787.08,920.92,1928.12,1982.5,13.4,7.3,12.3,9.3,13.3,14.8,11.8,7.7,8.3,9.5,1.2,5.7,7.0,11.9,10.0,5.0,4.2,7.0,16.3,12.5,19.1,13.0,15.4,20.0,16.0,13.0,10.0,12.1,4.9,10.2,5.2,12.2,12.0,10.0,3.5,6.3,1017.5,1015.5,1016.5,1015.3,1018.8,1018.1,1017.5,1015.4,1015.6,182.485833
2022-02-20,182.485833,,,,,,521.08,2306.54,4884.71,27201.33,14983.38,860.67,1819.5,1825.46,15.0,10.6,12.0,9.8,13.3,15.6,12.7,6.8,9.2,13.3,7.0,9.0,6.7,11.2,13.0,8.7,-0.7,6.5,17.4,15.9,16.3,15.0,16.6,18.0,17.0,16.0,13.0,9.8,5.4,24.5,5.2,5.7,18.6,5.7,3.1,7.9,1018.4,1017.9,1021.6,1017.7,1018.6,1019.2,1018.3,1017.9,1017.8,185.021881
2022-02-21,185.021881,91.17,233.85,92.0,2.7538,72.564,621.21,3099.58,5834.04,35387.08,20763.83,947.79,1985.08,2135.54,15.2,9.5,13.6,10.4,12.9,13.6,11.5,7.9,7.8,12.2,4.4,8.4,4.0,11.0,11.0,7.9,1.5,4.9,19.1,16.0,18.1,17.0,13.8,15.0,16.0,16.0,10.5,14.2,8.4,28.1,12.3,25.2,29.0,12.2,12.0,7.4,1012.2,1007.9,1019.5,1008.8,1013.4,1018.2,1011.6,1009.7,1008.1,184.804934
2022-02-22,184.804934,91.75,236.25,90.39,2.8298,79.789,637.92,3124.62,5971.75,36383.08,21430.67,937.96,2087.58,2192.58,12.1,10.5,12.6,12.4,11.2,14.1,10.2,7.5,6.5,9.5,5.0,8.9,7.0,8.4,13.7,6.0,-0.4,1.4,13.5,17.0,16.1,19.0,14.5,15.0,17.0,16.0,12.1,36.7,11.8,25.6,13.7,19.6,37.2,20.7,8.5,6.5,1007.3,1015.3,1018.7,1015.7,1009.5,1012.9,1012.9,1016.7,1015.1,191.481452
2022-02-23,191.481452,92.18,238.0,90.69,2.8545,88.891,636.17,3154.5,6035.5,36752.17,21667.42,950.71,2077.79,2230.08,12.8,9.0,10.6,9.0,11.3,13.6,10.3,8.2,6.7,11.6,4.0,4.0,2.1,6.8,11.9,3.0,0.7,1.2,13.7,16.1,18.0,15.2,16.2,15.0,20.0,18.0,12.3,37.9,6.3,8.7,5.9,14.9,26.7,7.7,3.6,6.9,1021.0,1023.9,1024.6,1023.6,1022.1,1021.7,1022.9,1023.9,1024.5,218.182491
2022-02-24,218.182491,92.89,239.25,90.94,2.8868,134.316,705.92,3218.33,6126.67,36435.92,21267.33,957.79,2073.38,2086.5,12.2,6.5,9.6,8.0,11.2,12.4,9.2,6.7,7.2,8.2,-1.0,2.5,2.0,7.1,9.6,2.0,2.3,1.4,15.7,13.0,16.4,13.4,16.3,16.0,18.0,13.0,13.0,18.2,4.5,8.8,3.7,9.4,9.8,7.8,4.5,6.4,1024.6,1022.4,1023.6,1022.4,1024.2,1023.3,1023.8,1022.6,1022.6,284.290595
2022-02-25,284.290595,91.77,239.0,89.89,2.848,94.422,666.0,3179.71,5903.58,35471.17,20686.42,950.17,1990.96,2094.33,11.2,9.6,10.6,8.9,12.3,12.0,9.0,6.9,6.5,6.7,4.4,2.9,1.3,10.9,8.0,3.0,-0.5,2.5,15.8,15.0,18.2,17.0,14.2,15.0,16.0,15.0,11.0,7.1,8.9,17.3,12.5,11.0,9.3,7.1,5.1,15.2,1019.0,1018.1,1020.7,1017.9,1019.7,1020.3,1018.9,1019.1,1018.4,250.205706
2022-02-26,250.205706,,,,,,627.29,2617.04,5459.62,30198.17,16689.38,908.54,1909.29,1987.0,9.2,6.5,9.9,8.0,9.3,12.5,7.2,4.8,7.0,5.5,1.6,5.0,0.1,5.6,10.0,4.7,-2.9,2.9,11.9,11.3,17.4,14.3,12.0,14.0,10.0,14.0,11.0,15.1,12.1,14.4,11.2,17.5,28.6,22.6,6.8,13.6,1014.3,1025.1,1020.0,1024.6,1013.5,1016.6,1015.1,1026.0,1024.9,202.540471
2022-02-27,202.540471,,,,,,500.96,2272.88,5146.62,27402.04,14934.92,851.33,1715.79,1979.54,7.8,5.7,8.5,5.8,8.0,11.8,7.3,3.6,6.9,5.4,0.4,2.0,-0.5,4.2,11.0,4.7,-1.8,1.0,10.3,11.0,15.0,12.0,11.7,12.2,12.0,12.0,12.0,13.4,9.5,13.9,6.5,17.4,32.0,26.9,5.4,16.5,1014.2,1026.3,1022.7,1026.6,1016.4,1018.9,1018.0,1027.2,1026.1,247.035474
2022-02-28,247.035474,95.1,274.5,93.5,2.9089,98.595,624.12,3089.54,6127.5,35036.38,20156.29,968.29,1979.42,2091.21,8.6,6.2,7.6,5.6,9.0,11.4,7.8,3.6,6.1,5.7,0.0,0.8,-2.0,6.6,9.0,3.2,-3.3,1.0,12.3,12.0,15.2,12.4,12.4,12.9,15.0,13.0,10.0,18.0,10.2,10.8,6.9,16.6,17.2,15.4,5.3,14.1,1021.2,1026.5,1023.8,1025.7,1021.9,1021.2,1022.2,1025.7,1027.1,271.131057
2022-03-01,271.131057,101.13,301.0,100.21,3.0621,121.674,609.46,3385.08,5996.96,35995.12,20890.58,972.88,1978.83,2161.33,5.8,5.1,8.0,6.2,7.1,9.6,5.7,4.0,4.8,2.6,-0.1,0.4,2.0,4.9,6.0,1.8,-0.7,-0.4,9.3,9.3,15.7,10.0,10.0,12.0,11.0,9.0,9.0,23.6,8.2,9.8,9.2,19.9,20.2,23.1,7.2,9.3,1021.7,1029.5,1025.2,1029.6,1023.0,1021.7,1024.5,1030.1,1029.4,274.628241
2022-03-02,274.628241,108.29,400.0,107.06,3.2749,165.543,690.46,3298.38,6182.54,36204.04,20806.0,982.71,2094.5,2149.46,8.4,6.1,7.4,5.2,7.6,10.4,5.7,4.3,4.7,6.3,0.0,-0.5,-2.0,3.8,7.7,-1.0,-0.6,-2.0,9.1,13.0,14.6,12.0,10.9,12.0,13.0,11.0,10.0,27.1,8.7,9.5,5.9,12.4,17.5,8.7,4.0,7.1,1020.8,1023.2,1024.1,1023.2,1022.7,1022.5,1022.7,1023.5,1023.3,362.72858
2022-03-03,362.72858,106.54,370.0,104.61,3.2457,160.823,663.38,3423.75,6117.33,36264.54,20738.42,986.46,2059.54,2275.67,9.1,8.1,9.5,8.7,9.8,10.2,6.0,6.2,6.4,5.7,4.0,3.7,2.6,6.6,6.8,0.0,0.8,0.7,12.4,13.5,16.3,14.0,12.1,13.0,14.0,14.0,11.0,13.0,6.3,9.3,4.6,9.9,11.9,6.7,3.8,8.9,1017.9,1016.2,1017.2,1015.8,1018.0,1018.0,1017.7,1015.9,1016.6,383.132318
2022-03-04,383.132318,114.34,418.75,112.11,3.4764,192.55,649.21,3422.21,6362.75,37184.25,21520.12,981.25,2067.96,2180.75,9.8,7.2,9.6,7.8,10.0,11.9,6.2,5.6,7.1,6.8,4.0,3.5,3.0,7.5,9.0,0.0,-0.1,2.8,14.1,12.0,15.3,12.0,12.6,14.0,14.0,12.0,12.0,10.2,8.8,7.6,9.0,6.4,8.3,6.8,5.1,12.0,1013.2,1014.2,1012.1,1013.7,1012.6,1012.2,1012.4,1013.6,1014.8,363.084502
2022-03-05,363.084502,,,,,,650.42,2641.71,5692.67,31269.33,17112.08,957.29,2000.04,2215.12,7.4,3.9,10.4,5.8,8.0,12.1,6.7,5.5,6.0,6.0,-1.0,5.6,2.0,6.6,11.0,1.4,2.6,2.0,8.4,10.0,15.6,9.0,11.0,13.0,13.0,9.0,9.0,23.4,8.4,9.6,9.4,16.8,19.7,18.6,7.7,20.4,1008.9,1017.0,1011.9,1016.6,1009.2,1009.4,1010.2,1016.9,1017.5,377.752452
2022-03-06,377.752452,,,,,,598.58,2323.38,5124.58,27035.38,14184.75,936.58,1852.46,2015.04,8.4,3.4,9.4,4.8,8.0,10.9,6.1,4.2,5.0,6.3,-2.0,5.8,0.9,6.2,8.0,1.3,-0.2,-0.2,10.7,9.2,15.2,9.3,11.4,12.0,13.0,9.0,9.3,22.5,8.5,10.9,5.7,10.9,19.3,13.3,6.5,15.6,1011.7,1017.2,1014.4,1017.2,1012.6,1013.5,1012.5,1017.5,1017.3,453.508015
2022-03-07,453.508015,118.87,422.65,115.8,3.5286,227.201,625.96,3339.46,6018.5,35136.54,20140.12,955.42,1992.88,2064.21,6.2,3.8,8.6,4.6,7.5,10.4,5.5,3.0,4.8,4.8,-1.0,4.0,-0.4,4.4,7.0,0.2,-2.6,0.9,7.8,9.6,14.2,10.3,10.6,12.0,12.0,10.0,8.0,12.4,7.4,9.0,4.7,10.3,11.2,11.0,3.6,12.9,1014.9,1018.3,1015.7,1017.8,1014.3,1014.9,1014.6,1017.9,1018.5,587.668625
2022-03-08,587.668625,123.48,405.0,119.65,3.6392,214.554,632.96,3521.88,6582.46,37697.58,21525.67,980.0,2070.79,2383.83,6.3,3.7,8.0,4.6,6.4,10.9,4.8,2.7,5.9,4.4,-2.3,0.7,1.0,4.8,9.0,0.6,-0.9,1.4,8.5,10.0,16.0,8.1,8.7,12.1,10.0,7.0,9.0,28.4,7.9,13.6,9.1,20.7,22.1,18.3,6.4,10.5,1014.8,1022.4,1018.7,1022.4,1016.5,1015.4,1017.7,1022.5,1022.5,463.008375
2022-03-09,463.008375,107.03,420.65,105.05,3.2537,155.88,675.58,3411.42,6380.38,37300.46,21353.33,992.12,2175.08,2312.54,9.0,5.5,8.1,4.5,7.3,10.4,6.4,3.6,5.3,7.7,-1.0,0.5,-2.6,3.3,8.9,0.0,-2.8,-1.3,10.4,13.0,16.0,12.3,11.5,11.1,14.0,12.0,12.0,38.2,8.0,10.0,4.6,17.1,22.2,13.2,3.7,6.7,1018.6,1023.7,1022.9,1023.4,1021.1,1020.6,1021.8,1024.0,1023.4,388.229561
2022-03-10,388.229561,105.43,380.0,99.64,3.1342,126.399,726.33,3390.29,6461.08,37016.42,20927.75,1028.29,2057.88,2424.79,10.7,7.3,8.8,6.7,9.5,10.8,7.9,5.9,6.6,7.5,1.0,1.0,-1.9,4.8,6.0,0.7,0.8,-0.1,12.9,15.3,15.5,15.0,14.7,14.0,17.0,15.0,13.0,33.5,8.7,9.2,4.1,12.2,8.7,8.3,4.1,6.4,1022.6,1024.6,1024.9,1024.3,1023.8,1024.5,1023.7,1024.4,1024.9,371.492172
2022-03-11,371.492172,109.1,368.65,103.2,3.28,131.229,751.92,3393.46,6404.83,36926.54,20865.17,1018.83,1990.54,2501.79,9.2,5.9,12.7,7.9,9.0,11.3,7.6,5.2,6.2,8.0,-1.0,6.1,4.8,5.8,7.8,2.0,0.8,2.0,10.7,12.5,16.0,11.0,12.1,15.0,15.0,10.0,9.1,20.6,13.7,17.6,12.3,11.4,11.6,8.1,8.0,11.1,1026.4,1026.3,1021.7,1026.0,1025.0,1022.9,1024.4,1026.5,1028.2,281.106722
2022-03-12,281.106722,,,,,,733.62,2753.75,5738.42,30757.38,16534.42,943.75,1944.71,2108.71,7.1,4.4,13.1,6.8,8.3,11.5,8.7,4.5,4.5,4.4,-2.1,12.0,3.9,4.5,7.0,5.1,3.1,-1.0,11.5,11.0,14.0,10.0,12.3,15.0,14.0,6.0,9.0,12.8,6.7,28.8,9.6,12.7,9.3,7.5,5.6,11.5,1027.9,1027.7,1018.8,1027.3,1025.7,1022.1,1024.7,1028.0,1028.8,307.069135
2022-03-13,307.069135,,,,,,,,,,,,,,8.2,5.0,13.8,6.1,8.9,11.8,7.9,4.8,4.3,3.9,-1.0,12.0,0.0,4.8,9.0,2.0,2.1,-2.0,12.6,11.4,16.5,10.0,12.3,14.0,16.0,8.0,10.0,12.2,9.5,16.6,5.6,10.7,6.6,9.0,4.0,7.3,1028.0,1026.9,1019.0,1026.5,1025.8,1022.5,1025.0,1026.8,1027.7,323.278267
2022-03-14,323.278267,103.4,361.75,98.44,3.1339,114.522,,,,,,,,,9.8,8.3,14.9,9.4,9.8,13.4,9.7,6.6,6.6,4.6,3.9,13.0,6.0,5.8,10.9,3.0,1.2,1.8,14.4,14.0,17.1,13.1,14.6,16.2,18.0,10.2,11.0,10.6,5.6,30.3,6.4,7.2,10.1,7.0,4.7,9.4,1033.0,1032.1,1026.2,1032.1,1031.1,1028.5,1030.6,1032.6,1032.7,301.150816
2022-03-15,301.150816,97.58,361.5,92.83,2.9657,115.439,,,,,,,,,10.4,8.9,15.0,10.2,11.0,12.7,10.0,8.2,7.5,6.1,4.0,14.0,7.0,8.4,9.0,3.8,4.9,3.5,13.8,14.1,16.2,13.1,12.8,15.8,17.0,12.0,11.0,14.1,5.9,33.2,4.9,8.0,10.1,9.4,2.5,6.0,1035.2,1033.4,1029.6,1033.2,1034.6,1032.2,1033.9,1033.6,1033.7,281.106607
2022-03-16,281.106607,95.64,340.0,91.59,2.952,102.623,,,,,,,,,12.1,11.6,14.8,12.3,11.0,12.8,10.7,8.9,9.2,8.7,6.8,14.0,10.0,8.3,8.0,5.0,4.6,7.0,15.6,17.0,16.6,16.0,13.2,16.0,18.0,15.0,12.0,8.7,8.0,31.9,9.2,7.6,11.1,6.5,4.3,6.9,1026.9,1025.4,1022.6,1025.1,1027.2,1025.4,1026.8,1025.4,1025.9,261.731871
2022-03-17,261.731871,103.56,337.25,99.38,3.1822,105.088,,,,,,,,,12.2,11.4,14.6,11.5,12.5,13.3,12.5,8.9,11.2,10.0,8.7,13.5,9.0,9.0,9.9,6.6,5.3,7.5,14.5,14.6,16.7,13.3,16.2,17.0,20.0,11.6,15.0,10.2,6.7,22.3,8.3,10.0,12.6,6.8,4.6,8.7,1025.5,1026.4,1018.3,1026.5,1022.2,1019.2,1022.1,1026.8,1026.8,247.216299
2022-03-18,247.216299,105.07,334.5,100.65,3.2059,105.044,,,,,,,,,12.4,9.2,15.3,11.0,13.3,15.9,12.7,10.0,10.7,10.1,5.7,13.5,7.0,11.6,12.9,8.3,6.0,8.0,14.7,13.0,19.0,15.0,15.6,19.0,18.0,13.0,14.0,11.5,7.7,18.1,9.1,17.4,13.0,8.4,4.8,19.1,1028.6,1031.6,1020.3,1031.7,1025.2,1019.8,1025.1,1032.2,1032.3,253.482401
2022-03-19,253.482401,,,,,,,,,,,,,,11.2,7.7,14.3,9.2,11.8,15.0,12.6,9.5,8.4,8.4,2.0,12.7,4.0,10.6,12.0,9.8,5.6,5.0,13.4,14.0,15.3,13.7,13.2,17.0,17.0,15.0,12.0,22.0,8.4,22.5,9.2,11.2,11.5,6.6,6.5,12.8,1031.9,1033.8,1022.8,1033.7,1028.5,1023.3,1027.9,1033.4,1034.6,228.06832
2022-03-20,228.06832,,,,,,,,,,,,,,9.2,7.9,11.6,8.7,10.1,12.1,9.8,8.1,8.8,6.1,1.3,8.0,1.8,7.6,10.0,4.0,3.6,4.0,12.1,13.9,14.2,13.5,13.2,14.1,16.0,13.0,13.0,14.5,7.9,16.4,8.7,13.2,12.5,8.4,6.4,15.6,1033.6,1035.0,1028.2,1035.0,1031.5,1028.0,1031.4,1035.3,1035.6,243.93072
2022-03-21,243.93072,108.64,329.4,107.06,3.2491,96.302,,,,,,,,,10.1,6.8,10.1,8.8,9.4,10.2,8.8,7.9,7.5,5.9,1.0,5.8,3.2,5.9,7.0,2.7,2.8,3.0,13.5,13.0,15.4,14.0,12.9,12.2,16.0,14.0,12.2,16.7,6.6,12.6,5.3,16.4,14.4,8.2,5.4,11.9,1032.5,1035.8,1030.1,1035.6,1032.1,1029.6,1032.3,1036.0,1035.8,242.278371
2022-03-22,242.278371,108.53,330.0,106.55,3.2266,98.747,,,,,,,,,10.4,7.4,10.7,7.8,10.3,10.6,8.6,6.8,9.3,5.9,0.1,5.5,0.0,5.8,6.0,1.5,0.1,3.0,14.3,15.0,16.1,15.0,15.0,13.2,17.0,15.0,14.1,20.4,8.4,16.3,5.8,14.3,14.6,7.9,5.5,11.7,1031.2,1034.5,1029.6,1034.6,1030.9,1029.5,1031.4,1034.8,1034.5,238.60228
2022-03-23,238.60228,113.86,325.0,111.99,3.3469,117.001,,,,,,,,,12.2,10.3,10.7,10.1,11.1,11.3,10.2,8.7,11.5,8.7,3.0,5.0,1.0,6.2,6.0,2.7,0.5,3.9,15.8,18.5,16.2,19.0,15.3,15.0,20.0,18.0,18.3,19.1,10.3,15.3,4.0,11.9,10.7,8.7,5.1,8.2,1027.7,1030.7,1027.9,1030.8,1027.9,1027.8,1028.3,1031.4,1029.9,244.518098
2022-03-24,244.518098,111.51,326.65,109.43,3.3045,111.608,,,,,,,,,12.9,13.0,11.1,11.8,11.5,12.2,11.0,10.6,12.4,8.8,6.0,2.0,2.0,7.7,7.3,4.0,2.0,5.0,17.1,21.4,16.4,21.0,13.7,16.0,20.0,21.0,20.0,9.3,10.2,14.5,3.9,7.0,8.2,7.5,4.4,7.9,1027.0,1026.3,1026.4,1026.4,1027.3,1027.4,1027.1,1026.6,1025.8,275.981796
2022-03-25,275.981796,113.58,327.15,111.06,3.367,101.269,,,,,,,,,13.5,14.0,14.3,13.1,12.2,12.2,11.3,11.3,11.5,8.3,6.8,10.5,3.6,10.8,8.0,4.0,3.0,4.4,18.0,21.0,16.6,21.0,13.3,15.1,21.0,21.0,18.6,7.7,10.5,28.8,5.3,8.3,9.1,6.9,4.9,7.8,1025.7,1024.6,1023.8,1024.7,1026.5,1026.0,1026.0,1024.7,1024.7,235.289185
2022-03-26,235.289185,,,,,,,,,,,,,,12.8,13.3,15.4,12.7,11.6,14.8,11.9,11.3,12.2,8.0,7.0,13.8,3.0,7.6,10.0,4.0,3.5,5.0,16.4,21.0,18.3,21.0,14.3,19.0,21.0,20.0,19.0,9.7,8.9,28.9,4.5,6.1,12.5,7.0,5.0,7.7,1026.8,1026.0,1020.2,1026.1,1025.3,1022.3,1025.1,1026.3,1026.1,206.831856
2022-03-27,206.831856,,,,,,,,,,,,,,13.1,12.4,16.0,12.7,13.8,17.0,14.7,11.6,11.7,10.7,7.0,12.6,5.0,11.4,15.0,9.3,3.9,6.0,15.4,18.0,19.2,21.0,17.3,20.3,22.0,19.0,18.0,11.5,6.5,16.8,4.5,9.8,13.6,7.5,5.5,7.7,1027.9,1027.3,1020.2,1027.5,1024.1,1018.6,1024.0,1028.0,1027.6,251.747732
2022-03-28,251.747732,106.16,261.0,103.42,3.1445,102.545,,,,,,,,,12.5,12.5,13.7,13.0,13.2,15.0,13.2,12.1,9.6,11.3,6.2,7.5,4.0,11.6,12.7,8.5,3.9,6.5,13.3,21.0,21.3,22.0,15.2,17.0,20.0,21.0,13.1,6.7,10.0,11.5,3.7,9.1,11.9,7.4,5.9,8.1,1026.4,1024.3,1022.9,1024.1,1023.5,1020.6,1023.3,1024.2,1024.8,249.443186
2022-03-29,249.443186,104.74,258.0,102.05,3.1221,108.381,,,,,,,,,12.9,11.4,14.1,11.9,12.5,14.6,12.3,12.1,10.5,9.4,5.0,8.9,7.8,9.6,12.0,5.0,6.3,6.0,16.3,19.0,17.8,18.0,14.3,17.0,20.0,19.0,14.1,14.5,6.2,14.3,7.0,8.0,12.8,6.7,6.2,11.4,1017.9,1014.7,1014.9,1014.5,1017.5,1016.5,1016.7,1013.6,1015.4,294.8167
2022-03-30,294.8167,108.64,260.0,105.68,3.2306,118.97,,,,,,,,,14.0,10.3,16.4,11.3,12.9,20.4,11.8,9.1,10.9,11.5,7.0,12.4,9.8,11.2,14.0,9.0,7.5,9.0,16.1,14.0,21.1,13.0,14.6,25.0,14.0,11.0,13.1,19.9,7.4,9.2,9.4,15.9,27.3,12.2,5.5,10.3,1008.6,1004.9,1001.7,1004.8,1007.2,1004.2,1005.0,1004.9,1005.5,281.899331
2022-03-31,281.899331,102.73,264.0,98.52,3.0978,125.906,,,,,,,,,16.0,10.5,15.2,11.9,14.0,17.1,14.2,10.5,10.0,13.9,9.5,13.7,9.5,13.6,13.8,11.7,5.2,9.0,18.2,11.4,19.0,15.5,14.4,21.0,17.0,16.0,11.0,27.9,7.5,16.4,6.5,29.3,23.9,16.4,4.3,11.7,997.7,993.7,997.4,993.8,996.6,998.6,994.0,993.9,993.5,306.954062
2022-04-01,306.954062,102.82,258.75,97.9,3.1089,112.15,698.71,2917.71,5683.33,34982.25,20547.46,1033.5,1894.96,2206.58,15.0,12.6,10.9,11.0,12.2,14.4,12.3,7.5,11.0,12.6,7.9,7.7,7.8,10.9,13.4,9.5,2.7,9.0,18.4,17.0,16.4,15.0,13.4,15.2,15.0,16.0,15.0,10.1,10.9,15.1,9.4,18.2,29.5,17.0,9.1,11.1,998.6,991.9,1002.7,991.3,999.5,1003.0,997.4,991.3,992.4,278.485226
2022-04-02,278.485226,,,,,,705.58,2473.54,5082.62,28695.0,15622.04,1028.75,1776.17,2006.29,12.2,9.0,7.9,8.1,9.4,12.0,8.6,4.5,8.5,9.2,4.4,3.1,5.7,6.6,10.0,5.7,1.4,7.0,15.9,12.0,12.2,10.0,10.7,14.0,12.0,8.0,11.0,17.0,11.8,18.5,10.6,24.5,36.9,17.9,5.9,12.5,1005.4,999.2,1009.5,999.1,1006.4,1010.5,1003.6,1000.0,1000.0,277.502232
2022-04-03,277.502232,,,,,,571.58,2244.29,4796.5,24963.04,13069.17,911.17,1625.67,1744.67,10.7,8.2,10.6,6.8,10.0,12.5,7.9,6.0,8.5,6.6,5.0,5.5,3.0,6.1,12.0,3.0,-0.8,5.0,13.9,12.0,15.0,10.9,11.8,13.0,13.0,12.0,11.3,13.5,11.6,14.4,6.6,15.1,28.1,6.8,5.0,11.0,1012.9,1012.7,1015.5,1012.8,1013.1,1015.9,1012.4,1013.0,1013.2,348.914861
2022-04-04,348.914861,106.0,264.0,101.84,3.1561,109.523,630.75,2976.21,6163.67,35097.88,20342.12,1118.62,1815.92,2050.58,10.5,9.4,11.1,8.7,10.8,12.7,9.1,7.0,8.5,8.4,6.0,7.5,5.5,9.5,9.0,4.9,1.7,5.8,13.3,14.0,15.3,12.9,12.1,15.3,15.0,13.0,11.0,7.8,5.8,12.2,5.7,8.3,19.0,6.6,4.8,8.2,1018.5,1017.4,1015.4,1017.3,1016.8,1014.1,1016.6,1017.4,1017.8,296.743917
2022-04-05,296.743917,105.2,281.0,100.68,3.1311,108.564,655.04,3109.58,6170.17,36446.17,21504.58,1116.79,1819.62,2070.38,11.7,10.9,12.6,10.2,11.8,14.3,10.2,8.9,9.1,8.8,5.0,8.0,2.0,8.9,11.9,3.0,0.2,3.0,15.1,17.0,16.9,18.0,14.0,16.0,19.0,18.0,13.0,11.0,11.1,11.1,4.2,10.6,16.0,7.8,5.6,7.7,1014.7,1013.0,1013.1,1012.5,1012.9,1011.7,1013.3,1012.3,1013.2,283.310252
2022-04-06,283.310252,100.25,286.5,95.41,3.0186,106.791,707.08,3192.96,6051.04,35477.67,20603.75,1035.92,1768.96,2117.96,12.4,11.0,13.4,11.1,12.6,14.9,9.2,10.2,10.2,8.1,5.0,9.6,4.0,10.3,12.0,4.0,4.1,6.0,15.0,17.3,18.1,16.9,14.9,16.8,15.0,17.0,14.7,15.9,7.5,11.1,6.0,6.7,11.1,6.6,6.4,10.4,1012.1,1009.8,1009.3,1009.9,1011.1,1010.2,1010.8,1009.3,1010.8,240.002595
2022-04-07,240.002595,100.05,285.0,95.51,3.0205,104.564,623.79,3042.54,5908.42,34645.5,20007.88,1014.17,1803.83,2244.88,13.9,14.2,15.2,13.9,13.0,14.8,12.0,12.3,11.4,11.9,7.4,11.0,8.4,11.7,13.4,6.4,4.8,6.4,15.9,20.5,20.3,21.5,14.1,15.9,17.0,22.0,14.9,12.3,9.0,25.7,8.7,19.2,30.4,6.9,8.5,11.5,1006.4,1004.4,1014.2,1004.1,1008.3,1013.7,1008.9,1003.7,1004.0,269.517312
2022-04-08,269.517312,102.17,291.6,97.01,3.1091,103.882,639.46,2933.04,5802.17,33970.62,19573.17,1017.96,1825.67,2179.17,15.4,17.6,16.7,15.5,14.3,16.9,13.9,14.9,12.4,11.4,8.9,11.0,6.5,13.7,14.5,9.9,6.9,6.7,20.4,23.2,22.0,21.9,15.0,21.3,18.0,24.0,17.5,13.5,17.3,18.5,5.7,18.6,21.0,12.8,12.2,7.9,1011.1,1003.0,1015.8,1002.0,1013.9,1017.0,1011.7,1001.4,1003.2,235.324707
2022-04-09,235.324707,,,,,,581.29,2421.58,5385.33,29756.54,16558.08,1021.21,1820.33,1968.71,18.3,15.3,15.4,14.6,14.2,17.9,13.7,12.9,11.9,14.3,5.2,11.0,7.8,13.3,16.1,10.0,6.2,5.0,22.9,20.8,21.4,19.4,14.7,20.7,17.0,17.0,20.4,15.4,21.3,18.8,18.1,20.9,27.0,16.3,21.6,23.0,1007.6,1001.9,1012.8,1001.4,1009.8,1012.8,1007.4,1003.4,1001.8,195.846222
2022-04-10,195.846222,,,,,,589.83,2335.29,4884.04,25976.08,13830.88,935.21,1632.79,1768.04,13.2,9.2,14.2,10.6,12.5,14.5,11.2,9.0,9.2,10.0,2.4,8.9,3.2,9.4,13.3,6.5,2.1,3.1,17.1,16.0,20.0,17.6,14.3,16.1,16.0,17.0,14.6,34.6,8.6,16.0,8.6,15.7,25.0,20.1,6.0,12.5,1011.9,1017.8,1018.5,1017.5,1013.4,1017.6,1014.7,1017.5,1017.1,238.189521
2022-04-11,238.189521,98.27,292.0,93.46,2.9892,100.137,564.04,2783.29,5422.38,32102.38,18631.25,917.0,1794.83,1989.58,13.0,11.2,13.7,11.8,11.2,13.5,10.1,10.2,9.8,10.5,2.4,8.0,3.8,7.9,9.3,3.4,3.6,3.8,14.9,18.8,17.1,18.4,13.7,17.4,18.0,18.0,13.9,21.2,7.8,18.1,5.0,9.7,12.5,8.5,6.9,10.9,1022.7,1020.7,1020.5,1020.8,1023.1,1022.2,1022.8,1020.2,1021.8,267.284342
2022-04-12,267.284342,104.22,303.5,99.4,3.1375,102.219,540.17,2909.0,5701.25,33938.0,19942.92,906.08,1878.42,2060.17,12.5,12.4,15.6,13.5,12.3,13.7,11.1,12.4,10.6,7.3,5.4,11.4,4.8,9.9,9.7,4.1,5.3,5.1,16.3,19.0,18.3,19.5,14.0,17.4,19.0,19.0,15.1,14.5,7.8,26.7,5.0,6.3,11.2,7.4,4.3,9.5,1021.7,1020.0,1016.9,1019.9,1021.4,1019.9,1020.8,1019.4,1020.6,246.03264
2022-04-13,246.03264,108.08,312.0,102.89,3.2706,105.324,638.04,2875.33,5639.46,33367.33,19536.08,892.12,1777.79,2008.5,13.6,12.8,15.4,15.0,13.3,13.8,13.7,14.4,12.1,9.6,7.1,14.0,8.3,11.2,10.3,7.0,8.7,7.0,17.4,19.3,17.6,20.0,15.7,16.1,22.0,21.0,16.3,9.6,7.8,27.1,6.9,7.0,10.9,6.7,5.3,6.9,1019.1,1019.3,1014.0,1019.2,1017.1,1015.4,1016.8,1018.7,1019.9,243.485662
2022-04-14,243.485662,110.8,314.0,105.44,3.3606,95.62,586.04,2737.67,5479.54,32417.67,19038.92,889.92,1713.71,1971.88,14.2,13.9,17.1,16.1,13.8,15.6,15.3,15.3,14.6,10.2,6.8,14.0,7.0,11.3,12.0,8.1,7.7,8.9,18.3,21.4,20.0,23.5,15.2,20.9,25.0,24.0,20.0,10.1,8.0,20.8,5.4,8.2,9.7,6.6,5.6,8.0,1020.0,1019.3,1013.1,1019.3,1017.0,1013.1,1016.8,1019.5,1019.2,245.348557
2022-04-15,245.348557,111.6,,,3.3731,,554.88,2792.71,5265.67,31114.08,17812.54,905.75,1697.67,2084.88,14.7,14.9,16.6,17.3,15.4,15.6,16.0,17.4,13.9,10.2,8.0,11.6,10.0,12.1,13.0,9.0,8.2,8.6,19.0,22.3,23.1,25.0,19.2,17.0,24.0,27.0,18.0,8.6,7.4,8.1,5.9,8.5,8.5,7.2,4.2,6.4,1019.1,1019.2,1015.8,1018.8,1017.1,1014.2,1017.0,1018.6,1019.6,194.138909
2022-04-16,194.138909,,,,,,561.21,2248.25,4704.42,25332.54,13387.79,868.5,1685.5,1876.88,15.8,14.6,16.2,17.6,15.6,15.3,16.8,18.0,15.6,12.9,9.0,10.4,9.0,12.7,13.0,10.0,10.0,12.0,18.5,20.1,23.7,24.0,19.9,17.2,25.0,25.0,20.6,12.0,13.2,11.9,11.5,12.4,8.7,8.9,7.5,15.1,1014.0,1017.5,1013.3,1017.2,1012.9,1011.5,1012.9,1017.3,1018.3,172.324364
2022-04-17,172.324364,,,,,,506.21,1909.5,4222.79,21088.0,10452.92,813.92,1519.46,1663.21,15.1,11.8,15.9,13.4,13.9,13.8,14.1,14.4,12.3,14.0,6.9,11.9,9.0,11.5,12.0,10.1,11.0,8.0,16.8,15.0,22.2,17.3,16.0,15.3,18.0,20.0,14.8,28.7,13.6,16.1,12.3,26.6,23.3,24.8,9.3,20.2,1009.9,1019.8,1011.7,1019.7,1009.7,1008.2,1011.0,1019.2,1020.3,175.927189
2022-04-18,175.927189,111.94,309.1,106.41,3.358,95.62,496.08,1880.33,4209.0,21506.0,10803.79,807.08,1641.54,1668.17,13.6,10.3,12.0,13.8,12.4,13.8,13.0,14.2,12.0,11.6,2.8,6.4,9.0,9.6,11.0,6.6,9.4,5.0,14.7,17.3,21.0,19.0,15.3,15.7,20.0,20.0,16.0,31.9,10.9,13.1,8.7,16.3,12.9,18.2,7.3,11.0,1010.6,1015.8,1015.0,1015.3,1011.6,1011.9,1011.7,1015.0,1016.0,233.78467
2022-04-19,233.78467,106.63,321.0,101.16,3.2289,93.768,575.96,2771.42,5272.42,30938.62,17631.0,862.54,1856.38,1968.92,13.0,11.7,14.3,14.5,12.9,14.5,12.7,13.8,11.6,9.9,4.0,6.4,6.0,10.3,10.0,6.1,6.5,8.0,16.6,19.2,20.4,22.0,14.6,17.2,19.0,21.0,14.2,19.4,8.6,11.4,7.5,13.3,13.7,10.5,6.7,10.0,1013.4,1010.0,1013.3,1009.9,1014.0,1014.8,1012.8,1009.5,1011.0,238.50279
2022-04-20,238.50279,105.21,326.35,101.36,3.2134,94.231,753.25,2949.38,5365.62,33653.33,19873.54,901.5,1852.46,1957.58,14.8,12.5,15.9,13.8,14.3,16.8,14.2,10.4,11.9,10.8,8.6,9.2,10.0,13.4,12.0,8.2,8.9,8.9,18.7,17.0,20.0,17.0,15.4,25.9,21.0,13.3,15.0,12.8,13.5,12.6,12.4,12.0,11.4,7.8,6.1,13.4,1013.1,1012.0,1007.5,1011.9,1012.2,1009.7,1011.3,1011.7,1013.2,245.23329
2022-04-21,245.23329,106.77,331.1,102.96,3.2645,100.061,670.96,3037.04,5437.92,34457.33,20349.0,938.0,1850.0,2174.42,16.2,10.6,13.3,12.8,16.4,18.9,15.9,10.7,10.9,13.9,9.8,10.6,9.7,13.2,15.6,12.4,9.0,6.0,18.0,12.0,16.1,16.0,19.8,25.3,20.0,12.0,13.2,17.7,9.7,11.4,11.3,20.1,17.4,8.4,5.0,10.2,1010.1,1009.3,1000.8,1009.6,1004.3,1001.1,1003.4,1009.5,1010.6,231.907126
2022-04-22,231.907126,104.87,326.0,101.05,3.234,94.875,595.29,2787.79,5283.04,31212.88,17799.12,924.0,1774.04,2049.58,18.2,10.8,14.6,12.3,14.0,15.6,14.2,13.0,11.4,16.1,9.1,9.7,8.6,13.1,14.6,11.4,8.7,9.3,22.1,12.4,18.3,16.1,16.1,18.3,18.0,19.0,14.6,23.0,12.2,15.1,7.7,25.4,29.4,11.8,6.3,21.2,1003.0,1001.7,1002.4,1002.5,1002.5,1005.1,1000.8,1001.8,1001.8,258.37486
2022-04-23,258.37486,,,,,,544.75,2395.92,4841.96,27661.67,15323.08,900.96,1732.21,1922.79,16.8,14.8,16.6,13.9,14.6,16.5,15.3,11.7,12.9,13.8,8.8,10.1,10.8,13.5,11.7,8.6,10.2,8.8,19.2,21.5,21.5,16.4,16.0,21.3,21.0,14.0,16.1,11.7,9.2,14.1,14.3,10.6,10.5,10.4,8.2,9.9,1009.8,1005.9,1008.1,1004.8,1010.8,1011.1,1009.3,1003.1,1007.0,206.199147
2022-04-24,206.199147,,,,,,475.54,2198.42,4322.21,23912.25,12892.21,869.67,1528.17,1626.04,19.2,12.2,16.8,12.7,14.8,17.8,15.8,11.5,13.4,15.9,10.0,13.0,9.6,13.3,14.5,12.9,8.1,11.6,23.8,15.3,21.6,16.1,15.8,22.3,20.0,17.0,15.3,10.1,9.7,13.8,10.8,16.2,19.5,15.7,7.3,9.1,1010.1,1005.6,1011.2,1004.3,1011.2,1012.6,1009.4,1003.1,1005.6,260.96164
2022-04-25,260.96164,101.2,328.5,97.67,3.1665,92.837,474.54,2140.71,4502.29,23230.92,12140.83,877.17,1461.58,1633.79,17.6,14.7,16.2,14.8,14.8,15.4,15.2,12.8,12.9,15.1,8.7,8.7,8.8,13.6,11.9,10.7,6.8,8.8,20.8,20.6,23.0,20.0,15.6,17.0,20.0,19.0,16.5,14.2,10.3,10.4,8.3,10.5,11.5,9.3,5.3,7.4,1012.8,1009.5,1013.9,1009.1,1013.7,1014.5,1012.5,1008.6,1009.9,251.922286
2022-04-26,251.922286,103.52,325.0,100.41,3.248,103.208,569.0,2647.96,4928.5,29511.33,16852.12,884.88,1725.54,1903.33,16.7,15.7,15.6,14.0,13.5,16.3,15.0,13.9,14.2,13.2,9.8,9.3,11.6,10.5,12.5,9.6,5.9,12.0,18.9,20.5,20.5,18.4,15.1,21.4,21.0,21.0,17.2,12.8,7.0,11.1,5.8,5.1,9.0,7.1,6.2,12.5,1015.2,1013.3,1014.8,1013.4,1015.8,1014.8,1015.8,1012.6,1013.7,239.521619
2022-04-27,239.521619,103.85,326.05,100.68,3.3336,107.427,600.25,2909.54,5571.29,33646.79,20003.83,879.79,1876.5,1805.58,17.2,14.7,16.2,15.5,15.2,17.5,15.7,14.8,14.7,14.1,8.0,8.0,8.0,12.8,13.1,8.6,7.9,10.2,20.1,20.7,22.1,21.7,17.1,23.3,23.0,22.0,18.7,10.1,7.7,11.8,5.2,7.1,9.9,7.3,5.5,8.7,1016.9,1017.9,1015.7,1017.7,1016.5,1015.4,1016.6,1017.2,1018.2,242.771456
2022-04-28,242.771456,105.72,326.05,103.47,3.4009,100.142,581.46,3036.71,5752.08,34523.04,20647.92,869.04,1879.67,1756.17,15.8,14.0,16.8,16.9,16.8,16.7,17.2,16.4,15.6,13.9,7.2,9.9,12.0,14.5,14.9,10.6,11.1,9.9,17.1,20.1,23.3,21.6,19.5,19.3,24.0,24.0,19.4,25.3,7.7,9.3,10.2,17.1,12.3,10.5,6.1,6.7,1019.4,1023.0,1017.8,1022.7,1017.5,1016.1,1017.4,1022.2,1023.4,244.025535
2022-04-29,244.025535,105.45,326.3,102.94,3.3744,99.45,585.33,2937.54,5564.58,33989.67,20110.75,925.62,1865.29,2000.54,16.0,14.3,16.2,17.6,17.0,16.2,16.8,16.1,17.5,13.5,7.2,13.0,14.1,14.2,15.1,9.9,9.6,12.3,18.0,20.5,20.7,22.0,20.3,17.0,24.0,22.0,21.0,20.8,7.8,13.5,8.1,17.2,9.3,11.4,5.6,11.1,1019.4,1024.3,1019.6,1024.1,1018.4,1017.7,1018.5,1023.6,1024.3,210.705798
2022-04-30,210.705798,,,,,,516.75,2425.25,5051.71,27672.38,15207.92,884.83,1758.79,1827.12,16.8,15.2,15.4,17.1,15.9,16.1,16.2,15.7,16.5,14.1,7.6,8.0,12.0,12.2,13.3,9.7,11.6,10.0,19.2,21.3,21.2,21.4,18.4,18.3,23.0,21.0,20.9,12.6,8.5,10.6,5.4,10.6,11.5,8.6,6.5,7.5,1018.2,1019.8,1019.1,1019.8,1017.9,1018.3,1017.8,1019.6,1019.8,208.746315
2022-05-01,208.746315,,,,,,449.75,2033.17,4455.67,22773.0,11743.21,787.83,1621.08,1682.29,16.4,15.2,16.6,17.1,15.9,15.9,13.9,14.5,17.0,13.1,12.7,8.9,13.1,14.1,13.1,9.8,6.6,12.8,18.5,20.7,24.6,21.2,17.0,18.0,21.0,22.0,21.8,14.5,8.6,15.5,8.8,6.7,9.8,4.3,4.9,13.9,1016.0,1016.0,1016.0,1016.1,1015.5,1016.0,1015.3,1015.7,1015.6,228.240917
2022-05-02,228.240917,105.97,299.8,103.42,3.4291,97.051,529.75,2767.79,5485.08,30922.67,17535.21,856.96,1794.21,1953.67,15.5,14.5,15.6,17.0,14.9,15.7,15.1,15.7,17.0,13.0,9.0,9.8,10.9,12.4,11.9,8.7,8.7,12.3,18.2,20.0,21.0,22.0,16.2,17.8,22.0,22.0,20.2,7.7,6.1,12.3,7.6,7.3,8.5,8.8,5.9,9.8,1013.2,1014.6,1014.2,1014.4,1012.6,1013.4,1012.4,1014.0,1014.2,255.802927
2022-05-03,255.802927,103.73,325.0,100.9,3.4187,99.426,543.04,2856.42,5669.5,32364.62,18604.83,863.88,1834.08,1992.88,16.4,16.9,16.3,17.4,15.2,16.1,15.8,14.4,18.1,12.5,11.0,10.8,13.1,12.9,12.7,9.4,10.0,12.4,19.4,22.6,20.5,21.8,16.5,18.6,23.0,20.0,22.3,10.7,8.3,11.5,7.2,7.3,13.2,7.0,5.8,10.2,1014.4,1014.4,1014.3,1014.9,1014.3,1014.7,1013.7,1015.3,1014.3,248.659803
2022-05-04,248.659803,108.72,355.0,106.22,3.5675,103.821,562.5,2946.71,5493.88,32824.96,19160.92,905.21,1776.83,1978.92,16.4,16.4,16.3,17.2,15.6,17.2,15.9,14.9,17.2,12.5,11.0,10.7,14.1,14.0,12.7,10.6,8.2,10.7,18.8,22.4,20.4,22.0,16.5,20.6,23.0,21.0,21.6,11.3,7.0,10.6,5.2,7.3,11.1,5.7,6.0,8.8,1018.7,1017.1,1016.2,1017.0,1018.2,1017.5,1017.8,1017.0,1016.8,262.329301
2022-05-05,262.329301,109.22,374.35,106.74,3.58,106.508,524.83,2970.25,5507.96,32715.08,18936.38,861.0,1832.75,2081.92,16.9,14.6,19.5,14.9,16.9,22.4,14.7,12.6,15.6,13.0,11.6,15.6,13.2,12.4,16.1,10.2,10.9,11.6,19.2,17.4,24.0,17.5,20.5,29.2,19.0,16.0,17.5,13.5,6.2,19.9,7.0,7.0,16.6,7.7,5.0,11.1,1020.2,1018.9,1011.7,1019.2,1017.6,1012.7,1017.2,1019.0,1019.8,271.169698
2022-05-06,271.169698,110.84,379.5,108.33,3.661,101.708,622.96,2993.5,5600.79,33304.88,19267.75,903.58,1865.71,2050.58,16.5,13.9,16.3,13.5,17.7,20.4,17.2,12.9,14.5,15.6,13.1,14.5,12.6,16.1,15.4,14.2,11.3,13.5,17.2,15.5,20.4,14.4,19.7,28.6,23.0,15.0,15.4,17.7,13.8,16.2,6.2,11.4,29.0,9.3,4.5,11.2,1018.0,1018.6,1008.8,1019.9,1012.3,1008.4,1011.6,1019.8,1020.3,217.803802
2022-05-07,217.803802,,,,,,585.08,2385.67,4928.88,27489.46,14997.88,890.54,1804.5,1896.92,16.6,14.7,16.3,15.7,16.1,16.3,16.7,14.5,15.7,15.4,12.8,14.6,12.4,15.1,15.0,12.3,9.9,13.2,17.8,17.4,20.0,19.4,17.5,18.1,22.0,20.0,18.8,14.5,5.5,13.2,5.1,9.8,11.3,8.7,5.4,8.9,1015.5,1018.9,1011.8,1019.5,1011.7,1009.5,1012.0,1019.1,1019.0,208.854344
2022-05-08,208.854344,,,,,,515.88,2024.67,4392.96,23892.83,12717.42,899.67,1603.38,1738.88,16.4,16.1,16.1,17.4,16.2,16.7,17.4,15.0,18.2,15.7,13.0,13.0,13.7,14.8,15.0,12.8,11.6,14.8,17.2,21.0,22.9,20.7,18.6,18.7,23.0,21.0,22.3,12.2,7.7,9.6,5.7,11.8,13.7,11.2,4.9,14.5,1016.6,1019.2,1015.5,1019.8,1014.0,1013.0,1014.6,1020.4,1018.8,255.516117
2022-05-09,255.516117,104.6,377.0,100.1,3.5296,93.787,598.92,2767.58,5303.0,30503.71,17167.58,858.92,1786.33,2021.38,17.1,17.7,16.2,19.0,16.7,16.3,17.4,16.6,18.9,14.3,12.0,14.0,13.1,15.0,14.5,10.9,9.7,13.3,19.8,23.7,22.2,24.2,18.8,17.3,23.0,23.0,22.8,8.4,6.3,8.1,3.7,10.5,9.8,8.4,4.8,11.3,1020.6,1022.0,1019.8,1022.4,1018.9,1018.2,1019.3,1022.8,1021.8,237.162595
2022-05-10,237.162595,101.24,377.5,96.87,3.4349,98.801,570.0,3028.67,5536.38,33322.21,19352.12,962.33,1823.12,2049.58,18.3,19.6,16.9,20.6,17.0,17.2,18.6,18.3,19.7,15.1,12.9,10.4,14.1,14.2,15.3,10.9,9.8,14.0,21.3,25.7,23.0,26.7,19.1,19.0,26.0,26.0,24.2,10.2,7.0,10.4,4.0,7.4,14.5,8.1,5.5,7.5,1020.4,1021.2,1021.8,1021.3,1020.2,1020.5,1020.4,1021.4,1020.8,237.403592
2022-05-11,237.403592,106.1,385.0,102.2,3.5736,94.012,553.21,2958.38,5425.54,32751.29,19154.58,902.17,1749.5,2007.92,19.6,22.0,18.5,21.8,17.1,17.3,19.2,19.5,20.4,16.7,16.1,12.0,13.7,16.1,14.3,12.7,11.5,14.4,22.8,28.1,25.3,28.5,17.9,20.0,26.0,28.0,24.7,6.9,9.3,11.4,5.4,8.3,10.5,8.2,4.1,10.3,1020.9,1019.6,1022.5,1019.8,1021.5,1022.2,1020.7,1019.4,1019.4,228.399828
2022-05-12,228.399828,105.99,391.5,102.42,3.645,106.701,554.79,2783.67,5227.21,32246.25,18788.46,956.0,1853.62,2082.5,19.8,22.4,18.2,22.1,16.5,17.7,20.0,20.5,20.6,16.6,16.1,11.4,17.4,14.3,14.6,12.9,13.5,15.2,22.7,28.4,24.2,28.2,17.5,20.7,27.0,28.0,25.1,7.6,10.4,11.2,10.6,8.1,12.8,7.6,5.3,9.7,1022.0,1019.8,1023.5,1019.9,1023.1,1023.4,1022.2,1019.7,1019.4,252.248825
2022-05-13,252.248825,109.75,393.0,106.27,3.7848,96.881,507.0,2817.92,5428.08,32444.67,18981.79,911.04,1769.17,2029.67,20.8,22.0,18.4,21.9,17.1,18.7,20.1,20.5,20.5,16.4,15.5,10.7,16.7,15.4,15.0,13.0,14.4,15.9,24.3,28.0,25.2,27.5,18.5,22.2,28.0,26.0,24.5,6.6,8.9,9.2,9.3,8.2,12.2,7.0,4.8,9.8,1019.7,1018.6,1021.7,1018.7,1021.4,1021.8,1020.4,1018.6,1018.3,217.092257
2022-05-14,217.092257,,,,,,508.5,2243.38,4916.12,27218.38,15049.21,862.71,1707.71,1930.75,22.0,22.0,18.9,22.7,17.8,18.8,20.2,21.1,21.9,19.3,15.3,11.4,18.2,16.6,14.8,13.2,14.7,17.7,24.6,28.0,25.3,28.1,18.5,22.5,28.0,28.0,25.9,7.9,8.8,11.3,6.1,10.3,11.4,7.4,5.4,9.5,1017.7,1017.9,1019.8,1018.2,1019.6,1020.0,1018.7,1017.9,1017.7,217.559262
2022-05-15,217.559262,,,,,,513.29,2029.96,4469.42,23899.58,12646.79,831.5,1588.12,1820.5,21.8,22.9,19.1,23.8,17.5,20.1,19.5,21.2,22.3,19.5,16.8,11.6,17.6,15.3,15.6,13.6,16.0,16.6,24.3,28.3,25.0,29.2,18.7,25.8,26.0,28.0,26.5,7.9,8.3,10.7,4.9,7.4,12.3,6.8,6.5,8.4,1018.4,1017.6,1019.1,1017.9,1019.5,1019.1,1018.8,1018.1,1017.6,237.885671
2022-05-16,237.885671,112.11,402.5,108.91,3.8405,92.86,523.71,2697.0,5409.08,31630.5,18584.83,873.67,1730.5,1811.71,21.6,24.1,19.6,24.3,17.9,19.9,20.6,21.2,21.7,18.8,17.1,12.0,18.7,15.0,15.9,13.6,14.8,17.8,24.2,30.3,25.6,30.1,19.5,26.1,28.0,28.0,25.3,6.6,10.4,10.3,7.2,6.2,14.0,6.7,4.4,11.1,1019.2,1017.6,1020.3,1018.0,1020.0,1019.8,1019.6,1018.3,1017.8,236.825088
2022-05-17,236.825088,109.85,414.0,106.76,3.7763,94.175,535.33,2791.12,5652.75,33189.38,19674.12,878.75,1771.46,1885.83,22.4,23.0,20.5,23.9,18.9,19.2,21.6,21.8,21.2,20.1,16.4,14.6,16.4,17.9,14.8,14.5,14.1,17.1,24.7,29.9,25.0,30.8,19.5,23.5,29.0,30.0,24.8,6.9,6.9,11.7,4.3,9.2,12.1,7.8,5.0,8.0,1017.8,1017.5,1019.1,1017.7,1018.9,1019.1,1018.0,1017.8,1017.5,230.569891
2022-05-18,230.569891,106.93,412.0,104.07,3.5913,94.538,560.58,2963.88,5828.38,34025.38,19798.67,891.33,1791.71,2190.83,21.9,22.5,20.9,24.3,20.5,19.8,22.6,22.0,21.9,20.2,15.8,15.0,18.7,16.3,15.7,15.8,14.9,19.0,23.2,26.9,27.9,28.7,24.5,23.1,31.0,29.0,24.6,20.5,16.2,12.0,14.1,9.9,15.7,7.0,6.9,9.8,1018.0,1020.6,1018.8,1020.3,1018.1,1018.1,1018.0,1020.4,1021.6,247.439044
2022-05-19,247.439044,109.82,412.1,106.82,3.5138,91.024,610.17,2985.04,5558.62,33696.46,19681.88,946.92,1779.38,2134.46,21.0,21.0,21.3,23.8,20.3,21.2,21.8,21.8,20.5,19.2,14.6,14.3,19.9,16.9,18.7,15.3,17.7,16.6,23.3,27.0,27.1,28.0,23.3,23.3,29.0,27.0,22.7,21.4,9.6,11.4,10.9,13.1,17.5,9.8,7.3,9.7,1025.6,1026.0,1023.1,1025.8,1023.9,1022.2,1023.9,1026.0,1026.5,246.45743
2022-05-20,246.45743,107.32,417.25,107.17,3.5263,87.902,613.5,2932.79,5498.25,33466.38,19554.46,951.21,1823.75,2092.42,20.1,22.9,21.1,24.1,19.1,19.9,21.4,22.6,20.3,14.8,14.4,15.3,16.3,15.9,16.2,14.6,15.3,15.6,24.8,29.4,25.7,30.6,21.0,22.4,28.0,30.0,22.7,7.8,6.6,14.2,6.7,8.8,9.8,8.4,4.5,8.3,1026.4,1024.6,1026.3,1024.6,1027.0,1027.1,1026.5,1024.4,1025.0,213.1122
2022-05-21,213.1122,,,,,,560.54,2394.21,4857.12,28331.21,15916.5,891.38,1725.71,1985.75,22.6,24.6,20.3,25.1,19.6,19.4,21.0,23.5,21.5,18.0,18.6,13.9,19.5,18.3,15.8,14.0,16.2,16.0,26.4,30.8,26.3,31.9,20.6,22.6,28.0,31.0,26.7,6.1,8.8,10.1,9.8,8.9,12.5,6.6,5.3,7.8,1019.4,1017.8,1021.9,1017.8,1021.8,1022.2,1021.1,1018.0,1017.8,192.466742
2022-05-22,192.466742,,,,,,529.54,2361.75,5031.38,26924.17,14579.25,886.21,1630.71,1905.33,23.8,24.8,22.8,24.2,19.2,20.4,21.5,23.2,22.3,20.2,19.8,14.9,18.5,18.0,16.7,15.4,17.0,17.5,26.2,30.2,34.2,28.8,19.8,24.8,29.0,29.0,26.2,6.8,9.9,11.9,7.2,8.5,9.6,7.4,4.3,7.3,1013.3,1011.8,1014.6,1012.4,1015.4,1015.4,1014.5,1012.0,1012.0,221.405304
2022-05-23,221.405304,108.1,416.0,107.54,3.5284,83.288,590.75,2828.54,5565.25,33031.04,19556.29,1012.33,1723.08,1754.79,23.7,25.8,22.7,24.3,19.1,20.9,21.9,22.1,23.0,20.7,19.1,14.3,20.4,17.8,17.5,15.0,18.1,19.7,25.8,30.7,29.7,28.7,19.8,25.3,28.0,28.0,25.1,8.2,9.6,11.2,8.0,7.9,8.1,7.0,5.6,9.7,1010.3,1007.7,1010.3,1007.9,1012.1,1011.6,1010.9,1007.4,1008.3,227.690128
2022-05-24,227.690128,108.11,408.0,107.2,3.5331,84.507,633.71,3065.62,5621.21,34874.88,20400.12,994.92,1905.21,2254.08,24.9,24.1,23.2,22.1,20.4,22.8,23.6,20.6,22.7,20.6,16.7,16.5,17.7,17.6,19.2,18.6,16.9,20.3,32.8,28.9,31.3,28.1,22.7,26.7,29.0,26.0,25.1,14.4,9.8,13.8,7.3,8.0,6.9,13.4,5.3,18.0,1009.2,1006.0,1008.4,1006.0,1010.9,1010.1,1008.9,1006.5,1006.3,214.647901
2022-05-25,214.647901,108.68,400.0,107.75,3.5793,88.078,651.21,3072.12,6315.58,35760.58,20881.04,963.75,1930.92,1945.96,24.7,22.7,22.8,21.6,22.5,25.0,23.3,19.2,21.9,20.3,16.7,19.0,17.7,19.0,21.1,17.2,15.7,17.1,32.9,28.4,27.3,25.8,26.1,35.0,30.0,24.0,25.9,14.4,6.3,9.9,5.7,6.0,13.6,7.1,4.7,12.5,1012.8,1011.8,1011.5,1012.4,1013.5,1011.9,1012.3,1013.2,1011.9,222.663679
2022-05-26,222.663679,111.55,403.0,111.25,3.6515,85.971,629.5,3018.0,6107.88,35775.04,21378.12,984.5,1824.29,1832.75,23.9,22.4,22.4,23.3,23.0,23.6,25.0,21.4,22.7,19.5,18.4,19.4,15.6,20.4,20.6,18.7,15.0,19.3,26.1,26.8,28.5,29.4,25.3,28.7,32.7,27.0,26.1,9.8,5.9,12.3,6.9,8.4,12.2,7.1,4.8,8.7,1017.9,1019.1,1015.7,1019.3,1016.6,1015.6,1016.2,1019.3,1019.3,244.50317
2022-05-27,244.50317,112.7,406.65,112.23,3.7558,86.875,626.29,3108.96,6199.83,35670.38,20620.79,999.0,1924.54,2190.96,23.4,24.6,21.4,25.1,24.5,21.5,27.4,23.4,23.1,21.3,19.2,17.0,18.6,21.7,20.1,20.9,15.9,18.6,26.2,30.2,26.2,31.5,30.3,23.1,34.1,31.0,27.2,7.8,5.8,11.3,5.0,8.2,8.4,7.7,4.7,7.1,1017.3,1016.5,1012.2,1016.8,1013.5,1012.8,1013.7,1016.9,1016.5,202.213525
2022-05-28,202.213525,,,,,,573.67,2464.42,5237.46,29228.67,16266.54,951.67,1779.79,1955.12,23.6,22.0,22.1,23.3,21.8,20.6,25.0,22.8,20.2,21.9,18.1,17.8,17.0,19.5,18.9,18.9,15.2,14.9,25.4,28.2,32.2,30.9,23.2,23.1,33.0,31.0,23.7,13.2,11.5,15.1,13.4,10.0,15.6,7.6,7.2,21.6,1008.4,1008.9,1007.2,1008.3,1007.1,1007.5,1006.6,1008.8,1010.3,187.76832
2022-05-29,187.76832,,,,,,532.54,2230.46,4943.92,25670.58,13679.75,877.96,1659.08,1746.88,23.2,15.1,23.8,16.8,21.1,21.9,22.8,15.8,16.2,19.8,13.8,17.7,14.1,19.6,17.5,18.4,13.0,13.4,25.7,16.7,30.5,20.6,22.2,25.9,27.0,18.0,18.3,9.7,8.9,18.8,14.4,11.7,18.5,9.4,9.9,21.0,1004.3,1007.9,1006.5,1008.0,1004.8,1006.5,1003.8,1008.0,1008.2,225.528063
2022-05-30,225.528063,114.51,401.0,117.24,4.0378,87.987,639.83,3062.62,6055.04,34575.17,19903.21,947.71,1946.38,2020.38,23.4,17.0,22.8,17.4,21.8,26.6,23.5,16.2,15.7,19.7,13.4,14.6,13.4,20.6,21.9,18.0,13.5,12.1,27.6,20.9,31.5,21.1,22.7,34.3,29.0,19.5,18.5,15.5,4.3,9.1,8.2,21.3,23.9,11.1,6.8,11.9,1010.2,1010.3,1008.9,1010.3,1010.1,1010.1,1008.9,1009.8,1010.5,233.57787
2022-05-31,233.57787,112.58,427.0,111.91,3.7455,94.004,667.88,3062.17,5866.08,35367.25,20884.33,994.12,1944.17,1948.5,23.7,20.0,23.2,20.4,22.4,23.2,23.8,18.3,19.5,20.6,15.9,17.6,17.1,19.6,20.0,19.7,14.1,15.3,25.9,25.4,30.4,24.6,24.4,25.6,30.0,22.0,22.8,10.8,7.0,11.4,5.9,11.9,11.6,10.4,3.6,9.5,1013.9,1014.1,1013.2,1014.4,1014.1,1014.2,1012.9,1014.1,1014.4,241.570426
2022-06-01,241.570426,113.56,412.0,112.72,3.8712,85.551,649.42,2939.71,5794.46,34189.92,19692.38,956.08,2086.71,2071.17,23.7,22.3,22.7,22.8,21.7,23.4,23.5,20.1,21.5,21.0,16.9,16.7,16.4,19.6,20.0,17.0,12.9,17.6,26.4,27.7,29.2,28.6,23.0,29.6,31.0,26.0,24.0,8.5,8.0,13.6,4.3,7.0,9.8,6.9,4.7,8.8,1015.4,1014.8,1015.1,1014.9,1015.5,1015.2,1015.4,1014.9,1014.9,213.495357
2022-06-02,213.495357,115.03,412.5,114.3,3.9726,83.945,613.83,2460.5,5056.58,26823.21,14231.79,977.42,1706.17,1776.92,25.4,24.1,25.3,24.7,22.5,24.8,25.0,22.3,22.7,21.3,18.2,19.7,19.0,20.1,20.5,18.1,15.0,18.6,28.3,30.1,30.3,30.2,24.3,33.0,36.0,30.0,26.3,6.1,7.5,15.6,5.6,5.5,12.1,6.8,5.2,7.6,1016.8,1016.0,1015.1,1016.2,1016.3,1015.4,1016.2,1016.2,1016.3,266.92962
2022-06-03,266.92962,117.03,412.5,116.23,4.0278,83.101,639.33,2780.92,5833.96,29704.08,15555.12,1042.33,1790.5,2061.92,27.0,22.7,26.0,22.7,24.1,24.9,26.0,20.6,22.9,23.1,18.2,23.0,19.6,22.4,19.9,19.1,18.6,19.1,29.6,25.5,30.8,25.5,26.2,29.6,33.0,23.0,27.0,7.9,5.0,14.7,8.3,6.8,7.8,7.5,4.4,8.1,1017.7,1017.9,1014.8,1018.3,1017.3,1017.1,1016.9,1018.0,1018.0,209.735401
2022-06-04,209.735401,,,,,,653.58,2546.96,5640.29,29433.71,15590.67,1019.54,1904.54,2078.12,27.1,24.2,24.8,23.9,24.4,25.3,26.7,22.7,22.9,24.9,19.4,20.0,16.0,22.8,22.3,20.2,16.7,18.8,29.6,29.6,30.5,30.9,25.8,32.6,34.0,29.0,26.6,7.1,5.8,13.9,3.8,6.6,11.0,6.3,5.0,7.9,1017.7,1017.7,1015.5,1018.1,1017.8,1017.7,1017.5,1018.1,1017.3,202.335
2022-06-05,202.335,,,,,,603.67,2233.42,5100.08,25009.58,12603.88,949.29,1737.12,1782.12,27.3,26.0,26.6,24.6,24.8,25.0,25.9,24.0,24.7,24.8,20.5,19.7,19.2,22.9,22.9,21.0,18.9,21.2,29.7,31.8,38.1,30.5,26.6,31.8,33.0,30.0,29.0,8.6,6.6,15.3,6.9,9.0,9.5,9.0,7.4,9.9,1016.5,1014.3,1016.4,1014.8,1017.2,1017.4,1016.8,1014.8,1014.8,247.526817
2022-06-06,247.526817,116.97,415.25,116.06,3.9904,82.558,707.5,3185.58,6795.17,34063.67,18670.71,1043.17,1943.0,1718.54,28.2,25.0,26.6,24.3,24.1,23.8,27.2,23.3,24.1,26.7,19.3,19.9,16.2,22.7,22.1,19.8,14.6,17.2,30.3,30.6,35.2,30.3,25.2,25.2,35.0,30.0,28.7,12.3,9.3,17.5,6.3,10.1,9.6,8.5,5.4,8.2,1013.9,1014.5,1016.6,1014.7,1014.7,1016.3,1014.4,1014.7,1014.6,229.691804
2022-06-07,229.691804,118.14,403.0,114.54,3.9788,79.608,740.54,3376.92,6527.75,35936.5,20133.0,1074.62,1926.04,2157.62,27.2,22.3,26.1,23.3,23.5,25.0,26.0,22.8,22.0,25.1,19.0,18.8,19.6,22.1,21.3,19.3,17.4,18.5,29.1,27.3,34.5,27.6,24.4,29.2,33.0,27.0,27.7,11.5,8.9,20.2,9.2,13.1,15.3,8.2,8.5,10.5,1011.3,1011.3,1014.3,1011.9,1012.3,1013.7,1011.7,1011.7,1011.2,196.82441
2022-06-08,196.82441,120.89,395.4,117.15,4.0425,79.407,780.92,3123.54,6564.25,36914.33,20659.29,1040.5,2260.67,2485.17,25.3,22.0,24.8,21.5,23.6,24.3,24.5,20.4,21.6,21.9,16.5,19.0,15.6,22.2,20.6,19.1,13.2,16.2,27.9,26.8,33.4,27.0,24.3,27.1,31.0,26.0,25.3,14.2,11.4,18.4,7.0,12.3,8.7,9.1,5.7,9.0,1009.4,1009.1,1012.5,1009.4,1009.8,1012.0,1008.9,1009.4,1009.3,211.384092
2022-06-09,211.384092,120.3,396.0,116.49,4.0839,84.88,810.42,3442.71,6711.12,36998.21,20056.79,1053.96,2313.29,2609.92,22.8,20.0,23.0,22.3,21.5,23.5,21.1,21.6,18.9,18.9,16.5,19.5,15.9,18.1,22.8,19.0,13.5,16.7,26.3,23.8,28.1,28.9,23.4,25.0,25.0,29.0,21.4,11.3,8.6,28.3,10.6,13.2,24.3,9.0,11.4,11.9,1006.1,1008.3,1011.3,1008.3,1006.0,1009.1,1005.6,1008.8,1007.7,203.564772
2022-06-10,203.564772,119.02,392.35,115.34,3.9976,82.464,769.88,2960.92,6323.96,35204.21,19737.92,1076.46,2057.33,2277.75,21.6,22.2,23.3,24.4,22.0,22.9,23.3,21.1,22.6,17.4,17.9,17.8,17.9,18.1,22.4,18.6,11.0,17.3,25.2,27.8,31.7,30.5,25.7,23.5,28.0,30.0,29.1,23.1,8.7,17.0,7.6,12.8,24.5,24.1,6.0,6.2,1006.7,1015.1,1013.6,1015.4,1007.4,1010.0,1009.2,1016.3,1014.3,189.324977
2022-06-11,189.324977,,,,,,725.38,2349.5,5316.58,29240.58,15621.71,965.83,1998.71,2262.88,24.1,23.3,23.4,24.3,23.8,23.7,25.9,23.4,24.1,22.8,15.8,16.4,14.9,19.7,22.3,18.5,15.2,18.2,25.2,29.0,30.9,30.8,26.9,25.7,33.0,32.0,28.1,37.0,6.4,12.4,6.4,15.0,8.0,15.7,6.4,6.9,1013.0,1019.1,1018.0,1018.9,1014.2,1015.7,1014.7,1018.8,1018.8,165.602925
2022-06-12,165.602925,,,,,,667.5,2503.62,5017.0,26302.08,13637.46,942.33,1724.75,1809.42,23.9,25.2,24.8,26.0,24.4,23.1,26.4,24.9,24.5,21.9,18.5,17.5,18.3,21.5,20.3,18.4,17.6,19.1,25.2,31.1,34.4,32.2,27.1,24.8,34.0,33.0,28.2,30.3,10.1,14.3,6.2,14.1,8.3,13.9,6.9,9.3,1015.8,1019.4,1019.0,1019.4,1016.2,1017.3,1016.4,1019.2,1019.3,210.104945
2022-06-13,210.104945,119.07,390.35,115.31,3.8929,83.402,713.96,3370.92,6188.12,34811.08,19570.5,1024.75,1934.29,2008.54,24.5,25.9,26.5,27.3,23.6,23.4,24.9,26.2,24.0,21.9,19.8,16.6,20.3,19.6,20.3,17.0,19.1,19.1,26.8,32.4,35.5,33.6,26.1,25.5,32.0,33.0,27.3,14.5,7.8,17.0,5.8,9.5,7.4,9.6,6.6,8.7,1015.0,1014.8,1016.8,1014.9,1014.9,1016.3,1015.0,1014.9,1015.5,218.380347
2022-06-14,218.380347,117.78,383.0,113.48,3.8419,97.04,752.38,3404.21,6336.0,36645.96,21142.29,1028.12,1911.79,2071.17,25.0,24.4,25.4,26.6,23.2,24.3,24.9,25.3,23.6,22.0,18.9,20.0,21.2,21.2,19.1,18.7,19.6,19.5,27.5,29.2,32.2,30.5,24.7,29.3,32.2,31.0,26.4,10.2,11.6,13.8,10.4,6.5,14.3,7.1,8.0,13.6,1015.9,1016.8,1015.8,1016.9,1015.6,1015.6,1015.4,1017.0,1017.6,249.953497
2022-06-15,249.953497,115.47,386.35,110.75,3.7705,120.332,749.38,3494.54,6640.17,37800.75,21611.88,1053.38,1982.25,2269.17,24.9,24.7,25.2,26.8,23.6,24.7,25.2,24.7,23.5,22.5,17.9,18.8,22.0,20.9,21.8,18.7,20.2,18.8,27.0,32.1,31.2,31.7,25.4,27.7,32.0,30.0,26.8,10.2,6.7,9.1,7.4,8.5,11.9,7.8,6.7,8.7,1018.3,1017.7,1017.6,1017.9,1017.6,1017.6,1017.5,1018.1,1018.4,276.738912
2022-06-16,276.738912,117.0,395.0,112.7,3.6857,124.364,735.38,3323.12,6611.25,37971.71,22178.5,1092.33,2038.88,1992.25,25.1,27.1,26.1,27.8,23.6,24.6,26.1,27.0,24.2,20.6,19.9,19.9,20.6,22.4,20.8,19.4,19.8,19.1,28.8,34.1,34.2,33.9,24.2,28.0,34.0,35.0,28.1,8.4,7.5,10.0,5.9,8.6,14.0,8.3,5.8,8.3,1017.7,1016.4,1017.5,1016.5,1017.5,1017.6,1017.0,1016.5,1016.8,327.488234
2022-06-17,327.488234,110.39,389.35,105.78,3.5237,117.738,785.96,3368.79,6779.67,37403.71,21319.71,1054.25,2097.42,1997.92,26.0,26.9,25.9,28.6,23.6,25.0,25.8,27.3,25.6,22.8,20.7,19.0,21.7,21.9,21.8,19.8,19.4,20.5,29.1,33.0,33.8,33.5,25.4,27.6,34.0,34.0,29.8,8.2,8.7,12.1,6.5,8.3,13.4,7.9,6.7,9.5,1017.5,1018.0,1017.3,1018.2,1017.6,1017.5,1017.2,1018.3,1018.5,294.756018
2022-06-18,294.756018,,,,,,704.25,2609.25,6020.5,31874.25,17504.75,1095.58,2022.21,1917.71,25.1,26.0,26.8,28.4,25.4,25.2,26.9,27.4,25.4,23.5,19.9,20.0,23.7,21.5,23.8,19.9,22.5,20.9,27.1,31.2,33.6,32.6,28.8,26.8,34.0,32.0,29.8,18.5,10.8,12.2,11.0,16.0,19.5,12.1,7.9,10.1,1017.9,1020.1,1017.0,1020.1,1017.1,1015.9,1017.1,1019.8,1020.7,256.375833
2022-06-19,256.375833,,,,,,642.04,2427.54,5312.5,28062.08,14591.75,980.92,1899.25,2208.08,25.0,26.5,24.9,28.4,23.8,24.9,25.4,27.3,25.1,21.6,19.9,17.5,22.9,20.5,22.3,18.8,23.1,20.1,27.9,32.4,30.4,33.1,25.8,27.0,32.0,33.0,29.4,13.6,13.9,12.9,8.7,10.4,12.5,8.4,6.7,10.0,1016.8,1015.7,1015.1,1015.8,1016.0,1015.6,1015.8,1015.6,1016.2,308.88631
2022-06-20,308.88631,108.88,392.75,110.18,3.847,120.627,829.46,3186.42,6558.5,38670.08,22802.29,1089.83,2054.5,2149.08,25.4,27.8,24.6,27.8,23.7,24.9,25.3,26.9,24.5,22.2,19.1,19.4,20.9,22.3,21.2,18.6,20.1,19.4,27.4,35.3,28.3,33.8,24.6,28.5,32.0,34.0,28.2,9.4,10.6,13.0,6.8,9.0,11.0,8.9,7.1,11.4,1014.7,1012.0,1015.0,1012.4,1015.8,1016.0,1015.2,1012.1,1012.2,342.524728
2022-06-21,342.524728,109.19,390.0,107.34,3.5413,125.56,763.0,3611.08,6940.17,40533.62,23678.42,1148.96,2171.38,2220.62,26.9,29.2,25.6,27.6,23.4,25.4,25.5,26.1,25.8,24.1,20.9,19.6,24.2,21.7,21.8,18.8,20.5,21.3,29.5,35.1,28.7,32.9,24.5,29.2,34.0,32.0,29.0,8.2,10.7,13.6,8.8,8.7,11.1,7.0,5.5,11.5,1013.8,1011.6,1014.1,1012.0,1015.8,1015.9,1015.1,1012.0,1011.6,368.065423
2022-06-22,368.065423,106.15,392.0,103.99,3.5612,127.171,893.42,3608.83,7136.29,41734.96,23746.38,1175.92,2502.96,2671.17,27.0,26.7,28.0,25.1,23.6,26.4,26.6,22.5,25.1,24.7,20.8,19.6,21.4,21.6,22.8,19.7,20.0,21.2,29.1,31.1,36.0,28.9,24.9,30.1,34.0,25.0,27.8,11.0,6.4,9.3,6.3,7.2,9.1,8.4,6.4,8.7,1012.6,1011.5,1011.4,1012.1,1014.0,1013.9,1013.1,1012.1,1011.7,363.663407
2022-06-23,363.663407,103.69,395.0,101.58,3.5,133.347,802.88,3499.0,6884.79,41928.17,24613.38,1166.83,2277.88,2683.42,28.4,26.5,28.1,25.2,24.4,26.8,26.3,22.5,26.0,27.2,21.4,24.3,19.2,22.6,24.0,21.0,17.4,20.5,29.7,31.2,34.3,29.8,25.6,29.9,33.0,27.0,29.9,9.4,6.7,16.8,6.8,7.6,10.7,7.5,5.3,9.2,1013.0,1012.7,1014.3,1012.7,1014.4,1014.7,1014.1,1012.8,1011.8,318.342158
2022-06-24,318.342158,106.09,397.0,104.45,3.6048,128.505,873.88,3587.88,6899.54,39470.38,22208.04,1214.25,2240.08,2446.71,28.6,27.8,27.5,24.3,24.6,26.7,26.3,22.0,25.2,26.5,20.6,22.2,19.0,23.5,23.3,21.5,17.6,19.7,31.5,33.3,34.9,29.6,25.7,30.0,32.0,27.0,30.2,9.5,10.1,10.7,9.0,7.6,13.4,7.5,8.8,12.6,1013.2,1010.9,1014.5,1010.9,1014.1,1014.3,1013.8,1010.7,1010.5,305.1475
2022-06-25,305.1475,,,,,,816.75,2821.5,6004.17,32730.12,17413.25,1140.92,2231.54,2302.0,28.7,26.7,27.9,24.2,24.8,28.1,25.8,22.7,25.7,26.6,20.2,22.9,16.9,23.3,23.4,21.0,15.9,19.3,30.9,32.6,33.3,30.2,25.7,37.4,33.0,30.0,30.8,10.5,6.6,14.1,6.0,8.0,13.0,8.4,5.2,11.9,1013.8,1012.3,1013.5,1012.8,1014.7,1013.6,1014.5,1012.8,1011.6,286.14861
2022-06-26,286.14861,,,,,,693.33,2308.92,5350.83,28406.96,14646.92,1117.79,2138.58,2150.58,27.3,27.4,27.4,26.9,26.1,28.8,28.6,23.5,25.8,25.2,21.0,22.5,19.3,23.4,23.9,20.7,17.4,21.1,30.1,34.0,33.6,32.2,28.7,37.0,36.5,29.0,28.9,9.8,12.4,14.8,6.3,7.6,9.2,9.9,6.9,11.9,1015.8,1014.1,1011.1,1014.5,1014.4,1013.4,1014.0,1014.5,1014.4,347.720067
2022-06-27,347.720067,107.88,392.45,106.38,3.5927,129.459,826.62,3346.75,6799.83,38739.79,21596.12,1182.38,2390.83,2597.25,28.0,27.7,27.6,28.4,27.5,31.8,30.6,25.0,26.8,26.0,19.4,26.0,20.7,25.1,26.7,21.8,18.7,21.1,29.6,35.1,32.6,33.8,29.9,37.9,40.0,31.0,30.3,12.7,9.4,13.3,7.7,6.7,12.3,10.7,6.8,10.8,1015.8,1013.6,1011.5,1014.5,1015.1,1014.1,1014.0,1015.0,1014.9,386.459627
2022-06-28,386.459627,110.78,393.5,108.89,3.6914,129.176,861.5,3464.92,7176.54,40949.54,23005.54,1218.21,2486.17,2736.67,29.2,25.5,27.0,26.2,27.5,29.4,29.6,21.3,26.5,27.1,21.6,23.3,22.3,25.5,25.9,24.4,17.7,22.1,31.7,28.7,33.0,29.9,31.5,35.0,39.0,25.0,30.7,10.2,6.6,19.1,8.2,8.7,15.0,12.1,6.9,12.5,1013.5,1013.2,1013.2,1013.7,1013.9,1014.2,1013.1,1014.6,1013.3,335.947094
2022-06-29,335.947094,109.26,380.0,107.01,3.5818,139.588,855.12,3443.83,6897.54,39870.21,22333.67,1154.08,2478.08,2707.88,29.2,26.8,25.4,25.6,25.6,26.6,27.2,23.7,25.5,26.2,21.0,19.9,20.4,24.0,25.1,21.7,16.6,23.4,33.8,32.3,34.1,32.0,26.9,28.3,33.0,32.0,28.2,13.0,12.1,14.5,8.4,7.8,17.6,9.3,6.7,12.4,1010.7,1010.9,1014.1,1011.5,1012.6,1013.1,1012.1,1011.8,1010.1,364.651998
2022-06-30,364.651998,105.59,385.95,103.1,3.4019,144.514,935.54,3483.79,7285.54,42008.17,23287.54,1242.33,2655.25,3118.17,28.1,28.1,25.4,26.7,25.2,27.5,27.8,24.1,25.6,26.0,20.6,18.9,20.4,23.1,25.3,21.3,18.3,21.0,30.5,35.3,30.6,31.6,26.8,30.7,34.0,31.0,29.4,10.4,8.8,14.7,5.9,7.9,18.0,7.2,7.0,8.6,1012.3,1011.4,1011.8,1012.0,1012.3,1011.5,1011.9,1012.3,1011.6,370.683085
2022-07-01,370.683085,107.8,388.0,105.39,3.5312,147.784,845.88,3318.0,6917.5,38860.79,21480.75,1171.25,2529.08,2598.33,28.3,28.1,28.4,27.2,26.0,27.7,27.2,24.2,26.4,25.8,20.4,25.8,23.0,23.2,24.3,20.5,19.2,22.3,31.2,34.8,38.8,31.4,28.1,31.7,35.0,30.0,28.8,12.0,7.6,10.8,7.1,9.0,9.6,8.6,5.1,10.2,1013.7,1012.2,1013.0,1012.7,1013.9,1013.5,1013.6,1013.3,1012.7,355.80125
2022-07-02,355.80125,,,,,,817.25,2732.67,6273.83,33278.25,17227.62,1125.5,2389.25,2712.12,29.3,27.7,26.2,27.7,26.7,27.4,28.4,25.5,27.1,27.6,19.5,21.0,19.9,23.7,25.7,19.9,18.2,20.8,31.2,34.7,31.5,33.8,28.9,28.7,36.0,32.0,31.7,11.1,7.4,12.5,5.3,9.6,15.8,8.3,5.4,11.2,1015.4,1017.2,1017.0,1017.6,1015.4,1016.0,1015.4,1018.1,1016.9,373.084709
2022-07-03,373.084709,,,,,,829.96,2461.62,5773.29,30519.38,15227.96,1095.0,2426.38,2705.17,28.7,29.8,27.2,29.0,27.0,26.7,30.1,27.2,27.9,25.9,23.2,20.9,21.4,25.0,24.6,22.3,19.5,22.7,32.2,36.2,33.3,35.6,28.6,28.5,38.0,34.0,32.6,9.5,7.0,10.5,4.4,8.5,20.8,8.3,4.7,8.4,1016.2,1016.3,1016.9,1016.7,1015.3,1016.1,1015.1,1017.3,1016.4,390.596198
2022-07-04,390.596198,109.46,396.45,,3.6613,162.94,907.46,3496.17,7033.21,40637.12,22618.12,1252.75,2491.42,2838.0,29.2,28.4,27.8,27.5,26.6,26.9,30.4,26.0,29.2,26.5,22.5,20.5,21.5,24.5,23.8,23.6,21.1,22.8,31.9,35.7,33.3,33.9,27.8,29.4,38.0,31.0,34.9,9.5,8.7,11.3,8.7,7.8,13.0,9.4,6.2,10.5,1014.8,1014.8,1015.6,1015.6,1014.8,1015.3,1014.0,1015.8,1014.6,418.680273
2022-07-05,418.680273,98.99,397.6,96.52,3.1906,165.073,906.54,3371.04,6978.12,42029.38,23784.0,1219.46,2626.42,3143.79,29.2,27.3,31.2,27.3,27.1,27.2,29.2,26.4,26.8,25.8,20.1,23.0,20.3,25.5,24.2,22.6,18.7,21.5,31.5,34.3,40.6,34.2,29.0,30.2,36.0,34.0,32.3,11.2,9.7,14.8,7.7,10.5,8.0,8.4,5.5,11.2,1013.7,1014.3,1015.2,1014.4,1014.7,1015.8,1013.8,1014.7,1013.8,428.80405
2022-07-06,428.80405,97.09,399.7,94.98,3.0905,170.999,917.62,3482.54,7467.71,41988.21,23040.54,1258.21,2722.42,3099.17,28.6,26.7,30.4,27.5,27.3,27.6,29.0,25.7,26.6,26.3,22.3,24.0,22.7,24.8,24.6,22.4,20.6,20.8,31.0,31.3,39.7,31.5,29.5,30.2,36.0,32.0,31.2,14.9,10.8,18.4,10.2,7.9,10.0,9.2,7.5,11.0,1014.6,1016.4,1015.5,1016.8,1014.5,1015.6,1013.9,1017.3,1016.9,412.902011
2022-07-07,412.902011,100.98,410.0,99.25,3.2459,183.183,937.79,3447.54,7674.21,42437.54,23316.46,1232.79,2698.79,3129.96,28.3,25.8,28.1,28.1,26.5,28.4,27.7,25.4,24.0,26.0,19.6,23.0,23.2,24.9,25.2,22.4,19.5,20.8,31.2,33.0,36.4,33.0,27.6,33.0,34.0,32.0,27.2,14.5,9.9,22.6,12.0,8.8,10.0,8.8,6.7,14.4,1014.8,1015.4,1015.6,1015.7,1014.3,1014.5,1013.7,1016.4,1016.3,422.058887
2022-07-08,422.058887,103.46,412.0,101.53,3.2824,175.212,930.67,3415.46,6854.12,40859.46,22870.67,1271.38,2607.04,2910.12,23.7,23.6,26.4,25.9,25.3,27.3,25.4,25.9,23.3,19.7,17.0,21.0,18.8,21.1,25.1,19.6,18.0,17.3,26.3,29.3,33.4,31.4,29.1,28.4,31.0,32.0,27.8,25.0,8.8,18.0,9.5,18.3,15.4,19.4,6.3,9.5,1013.3,1019.6,1016.6,1019.6,1013.7,1014.5,1015.0,1019.7,1019.5,369.90245
2022-07-09,369.90245,,,,,,864.12,2649.17,5939.0,32864.0,17383.71,1165.42,2439.04,2423.54,25.3,24.1,26.2,25.8,24.9,26.6,26.0,25.1,24.9,24.4,18.2,21.0,19.1,21.3,24.9,18.9,20.2,21.3,26.1,28.8,33.8,30.2,28.7,27.7,33.0,31.0,27.3,40.6,13.8,14.1,11.0,18.3,17.6,18.9,6.8,11.7,1016.0,1020.8,1018.9,1020.4,1016.5,1016.7,1017.0,1019.9,1021.1,323.98326
2022-07-10,323.98326,,,,,,801.67,2461.04,5748.79,30785.25,15947.58,1089.92,2227.67,2508.58,24.6,26.0,26.1,26.4,25.0,26.3,24.8,25.5,24.4,21.2,18.3,19.0,19.8,21.4,25.3,18.0,19.1,19.1,27.1,32.8,32.5,32.0,29.2,27.4,31.0,31.0,28.5,23.5,8.4,13.2,8.5,14.6,13.0,12.4,6.8,11.8,1015.2,1016.1,1015.9,1016.2,1014.8,1015.1,1015.2,1016.3,1016.4,414.329602
2022-07-11,414.329602,103.65,419.0,101.21,3.3103,164.52,794.83,3241.25,6213.0,36801.08,20626.0,1156.62,2427.08,2342.29,25.2,25.2,25.4,26.8,25.1,26.8,25.7,25.9,23.7,22.3,18.3,19.7,21.7,21.1,24.5,19.6,21.4,20.1,27.5,31.0,29.5,30.8,28.3,28.6,33.0,31.0,26.4,15.7,12.7,11.8,10.3,12.7,19.1,8.9,7.9,12.4,1017.1,1016.7,1016.8,1016.9,1016.6,1016.2,1016.6,1016.8,1018.1,435.05625
2022-07-12,435.05625,96.12,426.0,93.31,3.1185,172.609,829.17,3438.04,6428.33,38643.29,21770.21,1175.58,2540.0,2461.96,25.8,25.5,25.9,26.6,25.2,26.1,26.2,25.3,24.7,23.2,19.3,19.0,22.2,22.6,22.9,20.5,20.8,20.7,27.7,30.5,30.8,30.7,27.0,28.3,33.0,31.0,27.6,11.5,12.4,10.1,11.0,9.1,9.0,8.8,8.2,10.2,1019.8,1019.2,1019.0,1019.5,1019.1,1019.9,1019.1,1019.2,1020.2,438.856543
2022-07-13,438.856543,96.29,432.0,91.36,3.0806,180.505,848.5,3358.04,6194.88,37369.42,20884.71,1204.21,2468.42,2410.67,24.6,26.0,25.9,26.8,25.4,26.7,26.4,26.2,24.9,21.3,18.8,18.9,21.8,21.8,23.2,20.7,21.8,19.9,27.4,32.5,32.1,31.7,27.5,29.3,32.0,31.0,29.2,18.7,9.3,12.5,9.8,11.3,16.9,9.3,7.4,10.2,1021.0,1021.9,1019.6,1022.2,1020.0,1019.6,1020.0,1021.8,1022.2,446.146449
2022-07-14,446.146449,95.31,415.0,90.15,3.0172,175.033,906.96,3495.08,6813.83,38594.5,21902.04,1146.42,2262.58,2067.58,25.1,27.8,26.7,28.1,24.9,26.4,26.2,27.5,25.7,21.3,19.8,21.0,20.9,20.8,23.7,19.6,22.7,20.5,27.3,34.9,31.1,34.3,27.3,28.7,33.0,34.0,29.6,13.1,9.8,10.3,4.9,11.0,16.3,8.4,5.9,7.6,1019.6,1018.6,1019.2,1018.9,1019.0,1018.8,1018.9,1018.8,1019.0,438.609221
2022-07-15,438.609221,97.15,410.0,91.74,3.0541,159.567,953.58,3558.79,7128.04,38837.17,21483.96,1159.12,2362.29,2191.38,26.8,29.9,27.4,29.6,24.8,26.1,27.6,28.3,26.1,22.1,22.0,21.9,23.9,23.5,23.4,20.6,20.9,20.4,30.4,36.8,32.3,35.8,26.2,28.2,35.0,36.0,30.1,6.7,10.9,12.2,8.1,9.0,14.9,8.9,5.2,7.4,1014.8,1012.8,1015.3,1013.2,1015.0,1015.5,1014.3,1013.2,1013.6,425.149166
2022-07-16,425.149166,,,,,,771.29,2824.67,5534.29,31931.46,17169.33,1241.46,2116.58,2273.83,28.0,28.4,27.6,28.6,25.3,26.4,28.1,27.9,26.7,23.9,20.9,20.7,23.9,23.8,22.3,20.9,22.2,21.6,31.0,34.7,33.0,33.6,27.0,29.0,35.0,34.0,31.2,10.7,7.6,12.0,7.7,8.4,16.6,7.8,6.8,12.2,1015.2,1014.5,1015.4,1015.2,1015.8,1015.7,1015.4,1015.1,1015.2,362.33786
2022-07-17,362.33786,,,,,,670.46,2462.83,4863.08,27587.42,14535.46,1158.21,1900.42,1996.96,28.3,27.7,26.9,29.0,26.3,27.0,28.7,27.8,27.2,25.8,22.3,20.9,24.1,24.5,23.4,21.3,22.8,23.8,31.7,32.9,32.0,33.5,28.6,30.1,36.0,33.0,30.9,8.2,11.7,12.0,10.2,7.3,13.9,8.1,6.2,13.7,1017.9,1019.2,1017.2,1019.4,1017.3,1017.0,1017.3,1019.3,1019.9,462.879979
2022-07-18,462.879979,101.86,396.05,96.36,3.1204,157.258,785.79,3387.88,6523.12,39154.29,22762.08,1229.29,2084.33,2381.79,27.6,27.4,27.7,29.1,27.2,26.8,29.6,28.8,26.7,25.7,20.0,23.8,25.1,25.7,23.9,23.1,23.9,21.6,30.0,33.6,30.0,32.9,29.5,30.3,37.0,34.0,30.7,11.9,11.1,12.5,10.1,9.5,12.0,8.1,6.6,10.5,1019.2,1020.8,1017.7,1021.0,1017.8,1017.5,1017.8,1020.6,1021.2,495.630717
2022-07-19,495.630717,102.88,399.0,97.45,3.1689,154.457,879.42,3587.54,6779.25,41296.75,24071.42,1261.5,2152.79,2564.83,27.1,27.8,27.9,29.4,27.3,27.2,28.9,29.2,27.5,23.7,20.1,20.8,22.6,25.2,24.2,23.1,23.5,21.6,30.4,34.3,33.0,33.8,29.3,29.3,36.0,34.0,32.7,11.0,9.6,12.5,8.2,10.2,8.0,8.3,6.6,9.4,1018.7,1019.5,1016.6,1019.8,1017.0,1017.0,1017.0,1019.6,1019.7,540.2572
2022-07-20,540.2572,102.37,408.6,96.88,3.1356,155.038,1039.29,3705.21,7281.62,43652.21,24747.42,1293.21,2614.38,2971.08,26.7,28.6,27.7,30.2,26.7,27.4,28.7,28.5,27.5,22.6,21.6,20.2,22.8,24.4,24.4,22.8,23.9,21.0,29.8,35.8,33.6,35.0,28.2,29.7,35.0,34.0,32.3,10.3,9.0,11.3,7.7,9.0,12.8,7.9,6.8,8.8,1018.7,1018.2,1016.8,1018.4,1017.3,1017.0,1017.0,1018.6,1018.4,547.936826
2022-07-21,547.936826,96.97,403.4,93.78,2.9979,155.6,988.79,3636.04,7230.62,43216.71,24423.58,1310.96,2659.79,2966.92,27.6,29.2,28.7,30.6,26.1,27.6,29.0,29.1,27.5,22.5,21.3,21.6,25.5,23.9,24.5,22.6,22.4,21.0,30.8,36.4,36.5,36.0,28.1,30.3,36.0,35.0,33.4,7.7,8.5,11.2,7.6,7.8,13.2,9.4,6.6,7.1,1016.9,1015.9,1016.8,1016.4,1016.7,1016.9,1016.2,1016.3,1016.4,519.050586
2022-07-22,519.050586,95.93,409.2,92.43,2.7642,159.864,975.54,3563.0,7143.54,41870.58,23459.83,1342.0,2549.12,2837.54,28.4,30.0,29.1,30.1,26.7,27.6,29.9,29.5,29.0,24.6,22.5,22.9,22.2,25.2,24.2,23.6,23.0,22.1,32.3,37.9,35.2,36.5,28.3,30.6,37.0,36.0,35.0,7.1,8.6,11.3,5.3,9.2,14.9,8.9,5.8,6.2,1016.3,1015.1,1016.4,1015.8,1016.3,1016.5,1015.5,1015.8,1015.5,458.191666
2022-07-23,458.191666,,,,,,883.5,3020.71,6670.71,36279.42,19559.96,1257.79,2300.0,2586.75,29.0,31.8,29.5,29.7,26.8,27.6,29.2,28.6,28.4,24.0,23.7,21.5,22.4,25.4,23.9,23.5,23.4,22.8,32.0,37.8,35.2,33.8,28.0,30.8,36.0,34.0,32.5,10.3,7.7,11.2,7.1,10.6,11.2,8.4,5.9,8.9,1015.9,1014.2,1016.7,1015.0,1016.8,1017.1,1016.3,1015.2,1014.3,362.64794
2022-07-24,362.64794,,,,,,789.12,2794.12,6299.71,31373.75,15943.75,1223.75,2132.67,2190.62,30.1,30.4,29.9,29.7,27.0,28.0,28.7,28.4,29.0,27.2,24.3,22.0,25.3,25.6,24.2,23.7,22.1,23.5,32.5,36.3,37.5,34.5,28.9,30.8,35.0,34.0,33.5,6.3,9.0,13.6,5.9,7.6,12.1,7.7,4.8,11.4,1015.1,1015.1,1016.5,1015.8,1016.4,1016.8,1015.8,1015.7,1015.3,527.957973
2022-07-25,527.957973,97.8,410.25,94.42,2.8346,176.616,957.58,3715.5,7617.71,41648.29,22963.21,1324.5,2475.33,2594.46,29.8,30.9,29.1,29.6,26.7,27.9,29.3,29.9,29.2,26.8,23.8,21.8,23.4,24.9,25.2,22.9,23.9,24.4,32.6,36.9,34.4,35.9,28.1,30.1,36.0,36.0,33.3,7.2,7.8,13.0,6.7,8.1,13.8,8.9,7.5,10.1,1013.0,1012.6,1014.7,1013.4,1014.2,1014.5,1013.4,1013.4,1012.6,521.041445
2022-07-26,521.041445,97.14,414.0,92.88,2.8122,199.918,1013.62,3948.67,7911.08,43328.79,23665.88,1322.0,2521.83,2945.71,29.8,29.4,30.2,27.8,27.5,28.1,28.9,27.9,27.8,27.2,24.7,22.2,20.4,26.5,25.8,23.2,22.1,23.2,32.5,34.9,39.5,34.3,28.6,29.9,35.0,33.0,31.3,8.3,13.8,17.4,9.8,11.4,13.8,8.2,5.3,13.0,1010.1,1009.7,1011.7,1009.9,1011.3,1012.0,1010.5,1009.8,1009.9,526.21048
2022-07-27,526.21048,99.44,411.5,95.29,2.8831,205.225,1003.54,3677.58,7559.46,42626.04,23713.83,1323.54,2556.33,2791.75,29.0,26.7,29.6,25.9,27.3,28.5,28.9,25.8,26.4,25.6,21.3,23.9,20.3,25.4,24.6,24.3,21.4,22.6,32.1,31.7,37.5,30.9,29.0,33.1,33.0,31.0,30.3,12.6,9.4,23.2,8.7,9.8,12.2,10.0,6.7,13.5,1009.6,1010.6,1010.3,1011.2,1009.8,1009.7,1009.0,1011.0,1010.7,564.157247
2022-07-28,564.157247,99.49,411.4,94.65,2.8385,198.93,959.88,3715.04,7701.5,41468.33,22500.17,1326.04,2602.33,2663.38,27.7,26.6,28.3,27.0,27.0,29.0,28.1,25.0,26.8,24.6,21.0,22.7,21.4,25.1,25.5,23.0,20.4,23.1,30.3,31.7,35.9,31.7,28.9,32.6,34.0,30.0,30.2,9.8,8.6,15.1,12.4,9.2,20.8,9.1,9.3,12.4,1012.4,1012.7,1012.1,1013.2,1011.5,1011.2,1011.2,1013.4,1013.0,516.079182
2022-07-29,516.079182,101.44,407.9,96.75,2.8652,190.915,1072.5,3791.25,8192.58,43107.17,23199.92,1311.67,2734.79,2804.46,28.7,26.1,27.5,23.8,27.0,28.1,27.6,22.7,26.8,25.7,20.7,21.4,20.0,25.2,24.5,21.4,17.9,22.5,31.1,34.4,33.0,31.0,28.6,31.4,35.0,27.0,32.1,8.8,8.8,11.9,4.4,9.3,14.6,8.1,4.8,9.2,1014.0,1013.6,1014.0,1014.6,1014.1,1013.9,1013.7,1014.8,1013.3,436.267133
2022-07-30,436.267133,,,,,,962.54,3148.21,7002.38,35707.25,17947.12,1230.88,2602.08,2814.04,28.8,26.2,29.3,24.8,26.9,27.9,27.7,23.8,24.6,23.7,21.6,21.2,18.9,24.9,23.9,22.2,17.3,20.4,32.2,32.0,37.5,31.5,28.6,32.5,33.0,31.0,28.6,8.6,9.8,18.5,5.2,8.6,12.0,8.1,6.4,7.3,1013.1,1014.1,1014.4,1014.5,1013.7,1014.1,1013.2,1014.8,1013.8,385.711528
2022-07-31,385.711528,,,,,,888.17,2591.83,6112.46,30580.46,15019.92,1129.96,2382.17,2455.96,27.7,27.7,28.8,26.4,27.7,27.8,28.6,26.5,26.0,25.5,19.2,22.4,18.4,24.6,25.6,23.2,18.9,19.8,29.1,34.4,37.5,32.7,30.0,30.7,35.3,33.0,30.5,23.9,6.8,16.5,4.7,11.9,11.5,10.1,6.6,9.0,1013.7,1015.0,1014.8,1015.6,1013.2,1013.9,1013.0,1015.8,1014.9,464.170762
2022-08-01,464.170762,97.95,405.0,92.39,2.743,200.794,988.42,3390.17,7099.5,36326.33,18004.0,1243.92,2721.58,2878.75,27.7,29.1,26.8,27.8,28.2,28.3,28.4,27.4,26.6,25.4,22.1,20.2,19.4,25.1,25.3,22.1,19.6,21.2,29.3,36.4,31.0,35.0,31.0,30.3,35.0,35.0,31.0,21.3,10.0,12.9,4.2,13.2,12.3,9.1,6.2,10.7,1013.3,1013.6,1013.9,1014.2,1013.0,1013.2,1013.3,1014.0,1014.1,483.106675
2022-08-02,483.106675,98.64,403.5,93.22,2.7826,205.174,1049.33,3652.29,7255.96,39914.17,20624.38,1290.33,2845.42,3196.46,28.4,27.6,28.1,27.5,28.0,28.6,29.0,26.3,25.6,26.0,23.3,22.2,22.4,24.1,26.2,23.0,21.3,19.4,30.6,32.3,34.0,31.6,30.6,30.6,36.0,31.0,30.8,16.6,10.2,11.5,9.1,13.1,13.1,9.6,7.8,12.7,1013.8,1015.3,1013.9,1015.5,1013.1,1013.5,1013.2,1015.5,1015.7,515.888783
2022-08-03,515.888783,95.2,393.5,89.74,2.6644,199.195,1009.38,3462.42,6957.46,37391.29,19613.92,1201.67,2514.04,2632.42,28.4,27.6,28.2,27.8,27.8,28.1,29.2,27.7,26.9,25.9,20.7,21.5,21.0,25.5,24.3,22.6,21.6,21.0,31.3,34.2,33.3,33.2,29.3,30.5,37.0,33.0,32.1,14.3,8.5,11.6,5.7,10.0,12.6,8.8,5.4,9.5,1014.6,1016.0,1014.0,1016.5,1013.9,1013.9,1013.7,1016.3,1016.1,538.231949
2022-08-04,538.231949,92.5,390.0,87.56,2.5631,199.248,970.62,3471.75,6876.79,38125.79,20290.46,1270.33,2529.67,2716.17,28.0,29.3,27.6,29.0,27.2,28.2,29.1,28.6,28.1,24.6,22.0,21.0,22.9,25.2,24.8,23.2,22.5,22.1,30.5,36.6,34.0,35.0,28.7,31.7,36.0,35.0,33.2,9.9,9.3,8.1,4.6,7.1,13.8,9.3,6.4,6.8,1015.3,1014.9,1014.6,1015.4,1014.5,1014.5,1014.1,1015.2,1015.0,532.092917
2022-08-05,532.092917,93.18,361.0,88.08,2.6028,196.32,1013.88,3405.25,6869.88,38619.17,20721.71,1257.46,2530.29,2820.71,28.3,30.3,27.8,29.7,27.0,28.6,28.8,28.8,28.3,24.4,23.3,21.0,22.3,25.2,24.5,23.1,24.1,22.5,31.3,37.1,34.7,35.7,28.5,32.1,35.0,35.0,32.7,9.0,7.8,10.0,5.7,7.4,12.2,9.5,7.4,7.7,1014.1,1013.0,1014.0,1013.6,1014.1,1014.5,1013.7,1013.9,1013.2,535.489166
2022-08-06,535.489166,,,,,,864.83,2926.42,6518.33,33868.79,17107.88,1220.17,2476.0,2755.17,28.9,29.6,29.8,28.9,27.3,28.5,30.0,28.3,28.8,25.7,23.7,24.0,23.4,26.0,24.3,23.8,22.2,23.4,31.6,37.2,37.7,34.9,28.3,32.5,37.0,35.0,36.0,9.0,9.5,11.2,7.8,8.6,10.1,8.6,7.2,12.8,1011.9,1013.1,1013.1,1013.7,1012.5,1013.4,1011.7,1014.0,1013.2,459.70625
2022-08-07,459.70625,,,,,,809.04,2541.62,5733.92,28492.71,13624.75,1105.29,2192.67,2485.42,28.8,25.6,29.7,26.2,27.8,28.3,29.6,24.8,25.3,27.1,23.6,22.6,22.3,24.8,25.4,24.4,20.0,20.7,30.5,28.7,38.0,29.6,30.9,30.6,37.0,30.0,28.7,15.4,7.6,15.8,11.4,7.6,10.6,9.4,7.3,12.3,1011.5,1015.9,1012.1,1016.3,1011.4,1012.2,1011.1,1016.3,1015.5,477.103333
2022-08-08,477.103333,95.12,371.0,89.93,2.6497,193.055,772.33,3093.83,6275.75,33371.88,16539.62,1216.46,2604.92,2868.96,28.5,26.1,29.7,25.7,27.9,28.6,28.4,25.0,26.5,26.2,21.3,23.4,19.2,25.4,25.4,23.0,18.1,21.3,31.0,31.6,37.4,31.5,29.4,30.2,36.0,32.0,30.8,14.6,7.0,16.8,6.0,8.6,15.1,9.4,5.3,13.1,1013.5,1015.9,1013.1,1016.5,1012.5,1012.7,1012.4,1016.6,1015.6,474.395
2022-08-09,474.395,94.85,384.5,88.9,2.7075,192.184,911.38,3368.17,6861.42,36404.46,18671.46,1286.58,2495.58,2809.88,27.5,26.4,27.8,27.3,27.0,28.5,25.5,26.1,26.6,25.7,22.0,23.0,22.7,24.9,25.5,21.8,20.6,22.1,29.5,31.3,33.0,31.5,29.5,30.6,31.0,32.0,30.0,15.0,8.4,12.2,7.9,9.1,9.2,9.8,7.5,13.5,1015.3,1018.1,1015.1,1018.6,1014.3,1014.1,1014.7,1018.7,1018.4,432.575833
2022-08-10,432.575833,96.23,398.65,90.47,2.7945,205.367,984.42,3110.67,6688.96,34622.67,17272.5,1249.42,2541.42,2775.29,26.8,25.7,27.1,27.7,25.8,27.7,26.4,25.4,26.5,24.2,19.3,22.0,23.7,23.9,26.2,20.4,20.4,20.4,29.1,32.0,33.0,31.5,29.1,29.9,34.0,31.0,31.1,17.2,8.9,11.3,9.9,10.0,11.7,9.6,6.8,14.7,1015.4,1018.6,1015.3,1019.0,1014.8,1013.9,1015.0,1019.3,1018.9,486.407916
2022-08-11,486.407916,98.3,401.0,92.69,2.8067,208.11,799.83,2584.88,5693.67,32023.67,16212.46,1200.79,2543.54,2988.5,27.1,25.7,25.1,26.9,25.7,27.8,26.7,24.7,26.3,24.6,18.7,18.0,23.4,23.8,24.9,21.1,17.5,21.2,30.0,31.7,32.2,30.7,28.2,29.6,33.0,31.0,30.6,13.7,8.6,11.7,9.2,9.4,14.2,8.4,6.9,12.0,1014.6,1017.4,1015.0,1017.8,1014.0,1013.7,1013.7,1018.0,1017.4,485.322705
2022-08-12,485.322705,96.9,407.65,90.87,2.7817,206.108,804.04,2566.71,5325.12,30564.12,15553.79,1146.58,2409.04,2758.83,25.5,24.2,27.3,25.5,24.5,26.0,25.6,24.4,24.2,20.9,19.5,19.0,20.0,22.5,21.5,21.0,19.4,19.8,29.0,29.7,36.0,29.6,26.2,28.4,33.0,30.0,27.6,9.9,13.2,13.9,15.3,9.6,12.0,8.2,8.0,11.2,1013.1,1014.8,1013.4,1014.4,1012.7,1013.0,1012.1,1013.8,1015.0,446.849368
2022-08-13,446.849368,,,,,,702.62,2337.83,5036.62,27088.0,13172.88,1099.33,2259.04,2479.67,24.4,23.3,28.1,23.2,23.5,27.8,23.7,23.7,22.4,21.3,17.7,21.8,16.6,21.4,25.0,19.0,18.8,17.0,28.6,29.4,36.0,29.1,25.7,30.6,29.0,29.0,26.9,10.4,9.2,10.5,7.9,9.1,14.9,7.8,7.8,10.3,1012.1,1013.8,1011.6,1014.2,1011.8,1012.1,1011.6,1014.1,1013.4,402.704624
2022-08-14,402.704624,,,,,,646.42,2226.67,5302.33,25422.83,12619.88,978.83,1808.17,1840.54,23.4,26.2,27.2,24.4,24.4,27.7,24.8,22.4,24.0,20.6,18.3,21.4,17.8,20.8,25.1,18.2,18.2,18.3,26.1,33.5,31.4,30.1,27.3,30.0,33.0,27.0,29.4,15.8,10.7,11.0,5.2,8.9,11.1,10.4,3.8,9.3,1010.4,1010.1,1010.1,1010.8,1010.0,1010.4,1009.8,1010.8,1010.2,463.044517
2022-08-15,463.044517,94.28,407.5,88.41,2.7101,220.11,748.0,2108.21,4924.46,25138.33,12544.62,949.21,1831.29,2032.54,25.6,26.9,29.1,24.9,25.5,28.5,25.8,23.5,25.0,20.8,21.9,23.7,18.6,23.2,23.0,19.8,16.9,20.2,29.5,33.8,34.6,30.8,27.4,34.8,33.0,30.0,29.2,16.7,10.7,9.6,6.5,11.9,13.3,8.8,4.9,10.9,1009.9,1006.7,1007.8,1007.2,1010.0,1009.7,1009.0,1007.2,1007.0,503.873106
2022-08-16,503.873106,91.74,405.0,85.86,2.6603,225.914,766.29,2456.83,5498.71,28409.42,14310.96,1054.62,2107.42,2214.58,27.5,26.2,29.3,25.1,25.6,32.0,27.1,23.8,23.7,22.7,19.9,24.7,19.1,23.2,28.3,20.5,17.2,19.0,31.1,32.1,34.8,31.3,26.8,36.0,34.0,30.0,27.7,14.3,10.5,9.4,7.0,14.2,15.4,9.3,5.4,10.4,1010.9,1009.7,1009.8,1010.3,1010.8,1011.1,1009.9,1010.1,1010.4,537.98946
2022-08-17,537.98946,93.02,413.9,87.3,2.7117,225.835,762.71,2569.62,5380.12,29319.12,14850.96,1081.42,2245.96,2428.33,27.8,26.1,31.4,25.0,26.7,30.4,28.1,22.0,24.5,23.4,19.6,26.9,22.3,25.1,26.7,21.0,18.6,20.6,30.5,34.2,35.0,28.8,28.2,34.7,36.0,26.0,27.9,9.5,7.8,14.9,8.2,8.7,8.1,8.0,5.0,9.8,1013.3,1012.2,1008.4,1013.0,1012.6,1011.7,1011.6,1013.2,1012.8,549.064937
2022-08-18,549.064937,95.76,413.9,89.67,2.7884,241.004,832.88,2650.12,5654.25,29299.42,14515.54,1038.08,2241.25,2367.29,28.8,22.7,29.6,21.7,28.1,34.8,29.2,19.8,23.2,25.6,21.2,24.8,20.0,25.1,30.0,23.7,17.2,20.0,33.6,26.8,35.8,23.8,31.2,43.9,36.0,23.0,27.9,16.6,6.7,17.6,8.5,9.8,23.7,14.9,5.8,14.5,1011.9,1010.7,1007.9,1011.2,1010.7,1009.0,1009.0,1011.2,1011.4,501.33688
2022-08-19,501.33688,96.09,416.25,90.11,2.6872,244.55,901.92,2660.08,5923.04,30016.04,14694.29,1144.67,2502.67,2189.38,28.7,21.6,26.1,22.5,26.1,28.0,24.6,21.5,22.5,25.7,17.1,21.9,18.9,24.8,27.3,20.0,15.6,19.7,31.1,25.6,31.2,28.2,27.7,28.6,30.0,29.0,25.9,10.8,9.6,20.6,4.9,14.6,18.2,12.2,5.1,14.8,1009.3,1009.7,1013.6,1010.2,1010.8,1012.7,1010.1,1010.6,1009.2,507.792531
2022-08-20,507.792531,,,,,,906.38,2339.92,5532.67,27522.88,13014.79,1182.29,2467.71,2079.12,26.1,25.3,26.8,25.3,24.9,27.6,24.7,23.5,24.3,23.4,19.3,22.5,17.6,21.5,27.0,18.4,14.7,18.3,28.2,32.1,32.0,32.5,27.5,28.5,32.0,32.0,31.1,14.7,9.1,21.2,5.5,11.9,17.9,9.6,5.5,6.7,1010.9,1011.5,1014.6,1011.7,1011.6,1013.5,1011.5,1012.7,1011.0,453.495186
2022-08-21,453.495186,,,,,,889.58,2197.88,5247.71,25049.08,11147.62,1145.21,2413.46,2007.62,26.1,26.2,26.8,25.6,25.9,26.9,26.3,24.4,24.8,24.0,19.8,20.5,18.9,24.0,24.8,20.2,16.8,19.6,28.5,32.2,33.3,31.8,27.5,29.3,33.0,32.0,28.8,22.9,9.3,19.9,5.5,7.0,9.7,8.2,5.8,8.7,1009.4,1010.5,1012.8,1011.0,1009.7,1011.7,1009.6,1011.3,1010.7,567.3841
2022-08-22,567.3841,94.88,418.35,89.97,2.6027,276.748,975.08,2770.75,5865.17,30807.62,15253.71,1052.17,2553.04,2337.71,25.6,25.3,26.8,25.7,25.5,26.2,25.3,24.5,24.4,23.6,19.3,21.9,20.3,22.4,23.1,18.7,17.2,19.2,27.4,31.7,32.4,31.3,28.2,28.6,33.0,31.0,29.5,24.1,6.5,16.4,5.4,7.9,9.3,8.4,6.0,9.2,1008.0,1009.0,1009.2,1009.4,1008.0,1008.7,1007.6,1009.6,1009.3,605.229047
2022-08-23,605.229047,98.0,417.6,93.25,2.6682,269.049,902.75,2772.25,5615.08,30934.92,16014.46,1056.67,2357.67,2216.04,24.7,24.6,25.4,25.6,24.1,26.5,26.2,25.2,24.4,22.2,18.5,20.0,19.2,21.4,23.6,19.5,16.9,20.6,26.5,30.1,32.0,31.0,26.8,28.5,34.0,33.0,26.7,17.8,9.3,12.9,7.0,7.9,8.3,9.4,5.6,7.8,1010.5,1012.0,1011.1,1012.0,1010.3,1010.8,1009.7,1012.1,1012.3,637.760617
2022-08-24,637.760617,99.11,412.6,94.4,2.5966,292.15,946.79,2852.67,5993.38,32268.79,16634.08,1054.71,2516.58,2270.58,25.3,24.5,25.8,25.6,25.0,26.6,25.4,24.7,24.9,22.5,18.6,20.5,20.5,21.8,24.1,19.2,19.1,19.9,28.9,30.3,31.2,30.0,27.8,28.6,32.0,31.0,29.2,21.3,8.1,12.2,8.1,10.2,10.0,10.8,6.8,7.0,1012.3,1015.6,1013.2,1015.7,1012.2,1012.7,1012.4,1015.8,1015.5,614.759812
2022-08-25,614.759812,97.25,417.5,92.19,2.5829,321.414,806.33,2956.42,5763.0,33071.79,17965.25,1066.58,2195.25,2318.96,25.6,25.4,26.2,25.9,25.6,27.2,25.9,25.3,25.8,22.6,19.0,21.0,19.1,22.0,23.9,19.8,18.1,20.6,28.3,31.4,31.2,31.9,28.3,28.4,32.0,32.0,30.2,20.4,7.7,11.4,4.8,11.7,13.0,8.8,5.2,7.8,1012.3,1014.3,1013.4,1014.5,1012.0,1012.6,1011.9,1014.5,1014.0,718.712219
2022-08-26,718.712219,97.35,417.4,92.39,2.6033,339.196,858.33,2925.17,6291.88,33056.96,17953.04,1102.38,2143.25,1782.92,26.3,26.8,26.1,26.3,25.3,27.1,26.8,24.2,26.4,23.1,21.3,22.0,20.6,22.7,24.4,21.5,20.4,21.8,29.1,32.0,32.1,31.3,27.2,28.4,33.0,29.0,30.3,10.3,7.9,12.2,5.4,7.4,9.8,8.3,6.6,8.9,1010.9,1011.0,1011.3,1011.6,1010.6,1011.4,1009.9,1012.0,1010.8,713.691592
2022-08-27,713.691592,,,,,,855.96,2544.0,5474.0,28889.5,14620.83,1020.38,2261.42,2112.92,26.8,24.1,25.5,24.7,25.6,26.6,25.9,23.7,25.2,23.5,21.5,20.0,21.4,24.3,23.7,20.7,18.1,21.9,29.7,29.4,32.0,28.8,26.4,29.0,32.0,31.0,29.4,11.1,8.8,10.6,9.6,8.6,9.0,8.6,5.4,10.7,1011.0,1010.4,1010.4,1010.8,1011.3,1011.5,1010.7,1010.7,1009.8,670.730652
2022-08-28,670.730652,,,,,,692.75,2433.96,5013.58,26694.54,13762.96,984.88,1922.75,1883.67,26.0,23.7,26.8,25.6,24.9,26.2,25.3,23.4,24.1,24.4,18.7,22.6,19.4,23.5,22.4,21.0,17.9,20.1,28.0,29.9,34.9,31.0,26.3,29.5,31.0,31.0,27.8,8.8,6.0,12.5,6.4,5.3,9.4,7.7,5.2,8.0,1013.7,1013.1,1012.4,1013.2,1013.7,1013.6,1013.6,1013.4,1013.1,740.091314
2022-08-29,740.091314,100.94,422.75,96.19,2.6579,272.603,852.58,3328.33,6417.58,36691.38,20754.62,1123.38,2133.5,2081.38,25.2,25.2,25.6,26.2,24.7,26.1,25.1,23.8,24.9,23.2,19.0,19.6,19.8,21.2,23.2,19.5,18.2,20.3,28.4,31.7,31.6,31.6,27.0,28.6,32.0,30.0,28.9,11.4,7.1,10.3,5.3,8.4,15.2,7.9,5.0,8.7,1016.1,1016.0,1016.2,1016.3,1015.9,1015.9,1016.0,1016.4,1016.1,706.41613
2022-08-30,706.41613,96.46,414.55,91.17,2.4832,252.937,921.04,3435.42,6669.92,37933.12,21461.5,1111.42,2164.46,2169.38,25.4,24.4,25.6,25.5,25.8,26.5,26.4,22.0,24.8,22.8,20.9,18.8,22.0,22.1,22.6,19.9,18.8,21.3,28.8,30.7,30.2,29.7,30.8,28.5,34.0,27.0,28.6,13.4,8.7,10.6,6.1,8.8,12.9,8.4,6.1,9.0,1016.4,1016.7,1017.2,1017.1,1016.6,1017.4,1016.2,1017.6,1016.7,612.358825
2022-08-31,612.358825,94.21,425.0,89.03,2.3879,239.907,699.29,3153.88,6153.71,35786.21,20223.75,1120.83,2278.08,2156.67,26.3,23.0,24.6,23.1,26.8,26.3,25.8,22.3,22.5,22.9,19.4,21.0,19.7,24.4,23.4,21.5,17.6,18.2,29.4,27.3,30.1,27.3,30.3,28.9,31.0,28.0,25.9,10.2,5.0,8.7,7.3,9.4,8.4,8.8,5.9,12.4,1014.2,1014.2,1015.3,1014.5,1014.6,1015.5,1013.9,1014.3,1014.3,661.359467
2022-09-01,661.359467,91.32,427.35,86.22,2.3377,243.004,716.33,3183.46,6305.17,37097.79,20803.0,1098.08,2361.75,2630.0,25.0,22.2,27.1,24.0,23.9,27.0,23.1,21.9,22.6,22.0,20.1,22.0,20.9,21.7,24.1,19.6,16.7,19.9,27.4,25.3,34.1,28.3,26.0,28.8,29.0,28.0,25.2,8.9,8.0,16.8,10.2,12.2,13.8,9.2,5.6,19.4,1011.1,1013.3,1012.9,1013.4,1010.5,1012.7,1011.0,1013.7,1013.5,524.339785
2022-09-02,524.339785,91.81,435.0,86.48,2.4059,214.665,761.21,3197.0,6444.88,36871.67,20997.54,1079.88,2332.58,2058.58,23.3,21.9,25.4,22.8,24.2,26.6,23.6,19.9,21.7,20.7,16.9,18.4,20.0,20.9,24.2,17.8,17.3,17.6,25.7,27.0,31.0,26.3,28.1,29.0,31.0,24.0,25.5,21.8,7.3,11.7,9.5,8.9,11.1,10.4,5.4,9.8,1013.1,1015.1,1013.5,1015.2,1012.9,1013.9,1012.9,1015.6,1015.3,476.069921
2022-09-03,476.069921,,,,,,753.38,2647.5,5791.21,30044.21,15915.83,1021.54,2137.08,1777.67,24.1,21.8,28.5,22.6,24.7,28.4,23.1,19.7,21.1,20.9,17.7,24.5,19.0,21.9,24.1,19.7,16.5,15.8,26.6,26.3,34.6,26.2,27.6,34.1,30.0,24.0,25.3,13.3,6.7,10.0,8.8,8.6,9.7,7.5,4.8,9.0,1016.5,1015.0,1013.0,1015.4,1015.7,1014.8,1015.2,1015.7,1015.5,395.226409
2022-09-04,395.226409,,,,,,641.83,2275.92,5039.54,26163.0,13535.96,978.54,2012.29,1678.92,24.8,23.5,29.6,23.2,24.3,29.1,23.0,21.1,22.3,22.6,18.4,24.8,17.8,21.7,26.7,19.6,14.8,17.8,27.1,29.1,36.7,28.7,27.0,31.6,31.0,29.0,26.1,8.6,5.9,11.2,4.3,8.2,10.3,8.2,4.1,8.7,1018.3,1018.7,1016.4,1018.9,1017.6,1017.7,1017.6,1019.1,1018.7,464.109202
2022-09-05,464.109202,94.4,457.8,88.789,2.4791,245.926,727.54,3048.88,6072.29,33789.0,18787.21,1047.83,2163.17,1942.08,25.0,24.5,28.1,24.6,25.3,27.8,24.6,22.2,23.2,22.1,17.8,22.9,20.6,21.8,26.0,17.9,17.4,18.3,27.6,30.2,33.0,29.8,30.6,30.0,33.0,29.0,27.5,17.2,7.6,12.1,5.2,11.1,18.6,8.0,4.8,8.9,1021.1,1021.4,1018.6,1021.7,1020.2,1019.1,1020.3,1021.8,1021.5,550.973647
2022-09-06,550.973647,91.97,450.25,86.51,2.368,239.842,706.92,3201.96,6302.46,35795.12,20359.25,1034.5,2221.88,1968.17,25.1,25.6,27.6,25.1,25.5,27.7,25.5,23.1,23.6,21.2,20.2,23.4,19.9,22.8,25.3,19.3,15.7,19.1,28.8,31.9,32.0,30.8,28.9,29.4,34.0,29.0,27.1,10.0,9.6,12.1,5.3,5.8,11.9,8.2,4.1,8.1,1019.8,1018.2,1017.5,1018.5,1019.2,1019.0,1018.8,1018.8,1018.5,483.262809
2022-09-07,483.262809,87.21,439.0,81.63,2.267,213.883,669.88,3191.83,6268.0,35115.96,19933.08,1012.79,2128.08,1912.29,25.3,25.4,26.8,24.1,25.6,28.5,25.8,22.1,23.6,21.6,20.2,23.0,20.9,23.6,26.9,21.0,17.5,20.6,28.6,30.8,30.9,28.1,28.6,30.0,32.0,27.0,26.5,15.6,7.8,11.8,7.6,7.3,13.2,8.8,5.0,11.5,1016.9,1015.1,1014.9,1015.6,1017.0,1016.2,1016.0,1015.8,1015.9,504.741318
2022-09-08,504.741318,88.25,440.0,83.07,2.3077,220.541,750.58,3015.25,6505.12,36244.54,20779.08,1132.46,2264.96,1797.08,28.0,24.9,27.7,24.7,25.8,30.3,25.0,21.4,23.0,23.5,19.9,22.0,21.2,24.0,26.9,20.2,17.3,20.1,32.7,31.8,36.9,29.4,28.5,35.1,30.0,27.0,26.5,11.8,8.0,11.0,8.1,10.3,15.4,10.3,5.0,13.3,1014.5,1010.9,1012.5,1010.9,1015.0,1014.3,1013.7,1011.9,1011.7,444.296242
2022-09-09,444.296242,91.71,435.25,85.75,2.3938,207.091,729.5,3172.46,6717.62,36817.25,20476.88,1152.42,2396.79,2171.58,28.2,22.7,27.6,23.4,26.4,29.8,25.6,21.0,21.9,25.3,16.4,21.5,20.2,23.9,27.5,21.0,15.5,19.0,32.1,29.7,35.7,27.6,29.0,34.0,32.0,28.0,25.5,11.4,6.4,13.6,8.0,11.7,19.4,8.1,6.5,13.6,1013.3,1011.4,1015.1,1011.7,1014.0,1015.0,1013.4,1011.9,1011.7,425.402927
2022-09-10,425.402927,,,,,,705.92,2547.21,5821.38,29981.25,15535.25,1061.46,2314.17,1995.88,27.4,23.0,26.2,22.0,25.6,27.0,24.5,19.7,21.7,25.3,17.4,21.0,15.8,23.8,24.5,19.0,12.6,17.6,29.7,27.9,33.5,27.7,27.5,28.8,31.0,28.0,26.5,13.6,7.9,17.7,5.6,10.7,6.1,8.8,6.1,8.2,1014.4,1013.0,1016.7,1013.4,1015.6,1016.3,1014.2,1013.6,1013.2,405.203795
2022-09-11,405.203795,,,,,,606.58,2189.58,5246.62,26341.75,13778.17,974.46,1989.29,1557.04,25.3,22.5,26.0,22.0,25.5,26.4,23.6,20.3,20.8,22.5,18.1,19.0,16.2,23.6,23.4,18.0,13.6,16.2,27.6,27.6,33.1,28.4,28.0,28.5,30.0,28.0,25.2,17.1,5.6,17.3,4.4,11.5,11.5,9.8,5.6,8.7,1013.3,1014.7,1015.8,1014.9,1013.7,1015.2,1013.5,1015.2,1014.7,451.314645
2022-09-12,451.314645,92.93,436.0,86.86,2.4097,190.588,731.71,3030.0,6139.21,34209.25,18366.96,1059.25,2404.04,2478.08,24.3,22.8,25.7,22.1,24.9,26.6,23.1,20.5,21.5,21.5,16.5,20.4,15.5,21.7,24.6,16.4,14.5,16.3,26.7,28.9,30.6,28.6,29.5,28.1,31.0,28.0,26.2,20.1,7.2,11.8,4.1,11.1,11.8,8.4,5.1,8.4,1014.9,1015.2,1014.5,1015.4,1014.4,1014.5,1014.5,1015.3,1015.5,456.938318
2022-09-13,456.938318,92.22,438.0,86.25,2.437,198.612,710.71,3114.38,6220.96,36012.83,19874.33,1074.46,2503.08,2514.92,24.5,23.7,26.3,22.8,24.4,26.3,23.2,21.4,21.8,21.3,17.4,23.8,16.0,20.9,23.7,17.0,15.5,17.0,27.8,30.4,29.5,29.2,28.5,28.8,31.0,27.0,25.8,12.3,8.8,13.6,3.7,8.5,16.4,7.2,4.7,7.8,1015.0,1013.3,1013.7,1013.8,1014.7,1014.2,1014.6,1013.7,1013.7,464.841981
2022-09-14,464.841981,93.12,444.2,87.36,2.4783,217.882,767.62,3194.46,6494.88,36165.04,20012.58,1143.29,2413.38,2138.83,24.8,25.5,27.5,24.2,24.7,26.3,24.0,21.4,23.6,20.8,19.4,25.0,21.4,22.3,21.1,17.5,18.0,19.2,29.5,31.8,30.1,27.1,27.4,30.2,31.0,26.0,28.1,18.1,11.2,17.1,5.1,8.0,11.9,9.5,5.0,9.8,1014.9,1011.2,1012.3,1011.4,1015.6,1015.0,1014.6,1011.1,1010.9,447.801394
2022-09-15,447.801394,89.61,445.5,83.9,2.3848,214.283,703.83,3223.54,6313.12,35962.67,20075.38,1086.79,2310.83,2249.17,27.6,24.5,28.9,24.2,24.6,28.4,24.2,22.3,24.5,24.4,20.9,25.7,18.3,22.0,24.8,20.0,14.8,22.0,31.1,28.5,33.1,30.0,27.0,33.9,29.0,31.0,29.0,14.4,8.0,14.0,5.1,8.4,17.4,12.4,5.6,13.3,1012.8,1006.6,1010.8,1006.6,1013.8,1013.3,1011.8,1007.2,1006.0,484.802823
2022-09-16,484.802823,90.05,439.0,84.07,2.3753,187.793,712.29,3153.75,6149.75,35815.21,20373.67,1076.17,2251.38,2098.21,26.9,24.9,26.6,24.4,23.7,28.7,24.9,23.0,21.6,23.1,17.6,24.0,19.4,20.6,27.1,20.4,16.4,17.0,31.2,31.4,31.0,29.8,26.4,32.9,29.0,31.0,26.0,13.0,9.6,11.6,6.2,18.1,15.7,13.8,8.0,13.3,1009.7,1003.4,1010.0,1003.5,1010.3,1011.0,1008.1,1003.8,1003.7,358.10528
2022-09-17,358.10528,,,,,,660.12,2421.92,5355.79,28864.17,15381.17,974.29,2169.88,1901.0,25.3,16.4,23.4,19.0,23.4,27.0,22.3,19.7,15.2,19.7,12.9,18.8,14.9,19.4,25.8,14.6,14.0,12.9,30.7,21.4,28.7,22.6,25.7,28.1,28.0,24.0,17.4,22.1,10.2,18.6,13.3,22.6,29.8,19.5,10.0,22.2,1004.6,1006.9,1009.7,1006.6,1005.7,1008.7,1004.6,1007.2,1006.9,304.222149
2022-09-18,304.222149,,,,,,587.58,2100.67,4812.5,25619.46,13418.38,889.33,1960.88,1850.12,19.9,16.8,20.6,18.6,20.2,24.3,17.9,16.2,15.5,17.6,10.6,13.4,11.5,17.1,21.4,10.6,8.2,9.6,22.1,24.2,26.6,23.9,24.0,25.4,26.0,24.0,20.6,22.2,8.1,10.6,10.0,13.0,14.2,9.9,6.4,8.0,1014.7,1013.7,1014.7,1013.8,1013.8,1013.8,1014.2,1014.5,1013.3,370.807114
2022-09-19,370.807114,90.66,439.05,84.61,2.4151,182.262,665.12,2854.71,5796.88,33308.92,18577.42,978.04,2294.46,2142.29,21.3,18.9,21.7,20.2,21.8,23.6,19.2,16.9,17.3,15.5,11.0,13.5,13.3,19.0,17.7,12.0,10.6,11.6,26.4,24.8,30.6,26.3,24.6,27.5,27.0,24.0,23.1,11.9,8.9,10.7,7.4,7.9,10.5,8.7,6.0,8.2,1014.3,1012.4,1013.3,1012.3,1014.0,1013.8,1013.3,1012.9,1012.3,393.129432
2022-09-20,393.129432,87.85,441.3,83.28,2.3925,194.259,701.21,3079.88,6246.04,36413.71,20616.75,1021.04,2452.58,2296.21,21.7,17.5,22.4,17.6,21.7,24.2,20.5,17.1,17.2,19.2,11.7,14.9,9.4,18.7,20.7,15.0,12.9,11.6,23.8,23.6,30.3,23.0,25.0,27.1,27.0,24.0,21.6,13.7,6.8,13.0,6.0,8.9,11.2,8.1,5.7,11.4,1015.5,1016.4,1013.2,1016.7,1013.7,1012.7,1013.4,1016.7,1017.3,395.119618
2022-09-21,395.119618,87.31,440.0,82.43,2.3477,189.781,666.92,2980.42,5836.96,34785.83,20183.75,1022.0,2228.92,1866.88,20.5,16.0,22.1,17.4,20.5,24.3,19.2,14.8,16.4,18.4,10.9,16.5,14.6,18.2,21.7,13.6,12.5,11.8,22.3,21.0,28.0,21.2,24.4,27.1,27.0,17.0,19.6,21.8,9.9,9.9,11.9,18.6,12.8,9.0,6.8,13.6,1017.8,1020.7,1015.5,1020.7,1016.1,1013.9,1016.2,1020.8,1021.5,416.127902
2022-09-22,416.127902,88.1,435.65,83.03,2.3645,187.468,571.46,3054.46,5701.17,33177.54,18933.21,941.58,2057.0,1918.67,19.5,14.6,21.3,16.7,19.3,24.0,17.8,16.5,15.0,18.3,8.8,17.9,11.0,16.5,22.1,13.4,12.5,10.2,21.1,20.7,28.0,21.2,22.9,26.0,24.0,22.0,19.0,22.7,7.9,10.7,7.0,16.0,19.0,9.3,5.5,10.5,1018.8,1021.4,1015.6,1021.3,1017.8,1014.9,1017.7,1020.8,1021.5,424.689376
2022-09-23,424.689376,83.61,435.2,78.25,2.2432,185.495,629.88,2896.46,5684.46,32882.88,18586.29,932.25,2065.17,2088.38,18.8,15.8,20.8,17.4,19.5,23.1,17.2,16.0,15.7,15.3,10.2,14.4,13.0,16.3,20.8,10.6,10.6,9.9,21.8,22.7,26.3,22.1,23.2,25.0,25.0,22.0,20.7,16.2,9.3,9.9,5.3,13.2,20.7,10.0,4.9,9.4,1019.2,1020.0,1018.0,1020.0,1018.6,1017.1,1018.7,1019.6,1020.1,371.045602
2022-09-24,371.045602,,,,,,649.17,2359.71,5078.83,27928.79,15088.5,908.5,1961.67,1882.42,19.0,16.0,23.8,15.8,20.2,22.3,18.7,13.2,16.5,13.7,11.3,17.6,14.0,16.7,17.0,13.0,12.0,13.3,23.4,21.6,27.1,17.5,22.9,26.8,25.0,14.4,20.5,16.3,6.4,14.8,6.4,12.6,15.2,13.4,4.3,9.5,1019.8,1016.0,1015.6,1016.5,1019.2,1018.8,1017.7,1016.2,1016.5,323.938466
2022-09-25,323.938466,,,,,,527.5,2028.75,4438.92,24207.0,12750.25,866.83,1909.79,1684.96,21.4,16.1,21.5,15.6,20.7,25.9,19.2,14.4,16.6,16.7,14.5,18.4,13.4,19.7,23.5,16.9,9.5,14.2,27.0,18.2,25.4,18.8,22.1,29.3,24.0,20.0,19.6,13.8,6.0,10.8,4.3,23.3,34.1,14.4,4.2,9.5,1015.5,1011.9,1011.1,1012.3,1014.6,1013.7,1012.2,1011.9,1011.4,345.455026
2022-09-26,345.455026,81.34,438.0,76.18,2.2095,173.834,633.79,2868.25,5603.5,31520.5,17685.67,893.88,1904.12,1931.29,20.8,17.7,21.8,16.3,20.7,24.5,18.2,14.6,17.2,19.5,13.8,20.0,10.0,19.6,20.9,15.0,8.9,13.4,22.5,22.3,26.8,22.8,21.6,26.2,23.0,21.0,20.7,12.5,7.1,10.5,3.6,14.4,24.6,6.9,4.2,6.7,1009.9,1007.0,1009.3,1006.9,1009.3,1009.8,1008.5,1006.7,1006.7,373.789474
2022-09-27,373.789474,83.11,437.65,77.81,2.2774,186.099,647.08,2882.88,5612.5,32560.0,18638.46,892.83,1989.0,1897.25,22.1,17.7,20.7,17.5,20.7,23.7,19.8,16.0,16.2,17.5,10.8,15.9,14.2,18.3,22.6,16.3,9.7,13.5,26.9,23.8,26.1,22.9,22.5,24.4,24.0,24.0,20.1,15.0,8.5,16.2,4.9,21.3,23.4,14.7,10.4,13.4,1004.9,999.8,1009.4,999.9,1006.4,1009.1,1004.2,1000.2,1000.0,359.329518
2022-09-28,359.329518,86.28,436.0,81.24,2.3638,207.187,775.62,2883.29,5770.71,32782.21,18911.17,873.62,1882.88,1684.92,22.8,17.5,21.8,15.7,21.2,23.0,19.5,15.4,14.5,19.7,12.4,17.2,12.5,17.9,21.6,15.2,11.0,11.0,28.3,23.3,27.0,18.9,22.2,23.8,24.0,22.0,18.6,15.2,6.4,14.1,9.2,26.0,27.2,10.8,7.7,11.0,1005.1,999.8,1008.5,1000.2,1006.0,1009.2,1003.7,999.8,1000.6,436.072866
2022-09-29,436.072866,85.48,435.75,80.42,2.3131,187.665,724.67,2925.33,5834.71,32719.17,18868.25,863.25,1833.83,1669.12,23.3,17.4,20.7,15.5,19.6,24.1,20.4,14.9,16.3,19.8,11.6,16.0,11.7,17.5,21.9,16.3,10.2,12.9,27.8,25.0,26.1,20.0,21.6,26.9,25.0,21.0,20.6,15.3,6.0,8.6,5.8,18.6,25.6,13.5,4.5,8.4,1006.1,998.9,1005.5,998.8,1006.6,1007.7,1003.7,998.9,999.1,385.091824
2022-09-30,385.091824,83.52,433.7,78.72,2.2789,188.8,626.83,2943.29,5791.33,32994.71,19219.17,895.75,1816.42,1701.92,24.7,16.4,21.1,14.9,21.4,25.3,19.0,12.5,15.5,21.0,15.0,15.9,13.7,18.2,21.1,13.0,10.5,13.3,30.2,17.6,28.1,16.5,25.0,30.5,25.0,15.0,18.6,18.0,11.2,12.0,8.0,16.4,21.6,14.0,5.7,10.9,1011.7,1007.5,1008.2,1007.8,1010.8,1009.6,1008.8,1008.0,1008.0,248.306267
2022-10-01,248.306267,,,,,,636.5,2292.29,5184.21,27570.88,15091.58,794.17,1842.38,1729.75,23.2,17.1,19.4,15.9,21.0,23.1,18.6,14.1,17.3,20.7,12.9,14.0,12.1,19.6,21.6,15.2,7.8,13.7,26.2,22.3,25.1,20.7,23.5,24.3,23.0,20.0,21.1,17.3,9.1,16.6,6.4,18.6,13.7,9.9,4.5,15.1,1016.2,1015.7,1021.4,1016.1,1017.5,1019.3,1017.4,1016.0,1014.3,200.999023
2022-10-02,200.999023,,,,,,594.71,2016.54,4876.79,23887.5,12673.42,806.08,1680.04,1239.92,21.0,17.9,22.4,17.9,20.8,22.8,18.2,16.7,16.6,18.0,11.2,17.4,11.1,18.5,20.2,12.0,12.0,11.9,24.2,24.6,29.1,24.4,23.0,24.5,26.0,24.0,20.9,12.4,5.6,17.8,4.8,10.4,8.1,6.0,3.9,6.5,1020.8,1018.6,1024.4,1018.7,1021.8,1024.0,1021.4,1018.7,1018.3,346.726369
2022-10-03,346.726369,86.94,399.0,82.7,2.3932,169.912,643.58,2835.12,5744.62,31288.17,17694.5,853.38,1875.38,1641.58,21.0,19.2,22.3,18.1,22.2,22.6,20.0,17.6,18.0,19.1,15.2,17.0,12.4,19.9,19.1,14.0,10.0,14.5,23.1,24.4,29.4,24.8,25.9,25.2,27.0,26.0,21.8,16.6,6.1,17.0,4.5,10.0,10.5,7.3,4.5,6.6,1017.5,1018.7,1019.0,1018.7,1017.4,1018.2,1017.3,1018.7,1018.8,350.462189
2022-10-04,350.462189,89.82,404.0,85.5,2.5153,161.95,652.29,2880.79,5814.46,32598.38,18827.62,862.88,1897.62,1662.71,20.5,17.4,20.4,18.1,20.4,22.6,19.7,16.9,17.0,19.4,12.6,14.4,13.8,17.1,19.2,14.0,12.8,13.0,22.2,21.7,26.0,21.9,24.1,25.2,26.0,23.0,20.6,27.4,4.7,9.9,4.1,12.2,14.1,7.0,5.2,8.2,1021.6,1021.9,1019.6,1022.1,1020.6,1018.8,1020.7,1022.0,1022.3,292.736489
2022-10-05,292.736489,91.61,396.25,86.84,2.5212,173.693,644.17,2902.92,5897.21,32696.33,18941.12,870.96,1840.58,1599.38,19.8,18.6,21.0,18.1,19.8,22.1,19.5,17.2,17.2,16.9,13.6,15.9,14.4,16.4,18.1,13.0,13.2,14.6,22.5,24.2,26.2,22.8,24.5,25.0,27.0,21.0,20.3,14.6,5.8,10.3,3.7,10.8,13.7,6.3,3.4,5.4,1026.5,1026.3,1024.3,1026.6,1025.5,1024.2,1025.5,1026.6,1026.7,251.11904
2022-10-06,251.11904,92.67,400.0,87.59,2.5344,175.712,616.17,2953.67,5952.79,32368.29,18701.12,848.04,1748.17,1548.33,18.4,19.0,20.3,17.5,19.4,21.4,19.4,17.7,18.4,14.8,13.6,14.7,11.9,15.6,17.3,14.8,12.2,15.9,22.0,24.7,25.1,23.5,24.4,24.8,28.0,24.0,21.9,10.6,7.5,9.8,3.2,7.7,14.9,6.5,3.6,6.3,1027.6,1027.4,1025.9,1027.6,1026.2,1025.4,1026.3,1027.4,1027.6,272.598552
2022-10-07,272.598552,95.89,385.0,91.35,2.591,156.207,659.88,2798.5,5755.46,32663.17,19027.38,900.62,1817.96,1703.38,20.2,18.6,19.9,17.9,19.9,21.0,19.2,18.4,18.4,17.0,13.7,13.8,12.5,16.8,16.8,14.2,14.0,14.2,24.4,24.6,24.7,25.0,23.5,23.5,28.0,24.0,23.2,10.6,7.4,9.6,2.7,7.5,9.4,6.8,4.4,8.1,1024.2,1024.7,1023.2,1025.1,1023.5,1022.9,1023.3,1025.2,1024.2,293.107492
2022-10-08,293.107492,,,,,,592.58,2191.46,5129.42,26920.62,14748.38,848.62,1827.88,1582.29,19.2,18.7,19.9,17.7,20.7,22.2,19.3,16.6,17.1,14.9,13.8,14.3,11.7,18.9,18.2,14.2,11.6,12.7,22.6,24.4,24.7,23.9,22.9,24.6,26.0,22.0,21.4,12.3,8.1,10.0,2.3,7.9,10.9,6.3,3.9,6.7,1020.5,1019.4,1019.0,1019.6,1020.5,1020.0,1019.9,1019.6,1019.4,208.064651
2022-10-09,208.064651,,,,,,549.21,1943.58,4702.88,23707.12,12515.17,838.17,1675.04,1483.08,19.9,18.4,18.9,17.8,20.4,22.5,18.9,15.1,17.7,17.1,14.5,14.4,16.6,18.2,18.2,15.4,14.0,14.2,23.5,22.7,24.7,19.3,23.2,27.2,25.0,16.0,22.9,8.2,7.8,7.8,8.0,7.1,11.8,6.1,3.6,11.8,1020.2,1020.3,1017.3,1020.6,1019.6,1018.6,1019.1,1020.9,1021.0,281.585143
2022-10-10,281.585143,94.36,386.5,89.84,2.4909,154.118,638.12,2656.54,5815.88,31675.75,18332.96,888.21,1828.71,1515.33,19.4,18.1,20.1,17.1,20.2,22.2,18.5,14.8,16.9,17.7,15.4,15.7,15.0,18.1,18.8,14.2,12.1,14.0,21.6,21.4,25.6,19.7,23.5,23.9,25.0,18.0,21.0,10.7,4.9,7.1,4.6,7.8,11.9,6.6,4.6,8.7,1019.7,1020.4,1017.4,1021.2,1018.4,1017.6,1018.4,1021.5,1020.7,284.261393
2022-10-11,284.261393,92.49,391.15,86.56,2.4805,156.781,648.83,2803.12,6085.67,33088.88,19269.83,886.92,1866.0,1528.5,19.0,17.7,20.5,16.0,20.1,21.8,18.8,14.8,16.7,17.7,13.1,15.4,12.3,16.6,19.2,14.4,9.5,11.7,20.7,23.2,26.0,22.1,24.5,24.5,26.0,22.0,21.9,20.2,6.2,9.0,2.9,8.1,11.4,6.5,3.8,5.2,1018.8,1021.4,1018.5,1021.7,1018.9,1018.4,1018.9,1021.5,1021.1,289.385392
2022-10-12,289.385392,90.82,405.0,84.74,2.4713,160.19,723.0,2820.88,5863.54,33543.92,19765.5,867.67,1853.0,1650.33,19.6,17.1,20.0,16.3,20.1,21.2,18.4,15.6,17.0,16.8,12.0,18.0,10.9,17.0,18.6,13.9,11.1,13.9,22.7,23.2,22.1,22.1,23.9,24.7,25.0,22.0,21.4,9.5,6.3,7.2,2.4,7.7,8.8,6.3,3.4,8.7,1021.2,1022.0,1017.8,1022.3,1020.2,1019.0,1020.0,1022.4,1022.1,273.846072
2022-10-13,273.846072,92.92,397.0,86.65,2.5321,153.809,700.83,2851.92,5882.42,33530.21,19725.83,862.96,1837.08,1669.17,18.7,16.9,21.2,16.0,19.0,22.4,17.7,15.2,16.6,17.7,11.9,17.4,11.4,18.1,19.5,15.7,10.7,12.7,20.1,22.1,26.1,21.0,19.9,23.6,21.0,21.0,20.7,10.2,5.1,13.6,2.2,15.0,21.2,7.8,4.0,7.5,1019.7,1020.6,1018.1,1020.9,1016.8,1017.4,1018.0,1020.8,1020.4,263.59292
2022-10-14,263.59292,90.15,392.5,83.55,2.454,141.997,637.92,2783.33,5999.0,32699.88,18950.17,879.38,1868.0,1582.08,19.3,17.0,20.9,15.4,19.2,22.3,17.4,14.8,16.2,16.9,12.2,17.1,10.6,16.6,20.0,12.0,10.2,12.3,21.5,22.3,26.0,20.7,23.0,23.1,25.0,21.0,20.5,22.8,7.2,15.2,1.7,12.9,24.0,8.2,3.7,5.9,1015.1,1017.1,1018.9,1017.4,1015.5,1017.1,1015.9,1017.4,1017.0,214.024282
2022-10-15,214.024282,,,,,,590.79,2244.62,4867.38,26760.17,14742.08,847.92,1760.96,1706.42,19.3,17.8,21.6,17.3,19.4,20.8,17.0,16.0,16.6,16.7,12.7,17.4,13.8,16.3,19.0,10.0,12.5,12.8,23.1,23.6,27.4,22.5,23.1,23.1,25.0,21.0,20.5,8.2,6.5,11.5,2.1,6.8,9.0,6.3,3.9,5.6,1017.5,1016.5,1017.6,1016.6,1016.9,1017.2,1016.8,1016.6,1016.6,184.477193
2022-10-16,184.477193,,,,,,627.92,1992.42,4696.5,23901.12,12906.0,789.75,1587.54,1301.0,18.7,19.4,20.3,18.6,19.9,20.3,18.0,17.5,18.0,15.2,15.1,14.3,15.5,17.0,16.4,12.8,14.2,14.9,22.9,24.6,25.3,23.4,23.8,23.4,25.0,21.0,21.4,6.4,6.6,10.7,3.2,5.8,8.0,5.9,3.8,6.6,1023.1,1022.3,1020.7,1022.7,1022.2,1021.5,1022.2,1022.8,1022.7,216.380877
2022-10-17,216.380877,90.18,392.15,83.51,2.4344,127.978,681.04,2625.33,5332.83,30706.71,17856.21,844.92,1716.0,1650.38,18.7,18.2,22.1,17.0,19.9,20.4,18.7,17.6,17.1,14.3,14.0,16.4,12.3,16.6,17.0,12.7,15.6,13.3,23.4,24.3,25.6,23.3,24.2,23.6,27.0,22.0,21.4,8.2,4.8,9.5,2.6,6.0,9.6,5.3,2.9,6.5,1028.2,1028.3,1025.8,1028.7,1027.3,1026.3,1027.4,1028.9,1028.2,215.258957
2022-10-18,215.258957,88.6,387.85,81.29,2.4074,113.222,680.83,2789.25,5553.29,32508.12,19115.04,862.54,1775.88,1731.29,18.9,18.7,19.8,17.3,19.8,20.1,18.5,17.1,15.4,15.6,14.6,14.4,12.3,16.1,16.5,11.0,12.7,11.9,22.4,24.6,24.7,24.1,24.8,22.8,28.0,23.0,19.0,9.7,7.9,8.2,3.2,6.7,13.1,6.5,3.5,4.4,1026.9,1026.7,1026.4,1026.9,1026.3,1026.0,1026.2,1027.0,1026.4,175.772531
2022-10-19,175.772531,90.56,391.0,83.42,2.4143,112.51,684.54,2777.83,5509.58,32664.17,19245.83,862.46,1733.88,1850.04,19.2,18.9,19.7,16.9,19.9,20.3,18.9,17.6,16.8,16.3,14.7,15.0,11.4,16.3,17.2,13.0,13.0,11.8,22.5,25.1,25.5,24.5,24.3,22.7,27.0,24.0,23.2,12.7,6.9,9.0,1.6,6.4,8.3,5.2,3.5,5.2,1020.6,1022.0,1021.6,1022.2,1020.4,1021.0,1020.4,1022.2,1021.9,201.367528
2022-10-20,201.367528,88.61,391.95,83.3,2.3945,127.147,579.92,2831.88,5491.0,33049.17,19518.08,875.67,1783.75,1968.88,19.7,17.7,19.5,17.1,20.3,20.4,18.4,16.6,17.0,17.6,12.6,13.6,12.7,16.3,17.1,12.0,14.0,13.6,22.7,23.0,24.8,21.5,25.3,23.2,26.0,20.0,21.3,12.0,3.6,8.5,3.4,9.1,10.2,6.9,3.7,6.7,1021.1,1021.5,1020.1,1021.8,1020.1,1019.8,1020.4,1021.8,1021.9,197.345987
2022-10-21,197.345987,89.45,390.0,83.95,2.4093,113.576,560.54,2786.21,5334.92,32495.12,19158.75,874.96,1819.58,1960.17,17.7,16.2,22.1,17.2,19.8,20.3,17.6,15.7,16.8,13.8,13.0,19.5,15.8,17.3,17.0,12.0,14.8,13.4,21.0,21.4,25.0,18.7,22.7,23.8,25.0,16.3,20.1,13.9,5.2,13.2,10.7,7.1,8.6,8.5,3.9,8.7,1022.7,1019.2,1019.9,1018.9,1022.4,1021.9,1021.7,1018.2,1019.8,142.101805
2022-10-22,142.101805,,,,,,520.12,2290.67,4869.21,27199.67,15113.5,818.75,1786.5,1800.92,21.2,22.1,22.6,18.8,20.2,21.2,20.5,16.6,17.7,17.2,17.9,20.6,17.2,18.5,17.0,16.0,13.7,15.4,27.6,26.4,25.5,22.5,22.1,25.8,25.0,21.0,21.1,14.4,11.8,14.1,6.1,8.6,10.9,12.7,3.0,7.9,1022.2,1017.2,1020.4,1017.0,1023.9,1023.6,1022.6,1017.3,1017.8,103.852637
2022-10-23,103.852637,,,,,,501.42,1901.58,4224.67,23819.83,12865.71,799.0,1744.5,1782.96,20.0,17.2,22.7,18.6,19.4,20.8,20.5,16.2,17.1,17.0,13.2,21.0,16.7,16.8,16.8,17.0,14.0,13.8,22.6,22.1,25.5,20.5,23.2,25.2,26.0,19.0,21.0,9.3,3.3,13.1,6.8,4.8,9.2,9.4,3.6,6.8,1023.5,1021.2,1021.4,1021.5,1024.7,1024.1,1023.7,1021.2,1021.8,136.940095
2022-10-24,136.940095,89.43,390.0,83.59,2.4255,99.17,538.38,2611.38,5220.54,31168.75,18314.38,861.46,1869.17,1753.46,20.2,18.3,20.2,19.5,19.0,21.8,18.4,16.3,19.0,16.4,14.0,15.8,16.1,15.8,17.5,11.0,14.1,16.4,23.8,24.6,27.3,23.5,22.8,27.7,26.0,19.0,21.4,7.1,5.8,7.3,8.4,5.6,5.9,8.1,4.7,9.1,1021.7,1018.9,1020.9,1018.4,1023.5,1023.0,1022.6,1018.1,1019.2,134.217752
2022-10-25,134.217752,90.1,388.15,84.31,2.4672,99.794,550.42,2811.0,5352.04,32924.42,19537.46,884.04,1902.29,1887.17,20.2,20.5,19.9,19.0,19.7,21.2,19.0,16.3,17.8,16.3,16.0,11.9,16.7,17.0,17.1,13.0,12.3,15.5,24.7,24.0,31.2,21.8,23.2,24.4,26.0,21.0,21.6,9.2,6.5,8.3,4.1,5.4,7.1,6.9,4.2,8.4,1020.2,1018.8,1020.6,1019.2,1021.8,1021.5,1021.0,1019.4,1019.1,128.40283
2022-10-26,128.40283,92.09,386.5,86.68,2.5059,104.32,538.12,2795.62,5263.83,32251.46,18841.58,913.08,1902.67,1996.54,20.6,18.2,18.4,18.7,19.0,20.8,17.8,16.8,16.6,17.2,12.6,12.0,15.0,15.6,16.8,13.7,12.7,13.5,24.1,25.0,27.7,23.5,23.5,25.0,25.1,22.0,20.0,7.7,3.8,8.2,3.5,6.6,4.3,5.1,2.6,5.4,1022.5,1022.2,1022.0,1022.4,1022.7,1022.1,1022.6,1022.5,1022.1,161.805988
2022-10-27,161.805988,93.25,385.6,87.83,2.5523,107.384,571.96,2826.96,5476.88,32730.46,19319.42,879.17,1742.29,1913.79,19.9,18.2,17.9,17.1,19.2,21.2,18.1,16.2,17.0,17.3,14.0,9.7,13.1,14.7,16.9,10.0,11.8,12.2,22.5,23.4,27.4,23.1,24.9,25.3,25.3,23.0,22.1,12.0,7.6,9.6,2.2,6.1,6.8,5.2,2.9,5.5,1026.2,1027.0,1024.8,1027.4,1025.4,1024.7,1025.5,1027.4,1026.9,134.910824
2022-10-28,134.910824,91.86,385.7,86.61,2.4909,112.244,554.92,2697.25,5470.58,31996.17,18686.29,864.54,1788.42,1934.17,19.1,17.7,17.3,16.0,20.5,20.5,18.5,16.7,16.7,15.9,14.0,9.4,10.8,16.7,17.0,13.2,12.4,11.3,22.3,23.0,26.1,22.9,25.8,23.6,27.0,24.0,21.8,11.4,7.8,8.2,2.1,7.8,5.0,6.7,3.7,5.0,1027.4,1027.9,1025.1,1028.2,1025.4,1024.7,1025.7,1028.2,1027.4,100.584333
2022-10-29,100.584333,,,,,,542.5,2233.12,4906.04,26318.04,14245.71,801.75,1700.54,1888.38,19.2,17.6,17.4,15.6,20.2,19.4,18.1,17.4,15.8,16.4,12.8,9.3,9.3,16.7,15.9,12.0,12.0,11.2,21.8,24.4,24.4,24.4,25.2,22.7,27.0,25.0,21.2,12.0,7.6,9.7,2.2,10.4,8.4,6.2,3.6,3.9,1025.6,1026.0,1023.3,1026.2,1024.2,1023.4,1024.7,1026.1,1025.5,112.059048
2022-10-30,112.059048,,,,,,518.56,1920.84,4396.44,22796.64,11820.08,780.84,1622.6,1737.28,18.2,17.8,18.2,14.8,18.9,18.9,16.7,16.8,15.5,14.4,12.6,11.9,8.6,15.3,14.6,10.0,13.3,11.6,22.1,25.8,25.4,23.1,24.3,22.5,27.0,23.0,21.2,8.8,8.3,7.8,2.1,7.5,8.3,6.1,3.8,3.4,1023.0,1023.0,1021.9,1023.3,1022.3,1022.0,1022.5,1023.2,1022.5,144.268441
2022-10-31,144.268441,91.02,356.3,85.4,2.4589,123.352,545.67,2332.42,4890.92,26538.96,14371.5,836.88,1710.12,1851.46,19.0,17.4,16.8,15.1,18.9,18.3,16.6,15.9,15.8,16.0,12.6,10.3,9.2,15.4,14.1,9.0,11.8,10.9,23.0,24.4,23.7,24.3,23.9,22.4,27.0,23.0,21.5,10.0,6.7,8.8,1.7,5.4,8.7,5.6,4.4,3.6,1022.3,1022.1,1022.6,1022.3,1022.2,1022.4,1022.4,1022.1,1021.9,108.694054
2022-11-01,108.694054,92.79,359.0,87.19,2.5249,116.193,532.46,1889.83,4117.75,22380.88,11631.58,797.0,1586.71,1825.54,19.3,16.1,17.4,13.8,19.3,18.5,16.5,12.9,13.4,15.1,11.4,10.9,10.7,16.7,14.9,9.0,8.9,10.3,25.2,21.2,24.5,19.2,23.0,22.4,26.0,18.0,15.7,8.4,8.0,8.7,2.6,5.1,6.0,5.8,3.4,3.3,1023.0,1022.8,1023.2,1023.1,1023.5,1023.5,1023.4,1023.1,1022.4,122.523207
2022-11-02,122.523207,94.42,361.0,88.86,2.608,125.863,771.0,2555.88,5488.12,29932.67,17115.83,813.75,1681.17,1506.92,18.9,15.0,18.7,14.2,18.6,18.7,15.8,11.1,15.1,16.4,11.4,13.0,12.0,16.3,14.9,12.0,8.0,12.2,22.4,18.7,26.1,16.4,22.0,22.5,24.0,16.0,17.3,7.9,4.8,8.6,3.2,5.4,6.3,5.5,3.7,3.8,1023.4,1023.7,1023.0,1023.9,1023.7,1023.7,1023.4,1023.5,1023.4,132.124357
2022-11-03,132.124357,93.07,354.0,87.18,2.5828,125.445,601.62,2796.42,5408.79,32511.71,18909.21,845.04,1784.92,2165.71,17.9,15.0,18.8,14.8,18.8,19.3,16.0,12.0,15.6,14.1,13.6,12.7,13.8,16.0,15.2,11.0,7.4,13.7,22.3,16.5,24.0,16.4,20.4,23.1,23.0,17.0,17.9,8.7,5.2,10.0,5.3,8.1,6.4,8.9,3.9,5.1,1020.8,1019.0,1018.9,1018.9,1020.8,1021.1,1019.9,1018.1,1019.1,190.951952
2022-11-04,190.951952,96.9,349.5,91.45,2.6489,114.786,549.88,2518.83,7004.04,33726.79,19676.0,907.88,1803.96,1266.21,18.6,14.8,16.4,13.3,18.3,22.2,17.9,11.1,15.6,15.6,8.7,11.9,9.4,15.1,18.5,12.9,7.8,11.3,22.6,19.4,21.0,17.2,19.8,23.9,21.0,15.0,18.8,17.1,10.6,10.8,11.0,22.8,31.6,15.2,4.7,17.9,1011.3,1004.2,1011.1,1004.6,1010.2,1011.6,1007.6,1005.2,1003.8,137.825862
2022-11-05,137.825862,,,,,,630.67,2313.25,5504.75,27868.79,15562.42,829.54,1726.83,1301.33,16.1,12.1,14.9,11.3,15.6,17.8,13.6,10.4,12.9,14.0,8.4,10.8,5.5,14.0,14.8,9.9,5.0,9.6,17.9,17.7,20.0,18.4,17.6,20.5,19.0,18.0,18.3,11.8,8.3,19.6,4.5,10.6,28.4,14.7,6.6,7.6,1004.3,1011.4,1009.7,1011.8,1004.8,1006.0,1005.6,1012.8,1010.9,122.906986
2022-11-06,122.906986,,,,,,544.33,1968.12,4895.38,23909.46,12831.46,819.92,1573.96,1276.29,15.5,10.9,15.1,9.1,16.4,19.5,15.0,9.0,11.2,12.5,5.8,9.2,4.7,13.9,18.2,11.1,5.1,6.3,18.9,17.1,22.2,15.8,19.3,20.1,21.0,17.0,16.4,20.9,7.0,11.5,2.2,15.9,30.7,16.8,2.9,6.5,1011.6,1017.8,1017.5,1017.9,1012.3,1013.7,1013.5,1018.1,1017.5,185.805715
2022-11-07,185.805715,96.36,345.0,90.73,2.5923,109.683,584.75,2620.0,5996.25,31521.75,18425.5,869.42,1673.29,1352.54,15.7,11.0,15.3,9.1,16.7,19.2,12.5,9.1,10.6,12.9,6.6,8.6,3.0,14.0,15.4,5.0,4.5,5.8,19.3,17.5,22.5,16.6,19.9,21.1,21.0,16.0,15.8,12.5,7.0,7.0,1.7,6.0,9.0,7.4,4.1,5.6,1020.4,1020.7,1020.9,1020.7,1019.6,1020.9,1020.2,1020.5,1020.3,163.829127
2022-11-08,163.829127,93.98,339.0,86.95,2.5645,118.147,641.42,2848.17,6040.04,32703.08,19087.08,869.58,1741.75,1475.04,15.4,11.6,16.4,12.3,16.5,16.8,12.6,10.1,9.6,11.5,7.9,10.0,9.9,13.5,13.1,6.0,5.6,4.8,19.4,17.5,22.0,16.3,19.9,20.6,22.0,16.0,14.0,10.9,5.8,9.4,2.3,6.3,7.5,5.4,2.5,4.6,1022.5,1021.3,1020.1,1021.4,1021.6,1021.3,1021.7,1021.4,1021.2,209.878032
2022-11-09,209.878032,91.21,330.0,84.0,2.4765,113.144,758.58,2815.0,5799.67,33365.5,19792.54,861.33,1713.62,1624.75,15.3,12.4,17.3,12.1,16.6,18.2,12.9,11.2,11.9,10.4,8.4,11.2,11.7,13.8,14.3,8.0,8.3,7.7,20.3,17.7,22.3,12.6,19.5,22.2,21.0,16.0,16.0,12.8,3.7,7.4,2.4,7.0,6.6,7.4,3.6,6.0,1021.9,1020.0,1019.0,1020.2,1021.4,1020.5,1021.0,1019.8,1020.0,261.715508
2022-11-10,261.715508,92.09,325.0,84.69,2.5086,113.452,767.83,2795.58,5726.25,32834.38,19272.79,872.5,1714.54,1684.88,16.6,12.8,18.2,12.1,17.0,18.8,15.0,11.6,13.1,13.3,11.1,14.0,8.8,15.3,15.1,11.0,8.4,11.7,20.6,14.0,23.5,14.4,19.8,22.1,21.0,18.0,15.4,9.3,7.2,8.5,3.4,5.2,7.4,5.5,4.4,11.1,1024.1,1025.3,1021.8,1025.5,1023.3,1022.5,1023.2,1025.3,1024.9,212.786383
2022-11-11,212.786383,94.41,326.8,87.17,2.5556,97.853,632.33,2772.71,5656.17,33847.54,20060.04,866.83,1840.17,2019.29,17.3,13.9,18.3,11.1,17.6,18.8,14.8,10.2,11.8,14.7,11.6,12.7,6.7,15.6,16.2,8.0,5.7,8.3,19.8,17.6,23.1,16.6,20.9,21.4,23.0,16.0,16.9,21.8,7.5,9.0,3.0,15.0,6.8,6.6,4.0,7.2,1029.1,1033.5,1027.6,1033.7,1028.7,1027.0,1029.1,1033.7,1033.1,180.263552
2022-11-12,180.263552,,,,,,561.04,2294.08,5127.83,28467.08,16034.67,848.46,1750.96,1850.04,16.5,11.3,17.6,10.1,15.8,18.4,12.0,10.6,10.8,12.6,8.6,12.0,7.2,13.8,15.8,7.0,7.0,6.4,19.1,14.7,23.2,13.6,18.7,20.5,18.0,14.0,14.0,25.0,6.2,7.1,3.0,14.8,12.0,7.8,4.6,5.1,1026.1,1030.2,1025.5,1030.4,1025.8,1024.1,1026.0,1029.8,1029.7,171.3617
2022-11-13,171.3617,,,,,,518.04,1963.96,4631.54,24775.08,13575.71,818.88,1615.46,1651.5,14.0,9.8,16.4,11.1,14.7,17.8,12.2,10.8,12.0,11.9,6.9,13.0,7.1,12.4,13.6,7.0,7.2,7.7,17.5,12.3,21.4,14.9,17.3,21.2,19.0,16.0,15.4,7.8,5.7,6.0,4.1,12.7,11.4,7.2,5.3,16.0,1023.3,1025.1,1018.8,1025.3,1021.7,1019.9,1021.5,1025.5,1025.5,214.004917
2022-11-14,214.004917,91.82,330.35,84.36,2.4719,113.704,562.5,2825.25,5777.08,32396.62,18767.12,891.08,1773.71,1799.88,16.7,10.5,15.3,10.0,16.5,18.8,12.2,8.7,11.8,13.1,7.9,9.5,6.2,15.3,14.6,9.6,6.9,10.1,20.8,13.5,21.0,12.2,17.5,21.6,17.0,11.0,13.9,8.5,4.8,8.0,5.4,14.0,16.3,9.4,3.6,11.4,1021.5,1022.9,1020.4,1023.2,1020.4,1020.8,1020.3,1023.2,1022.2,253.020991
2022-11-15,253.020991,92.75,341.0,85.52,2.4742,124.104,589.62,2988.92,6019.29,34365.54,20121.79,887.29,1833.04,1925.58,15.3,8.8,16.7,7.8,16.1,18.3,11.9,8.2,8.8,12.2,6.0,11.8,5.0,13.2,13.0,7.0,5.7,5.8,19.9,11.0,22.3,9.5,18.2,22.4,17.0,11.0,10.5,8.2,5.0,7.1,2.9,10.8,11.9,9.1,3.3,6.1,1019.2,1017.0,1016.4,1017.0,1018.6,1018.4,1017.8,1016.8,1016.8,260.746944
2022-11-16,260.746944,90.57,332.55,84.26,2.4597,113.9,722.83,2773.71,5397.62,34334.5,20379.96,907.0,1924.08,2229.29,17.0,10.2,17.4,10.0,17.6,20.8,16.1,8.8,11.1,15.7,9.3,13.6,8.5,16.5,18.6,12.7,5.3,10.1,19.0,11.6,21.5,11.8,18.2,22.7,21.0,13.0,13.0,15.9,8.6,7.4,4.1,17.7,27.5,11.1,5.2,8.1,1008.2,1005.4,1008.1,1005.6,1007.8,1010.0,1005.8,1005.4,1004.6,256.610469
2022-11-17,256.610469,87.99,334.6,81.09,2.3812,112.556,639.71,2864.88,5419.54,33406.92,19731.62,853.88,1715.54,2181.75,17.3,10.0,17.9,9.2,17.8,19.8,15.0,7.8,10.9,14.6,5.2,14.0,5.8,15.0,17.9,10.9,5.1,8.5,21.5,12.9,22.4,12.4,19.4,21.7,20.0,13.0,13.2,12.7,4.8,9.1,2.5,8.7,19.6,7.2,3.2,5.9,1005.2,1002.7,1006.4,1002.6,1005.5,1007.5,1004.9,1002.5,1002.6,249.143783
2022-11-18,249.143783,86.56,343.45,79.83,2.3377,115.509,625.75,2899.5,5618.5,33631.21,19800.21,877.62,1692.71,2116.92,17.9,11.9,18.7,11.9,18.8,20.5,16.2,8.8,12.3,14.9,9.4,14.9,8.8,17.3,19.2,12.3,4.0,9.0,22.6,15.4,22.3,16.3,19.9,22.0,21.0,18.0,16.6,14.6,9.8,12.4,7.0,21.3,25.1,10.5,8.3,8.1,1003.8,1000.8,1006.6,1001.0,1004.4,1008.1,1002.7,1001.7,1000.1,221.332179
2022-11-19,221.332179,,,,,,605.08,2362.29,5028.42,28330.29,15808.62,863.46,1709.42,1953.0,17.3,8.7,14.4,8.4,17.8,20.1,14.3,6.5,9.8,15.5,6.0,11.8,4.6,16.0,17.4,11.8,2.4,7.3,19.1,10.7,17.2,13.4,19.1,23.0,18.0,14.0,13.2,13.1,7.9,11.9,3.4,25.1,26.7,10.9,4.2,14.8,1007.0,1005.8,1005.5,1006.3,1005.7,1007.2,1003.3,1006.6,1006.1,211.110848
2022-11-20,211.110848,,,,,,550.92,2098.62,4621.62,24991.04,13533.79,846.29,1601.08,1738.71,16.1,9.3,13.6,6.2,14.6,16.0,11.9,6.1,9.6,11.7,6.4,10.4,1.3,12.4,13.7,8.4,0.5,6.8,18.6,13.4,18.0,13.0,16.2,18.4,16.0,13.0,12.5,19.4,7.1,15.9,2.6,9.3,19.5,14.7,5.8,8.2,1006.7,1010.7,1011.5,1010.7,1006.7,1009.3,1007.6,1010.8,1010.4,249.175866
2022-11-21,249.175866,86.67,351.0,79.91,2.352,116.128,683.12,2874.29,6216.46,32416.75,18574.25,884.92,1744.62,1439.08,13.5,7.8,16.3,6.4,14.0,18.0,10.8,4.7,7.8,11.1,3.9,11.2,0.0,11.1,16.7,5.9,0.8,4.4,17.7,12.7,19.5,12.5,16.6,19.4,17.0,9.0,11.3,16.7,6.8,14.9,5.9,8.6,31.8,11.3,4.3,7.8,1010.6,1008.1,1012.8,1007.7,1011.0,1014.1,1010.2,1007.1,1008.5,229.18219
2022-11-22,229.18219,87.21,347.15,80.73,2.4184,119.639,682.96,3024.25,6469.21,34230.71,19840.42,894.46,1807.5,1511.92,15.1,8.4,14.6,7.8,15.3,17.4,13.0,6.8,8.2,11.8,7.6,11.6,4.7,12.2,14.7,9.9,3.7,7.6,18.6,9.9,19.0,10.9,18.9,18.2,15.6,13.0,8.7,23.2,16.7,21.5,7.2,42.1,45.7,18.2,10.1,33.7,1000.6,993.6,1003.4,996.2,998.9,1005.4,994.5,997.1,994.2,236.537755
2022-11-23,236.537755,84.93,346.45,78.07,2.3741,129.62,631.25,3057.42,5934.29,34653.08,20467.79,926.75,1793.5,1842.08,14.3,8.9,16.2,5.0,14.9,18.0,9.7,5.7,8.9,11.3,5.2,12.2,0.5,13.2,16.0,5.0,-0.3,6.3,17.2,13.7,19.5,11.8,16.0,19.0,17.0,15.0,12.6,17.5,6.8,14.8,3.5,19.2,32.7,4.7,3.9,7.7,1003.1,1003.3,1007.7,1003.2,1004.0,1008.0,1004.5,1003.8,1002.8,301.67397
2022-11-24,301.67397,85.1,347.75,78.0847,2.4469,123.785,617.17,2999.5,5857.54,34102.92,20096.58,930.42,1762.04,1839.67,13.4,7.6,15.3,6.8,14.5,18.5,12.0,7.3,7.4,9.2,3.4,11.0,2.1,12.1,16.4,8.0,0.6,3.1,16.6,13.6,19.3,14.7,17.2,19.5,18.0,15.0,13.2,14.2,6.5,17.8,4.7,6.4,19.6,5.5,4.6,6.1,1013.6,1013.6,1016.5,1013.4,1013.3,1014.9,1013.5,1013.8,1013.2,293.885037
2022-11-25,293.885037,83.54,349.4,76.43,2.2695,124.37,830.83,3049.5,6370.21,34248.79,19690.62,919.33,1822.83,1565.46,13.2,7.4,13.1,7.4,14.4,16.8,10.0,7.4,8.2,10.6,3.4,7.5,4.4,12.0,13.0,5.6,3.9,4.5,17.5,11.0,18.7,11.3,16.9,18.5,14.0,13.0,13.0,11.2,3.5,7.4,4.2,9.6,12.1,6.2,3.8,9.9,1020.6,1019.2,1018.7,1019.3,1019.3,1019.7,1018.7,1018.9,1019.4,261.567192
2022-11-26,261.567192,,,,,,589.58,2445.58,5738.79,29732.17,16587.25,940.54,1842.58,1587.83,13.8,8.3,14.4,5.3,12.9,16.8,12.1,6.3,9.1,12.0,4.8,12.4,0.9,11.6,14.6,9.8,-0.1,6.6,15.6,11.8,17.4,13.1,14.3,18.5,16.0,16.0,14.7,24.3,10.3,21.7,3.4,25.0,19.9,15.3,3.9,12.5,1019.7,1025.3,1016.7,1026.0,1015.1,1012.4,1016.5,1026.3,1025.2,211.926862
2022-11-27,211.926862,,,,,,470.96,2075.58,4821.79,25638.08,13636.88,895.5,1731.0,2006.38,13.6,6.0,12.1,4.9,12.9,16.8,11.1,5.3,7.4,9.2,2.1,8.0,0.3,11.3,15.5,6.2,1.9,4.0,14.9,11.1,17.2,10.8,14.8,18.0,17.0,12.0,12.1,22.1,5.5,10.3,2.1,23.3,36.5,16.3,3.1,9.7,1021.9,1027.5,1022.6,1027.5,1020.6,1015.9,1021.7,1027.4,1027.4,332.583748
2022-11-28,332.583748,83.79,380.0,77.33,2.269,123.282,582.83,2847.62,5736.67,33991.08,19840.83,975.83,1852.83,2154.46,11.4,5.5,11.1,6.3,11.9,15.9,8.3,4.7,5.6,9.3,3.5,5.0,4.6,9.3,14.5,4.0,2.7,2.9,14.0,7.1,17.0,8.4,14.5,17.1,13.0,8.0,7.9,10.6,5.4,8.8,2.7,8.8,9.7,6.5,2.6,10.0,1018.3,1019.6,1015.6,1019.5,1017.5,1015.9,1017.4,1019.5,1019.7,369.32246
2022-11-29,369.32246,84.24,390.0,78.28,2.2892,132.286,594.79,2981.42,5982.58,35107.54,20533.29,972.0,1918.17,2125.29,11.4,6.1,11.2,5.6,12.2,13.8,9.8,4.3,6.3,8.7,5.0,8.0,3.3,10.1,12.0,6.0,2.8,4.1,14.3,6.6,16.6,7.6,14.8,15.6,15.0,6.0,8.4,9.2,7.4,11.0,2.6,13.4,8.2,7.4,2.5,13.8,1013.9,1017.0,1010.4,1017.2,1011.9,1009.0,1011.9,1017.4,1017.1,382.855926
2022-11-30,382.855926,86.99,397.0,80.66,2.3825,146.397,536.62,3019.33,6235.29,36507.17,21509.88,985.92,1949.21,2270.92,14.0,5.7,10.6,3.4,12.0,13.8,9.4,3.1,5.8,11.2,3.0,5.9,0.4,10.6,11.6,5.8,1.0,2.5,16.1,7.9,16.6,6.2,13.3,16.3,15.0,6.0,9.3,28.7,9.5,10.6,3.2,20.2,12.5,14.6,4.2,11.2,1010.9,1018.2,1011.0,1018.5,1010.3,1008.5,1011.4,1019.2,1018.0,384.27539
2022-12-01,384.27539,86.81,385.0,81.14,2.3419,139.258,693.58,3164.88,6255.75,36559.67,21193.67,960.29,1895.75,2395.75,11.7,7.2,9.3,2.5,12.0,15.4,7.8,4.0,7.3,10.1,6.1,4.8,-0.4,10.2,13.0,2.0,-0.6,3.8,13.2,9.4,14.5,6.1,14.2,16.8,14.0,10.0,9.9,18.0,9.6,6.5,3.2,10.6,13.0,8.2,4.0,13.4,1014.3,1018.4,1014.8,1018.8,1014.2,1014.4,1014.6,1018.9,1018.0,382.67486
2022-12-02,382.67486,85.55,391.0,80.05,2.2871,135.562,737.0,3235.25,6180.21,36208.17,20948.75,1006.17,1956.42,2144.38,12.6,6.9,11.5,6.0,13.1,16.2,8.4,4.2,6.6,8.4,5.5,6.7,3.6,11.2,13.9,5.0,0.1,6.0,16.3,8.0,16.4,7.7,14.8,18.6,11.0,8.0,7.8,9.4,4.4,8.8,4.9,11.6,10.0,6.4,4.5,16.1,1019.2,1018.7,1013.0,1018.8,1017.4,1015.8,1016.7,1018.8,1019.0,310.417807
2022-12-03,310.417807,,,,,,695.58,2536.67,5842.12,30577.0,16823.25,958.75,1864.33,1856.29,15.0,6.9,14.2,6.7,14.8,18.4,11.3,4.8,7.4,13.0,6.0,10.0,5.7,13.3,16.0,10.0,3.8,6.0,17.1,8.0,19.1,8.0,16.9,22.0,13.0,6.0,8.3,13.4,4.6,8.0,4.6,15.8,15.9,9.2,4.2,18.7,1017.8,1016.5,1008.6,1017.2,1014.3,1010.5,1013.4,1017.5,1017.4,306.642378
2022-12-04,306.642378,,,,,,687.08,2278.54,5107.46,27010.42,14665.08,879.58,1731.71,1660.96,15.2,8.7,13.3,7.6,14.7,16.7,12.3,6.3,8.3,12.9,7.7,8.4,6.9,13.2,14.0,10.0,4.3,7.0,18.2,10.1,19.2,9.0,16.0,19.0,16.0,9.0,9.1,12.2,10.4,6.4,5.2,18.0,12.5,9.3,5.1,20.4,1017.6,1013.8,1014.2,1014.3,1015.8,1015.7,1014.5,1014.9,1014.2,366.620057
2022-12-05,366.620057,82.66,400.5,77.08,2.2122,134.699,655.75,2978.12,5973.25,33270.83,18796.12,953.25,1934.29,1980.04,15.2,8.8,12.2,8.0,15.4,15.8,13.1,6.6,9.5,12.1,8.0,6.0,4.5,13.0,13.0,8.0,2.2,7.0,20.5,10.0,19.1,9.2,17.1,19.0,18.0,11.0,12.0,10.2,6.8,7.0,7.6,8.4,8.3,9.5,3.5,10.1,1021.2,1017.2,1018.2,1017.6,1020.8,1020.3,1019.7,1017.7,1017.1,401.272269
2022-12-06,401.272269,79.67,408.8,74.46,2.1606,138.488,688.04,3119.96,6225.62,35194.33,20094.5,935.96,2009.71,2120.54,15.1,6.4,10.9,2.4,15.0,18.1,12.7,4.8,6.6,12.3,3.3,8.0,0.0,13.4,14.0,8.0,1.0,4.8,19.6,10.3,16.3,8.0,17.0,20.0,19.0,10.0,8.4,11.6,6.9,7.4,3.2,7.4,15.8,6.3,3.2,6.9,1016.7,1016.1,1013.4,1016.4,1016.5,1014.2,1015.6,1016.2,1015.6,380.276247
2022-12-07,380.276247,77.59,405.0,72.52,2.0886,149.245,692.79,3091.08,6153.0,34672.83,19747.12,944.29,1966.33,2078.21,14.1,5.3,11.4,0.9,14.1,16.4,11.1,3.2,5.6,10.6,3.0,6.0,-2.0,11.5,13.0,6.0,0.2,1.0,18.9,8.0,19.0,3.8,16.5,19.0,18.0,7.0,11.0,5.0,6.2,10.9,3.8,5.9,13.0,6.0,3.6,7.6,1012.5,1013.3,1012.5,1013.8,1011.9,1011.7,1011.6,1013.5,1012.8,363.2696
2022-12-08,363.2696,76.59,395.5,71.72,2.0612,138.893,534.75,2495.96,4971.21,27796.92,15410.5,850.54,1684.25,1849.71,14.1,5.3,12.2,3.9,15.1,15.7,12.2,1.5,5.5,9.6,4.0,6.0,2.0,14.0,10.0,7.0,-2.0,3.0,20.7,8.0,17.1,7.0,16.7,20.0,16.0,7.0,9.0,13.1,6.4,9.1,4.3,9.0,15.2,8.4,4.4,8.9,1012.5,1011.2,1011.1,1011.4,1012.5,1012.7,1011.1,1011.3,1010.8,388.124805
2022-12-09,388.124805,76.6,402.5,71.43,2.0672,139.113,638.42,2793.96,5523.88,31370.75,17427.58,970.88,1913.0,2103.04,15.6,5.7,15.0,4.7,17.0,20.7,15.7,2.3,6.0,13.2,5.0,9.6,4.0,14.7,19.0,13.1,-1.0,4.7,17.8,6.0,20.3,5.1,17.7,23.0,18.0,4.0,7.2,16.5,8.4,5.7,6.6,30.0,32.8,19.6,3.6,11.0,1010.1,1004.0,1005.6,1004.7,1008.9,1007.9,1005.6,1004.8,1003.5,347.43353
2022-12-10,347.43353,,,,,,652.58,2489.12,5138.54,28709.5,15762.96,914.71,1807.54,1944.04,16.9,5.6,15.2,4.4,16.6,19.1,14.8,1.0,7.6,14.6,3.6,11.9,3.0,15.0,15.9,11.2,-2.0,5.7,18.5,7.1,18.4,6.0,17.6,22.7,17.0,5.0,9.3,16.7,11.0,16.8,8.6,24.5,32.8,12.2,5.4,6.6,1000.3,999.0,1001.2,999.5,1000.6,1002.2,997.9,1000.1,998.1,297.164341
2022-12-11,297.164341,,,,,,585.29,2172.54,5153.67,26651.92,14548.21,876.88,1689.62,1625.71,14.5,5.0,13.1,2.7,14.1,16.7,10.9,1.3,5.1,12.6,2.0,11.7,0.0,13.4,15.0,7.6,-2.7,3.0,17.3,7.0,15.6,6.0,14.7,17.0,14.0,8.0,8.0,11.6,7.1,16.2,5.9,28.1,37.0,9.1,6.2,17.2,1000.3,1001.3,1006.5,1001.5,1001.9,1006.3,1000.9,1003.0,1001.0,422.951526
2022-12-12,422.951526,78.34,401.0,73.46,2.0952,136.59,689.33,3005.46,5709.12,33395.83,19130.96,944.42,1832.75,2083.79,11.7,0.4,12.8,1.6,13.3,14.2,6.8,-1.4,1.9,8.3,-2.0,9.7,-1.0,11.8,13.0,1.0,-3.7,-1.0,13.2,1.2,16.3,4.0,14.7,15.7,13.0,2.0,5.0,12.9,5.0,9.5,4.4,12.5,13.9,6.2,3.7,9.6,1008.0,1009.6,1008.8,1009.4,1007.4,1008.1,1007.7,1009.6,1009.6,422.840072
2022-12-13,422.840072,80.86,405.0,75.58,2.176,137.529,707.58,3125.46,6543.42,36938.12,21734.42,973.79,1900.58,1952.88,10.8,1.5,17.9,1.4,13.1,17.2,8.2,-0.5,1.8,9.3,0.6,12.3,-0.3,11.7,13.7,6.9,-3.0,-0.3,12.4,2.2,21.0,2.4,15.6,19.0,10.0,4.0,3.3,10.9,9.0,15.8,4.5,14.2,26.5,10.5,5.3,14.3,1008.6,1010.6,1005.4,1011.0,1005.9,1007.5,1006.1,1011.5,1010.6,416.033237
2022-12-14,416.033237,82.75,404.0,77.33,2.2536,131.511,698.5,2922.75,6285.29,34804.46,20078.71,927.67,1924.33,1967.21,12.9,3.1,17.8,2.6,16.0,19.6,9.6,0.5,4.2,10.7,2.0,13.0,0.0,13.4,18.0,7.3,-2.7,2.8,16.5,4.1,21.2,5.0,18.2,21.3,11.0,5.0,6.0,10.6,6.8,14.8,3.9,17.3,32.8,10.1,3.1,5.2,1004.6,1007.0,1003.9,1007.0,1003.4,1006.4,1002.4,1007.3,1006.4,375.587844
2022-12-15,375.587844,81.32,403.0,76.12,2.18,134.767,794.67,3317.08,6412.62,37665.21,22243.25,948.67,1869.71,2079.21,14.4,4.3,16.2,2.0,16.3,21.0,10.7,-0.5,5.1,12.2,1.0,12.3,-1.0,14.6,17.0,6.1,-2.8,4.0,17.2,6.0,19.7,4.0,17.7,26.0,16.0,1.0,8.0,12.2,7.2,7.3,5.2,17.7,23.9,11.5,3.8,12.7,1009.4,1006.0,1006.4,1006.5,1008.1,1007.9,1006.7,1006.6,1006.4,367.636471
2022-12-16,367.636471,79.49,405.0,74.54,2.1589,115.451,791.75,3261.75,6202.71,36486.04,21490.5,964.21,1799.79,1975.33,18.0,4.9,15.3,3.3,16.9,19.9,14.7,0.7,7.1,15.9,3.7,13.0,1.5,15.1,16.0,12.3,-2.2,6.5,20.2,6.1,18.0,5.0,19.2,24.0,17.0,4.0,8.0,19.4,9.5,7.7,6.6,18.6,18.4,13.4,4.9,7.3,1008.4,1005.0,1008.3,1005.3,1008.8,1008.7,1007.1,1005.4,1004.0,280.698808
2022-12-17,280.698808,,,,,,801.71,2678.21,5625.38,30665.96,17089.5,945.75,1754.88,1770.54,16.9,7.0,13.1,4.3,15.1,15.8,12.6,0.1,7.0,14.2,4.0,9.9,2.6,12.8,13.6,9.0,-4.0,4.6,20.5,9.0,18.7,6.3,16.8,18.0,17.0,5.0,9.0,10.9,6.2,4.3,7.1,5.8,11.3,8.2,5.1,11.8,1016.4,1017.0,1017.6,1017.3,1017.1,1018.1,1016.5,1017.9,1016.7,247.322647
2022-12-18,247.322647,,,,,,597.58,2383.0,5241.33,26612.12,14432.88,901.71,1630.83,1424.79,13.9,5.7,11.4,4.8,12.8,14.8,10.7,2.6,4.5,12.1,1.4,6.9,4.0,10.1,12.0,7.0,0.8,0.0,15.8,9.0,18.4,7.0,16.2,17.1,17.0,7.0,8.0,21.2,4.8,8.8,5.5,11.6,11.0,6.2,2.9,10.2,1028.4,1031.8,1028.0,1032.1,1027.8,1026.9,1028.1,1032.4,1031.7,235.288739
2022-12-19,235.288739,79.87,401.35,75.44,2.2015,108.543,886.0,3264.0,6085.75,35515.0,20520.79,985.96,1852.67,1919.83,12.4,3.7,10.2,5.3,11.8,13.8,8.3,0.2,2.9,11.1,2.0,4.6,4.4,9.5,11.0,3.0,-1.3,0.7,13.6,5.3,17.3,6.0,14.6,17.0,15.0,1.6,6.0,13.4,5.2,6.6,4.7,12.0,10.0,6.7,4.6,6.9,1032.9,1034.0,1032.0,1033.9,1032.1,1030.9,1032.5,1034.1,1034.0,271.568016
2022-12-20,271.568016,80.44,400.05,76.23,2.2409,105.688,750.67,3160.42,6444.25,36954.33,22108.96,967.12,1790.75,1732.17,12.1,6.2,10.2,5.3,11.2,12.4,7.4,0.2,3.7,8.6,5.0,4.0,4.0,8.1,10.0,2.0,-2.7,1.0,14.7,8.0,17.0,6.0,14.5,16.0,15.0,4.0,6.0,11.2,2.7,7.2,6.7,6.6,7.9,4.6,5.0,4.4,1029.6,1028.8,1028.5,1028.8,1029.2,1028.4,1029.2,1029.0,1028.9,256.270223
2022-12-21,256.270223,82.39,401.4,78.24,2.2758,97.752,586.38,3146.0,5988.42,35097.33,20568.62,976.92,1833.21,1997.79,11.4,6.0,10.9,5.9,12.2,12.2,7.5,2.5,5.2,8.0,4.0,4.0,4.8,8.7,8.0,3.0,0.6,4.0,16.7,7.0,17.0,8.0,14.7,16.0,11.3,5.0,6.3,9.1,4.0,6.2,5.1,6.2,7.2,6.3,4.2,3.7,1023.3,1021.7,1022.6,1021.7,1023.5,1023.2,1023.2,1021.6,1021.8,240.303232
2022-12-22,240.303232,81.46,400.65,77.42,2.2695,91.938,509.12,2962.71,5874.58,33678.75,19680.08,954.38,1772.5,1925.38,11.8,7.0,14.7,7.4,13.8,14.9,10.9,2.9,6.2,9.1,4.6,10.5,6.0,10.5,12.0,7.0,-0.7,4.7,15.5,10.0,19.0,9.0,15.8,18.0,17.0,8.0,8.1,10.6,3.7,13.2,5.1,8.5,9.4,6.2,3.9,3.9,1019.4,1017.6,1021.2,1017.6,1019.3,1020.1,1018.7,1017.8,1017.6,203.563699
2022-12-23,203.563699,84.34,401.1,79.64,2.3961,82.977,673.25,2778.67,6128.29,31945.67,17795.5,951.17,1940.29,1678.5,12.2,8.1,16.6,7.8,14.6,16.4,10.5,3.4,7.0,9.1,5.4,12.0,6.0,13.1,14.0,6.0,1.7,5.0,16.8,11.0,21.1,10.0,16.1,18.0,16.0,8.0,9.0,10.3,4.0,14.6,5.1,6.6,16.2,6.0,3.5,4.7,1017.5,1015.7,1020.3,1015.9,1017.3,1019.5,1017.1,1015.8,1015.7,142.059325
2022-12-24,142.059325,,,,,,593.33,2101.75,5092.88,24994.29,12963.67,911.96,1753.08,1577.62,13.1,8.8,16.2,8.5,15.6,16.6,11.8,3.9,7.3,9.4,8.0,13.0,7.7,13.8,14.0,8.0,1.2,5.0,18.5,10.0,19.4,9.0,17.1,18.0,17.0,7.0,9.3,6.1,5.2,21.8,5.4,8.0,14.3,5.0,3.9,4.9,1018.3,1017.7,1020.2,1017.8,1018.3,1019.8,1018.0,1017.7,1017.7,166.173344
2022-12-25,166.173344,,,,,,519.0,1754.62,4387.17,21081.96,10686.79,847.88,1519.62,1366.88,13.5,10.0,13.7,9.1,15.8,14.5,10.6,6.3,8.7,10.3,8.8,10.0,8.0,14.3,12.7,7.0,3.4,6.0,18.8,12.0,22.0,10.3,17.9,17.0,17.0,9.0,12.0,7.4,3.5,10.6,3.9,7.3,6.5,6.9,2.9,4.5,1024.5,1024.0,1023.5,1024.3,1023.9,1023.7,1024.0,1024.3,1023.6,172.305936
2022-12-26,172.305936,,,,,,550.12,1744.88,4305.67,20842.54,10490.46,845.33,1594.04,1312.04,12.0,9.3,11.3,9.4,15.3,14.2,11.0,7.2,8.8,9.5,6.0,5.8,8.9,13.6,10.5,7.4,4.5,7.0,16.2,12.0,19.5,10.0,17.1,18.0,17.0,13.0,10.0,8.3,3.9,6.0,5.3,9.0,6.4,5.8,4.4,4.0,1027.6,1025.4,1027.2,1025.4,1028.0,1027.6,1027.6,1025.4,1025.2,208.326463
2022-12-27,208.326463,84.58,400.5,79.64,2.3757,80.043,648.08,2243.92,5320.67,26281.92,13734.08,959.12,1824.33,1551.71,12.2,8.7,12.3,7.7,15.3,15.4,11.2,5.3,8.8,9.3,5.0,7.0,3.7,14.1,12.7,7.9,1.0,6.0,15.8,12.0,21.0,13.0,16.8,19.0,17.0,11.0,11.0,8.4,5.0,12.0,5.5,11.6,8.7,5.2,5.3,4.7,1026.6,1025.6,1027.5,1025.6,1027.1,1027.1,1026.9,1025.6,1025.5,175.791665
2022-12-28,175.791665,83.93,402.5,79.08,2.3751,81.351,654.96,2316.75,5355.33,26772.88,14112.42,949.38,1819.33,1564.71,11.1,9.2,12.3,7.7,14.7,13.8,11.4,5.0,8.8,9.2,7.8,8.0,6.0,13.4,11.0,7.7,1.7,7.0,13.0,11.0,19.4,9.7,16.2,17.0,18.0,9.0,11.0,5.0,3.2,10.1,4.2,6.3,7.4,5.6,4.8,7.2,1026.9,1025.8,1026.9,1026.2,1026.2,1026.6,1025.9,1026.2,1025.6,205.40625
2022-12-29,205.40625,83.31,404.15,78.5,2.3793,83.83,706.92,2485.71,5266.38,27130.33,14262.79,930.33,1816.62,1661.58,12.6,9.3,9.9,8.1,14.2,13.6,11.4,4.6,7.7,9.4,8.7,3.8,7.0,12.5,9.7,7.0,1.0,6.0,18.6,10.0,17.5,9.3,15.8,18.0,16.0,9.0,10.0,11.1,3.0,6.4,3.0,8.9,5.7,7.5,3.4,4.7,1026.2,1022.3,1024.1,1022.4,1025.9,1025.2,1025.0,1022.4,1022.4,179.507916
2022-12-30,179.507916,85.65,404.15,80.45,2.4783,76.315,712.54,2395.67,5259.71,26550.12,13773.92,929.42,1809.96,1668.92,13.2,9.1,12.1,8.1,14.9,16.3,13.1,4.7,8.5,10.2,8.0,5.2,7.0,12.7,12.0,9.0,1.0,7.0,18.4,10.0,19.0,9.0,16.3,19.0,17.0,10.0,11.0,14.3,4.7,8.8,4.6,13.2,13.9,9.0,3.0,5.8,1025.3,1021.8,1025.3,1022.2,1025.3,1025.6,1024.1,1022.2,1021.7,224.324583
2022-12-31,224.324583,,,,,,648.0,2104.92,4577.92,23560.75,11774.33,921.38,1759.04,1775.17,13.9,9.6,11.8,7.5,14.7,13.5,13.0,4.9,8.2,10.9,6.0,6.5,6.0,12.5,10.0,9.0,2.0,6.0,18.4,13.0,17.6,9.0,17.2,17.2,19.0,10.0,9.2,7.8,6.0,5.9,4.9,6.2,6.3,4.2,3.7,4.1,1030.0,1029.4,1029.2,1029.5,1029.8,1030.0,1029.7,1029.4,1029.3,193.144583
2023-01-01,193.144583,,,,,,502.46,1867.33,4300.0,21529.58,11079.12,825.0,1618.92,1336.75,12.5,7.9,12.3,8.3,13.6,13.0,10.5,6.0,9.5,9.4,5.0,9.0,7.7,11.1,9.0,7.0,4.0,8.0,17.3,11.2,18.0,9.0,16.8,17.0,17.0,9.0,11.1,8.2,6.7,8.2,5.4,4.6,4.5,6.2,3.7,2.9,1032.2,1031.3,1029.7,1031.4,1031.6,1030.5,1031.6,1031.3,1031.0,202.039743
2023-01-02,202.039743,,389.6,,2.4886,77.017,646.58,2472.79,5249.88,26932.04,14105.54,952.21,1804.92,1700.12,11.8,8.9,14.1,9.3,13.6,13.4,10.2,7.7,9.5,8.4,7.8,6.2,8.0,10.9,10.0,7.0,5.5,9.0,15.8,10.0,18.4,10.0,16.6,18.0,15.0,11.0,10.0,10.2,3.2,16.0,2.7,6.2,7.7,5.8,3.1,4.9,1030.8,1029.9,1027.2,1029.9,1030.7,1029.9,1030.4,1029.6,1029.9,174.74391
2023-01-03,174.74391,82.12,393.1,77.12,2.3659,72.314,668.83,2564.5,5410.38,28008.58,14782.67,952.5,1879.79,1749.92,12.1,8.6,11.4,9.8,13.7,14.0,11.2,8.2,10.2,10.4,8.0,7.0,9.0,11.7,10.5,7.8,4.0,9.5,14.5,9.1,17.8,10.3,15.9,18.0,16.0,12.0,11.2,8.8,4.7,8.0,3.3,4.9,8.8,5.7,2.8,3.8,1030.6,1029.6,1027.5,1029.6,1029.9,1029.1,1029.6,1029.5,1029.4,171.610325
2023-01-04,171.610325,78.01,394.55,73.1,2.2637,65.022,700.29,2533.12,5502.33,28723.29,15493.75,944.25,1870.92,1678.62,12.4,10.2,10.3,9.5,12.4,13.9,9.9,6.8,10.2,9.5,8.0,5.6,6.0,9.7,11.0,6.0,2.7,7.7,16.4,12.0,17.1,11.0,16.7,17.0,16.0,12.0,13.3,13.8,6.4,7.6,4.8,7.6,8.6,4.4,4.2,7.3,1028.9,1029.7,1029.2,1029.9,1028.7,1028.4,1029.2,1029.9,1029.2,182.795
2023-01-05,182.795,78.82,397.5,73.92,2.2732,72.422,677.17,2505.25,5634.25,28762.29,15453.0,928.25,1882.08,1682.29,12.9,8.7,10.9,8.4,12.9,12.8,8.4,6.7,8.4,10.4,5.0,6.4,5.0,10.4,10.0,6.2,3.0,7.0,17.9,12.0,17.6,14.2,15.7,16.1,11.0,14.0,10.0,9.6,6.4,12.2,7.3,7.1,6.6,5.6,4.8,4.4,1025.0,1023.7,1026.8,1023.4,1025.5,1026.0,1025.9,1023.7,1023.2,174.219166
2023-01-06,174.219166,78.75,400.0,74.04,2.2515,69.534,619.21,2210.0,4748.04,24805.0,13074.5,881.33,1791.75,1480.17,11.5,7.6,11.6,8.4,12.2,12.9,10.7,4.5,9.3,9.1,5.6,7.0,7.9,9.2,9.7,8.0,1.6,7.5,14.8,9.1,14.4,9.0,15.4,16.0,14.0,6.5,11.2,10.9,3.6,6.6,5.8,7.5,11.0,5.2,4.6,5.5,1025.1,1025.3,1025.8,1025.4,1024.9,1024.7,1024.5,1025.1,1025.2,192.758727
2023-01-07,192.758727,,,,,,679.71,2043.46,5144.0,25598.75,13548.12,924.33,1875.71,1383.42,11.7,9.4,10.6,7.9,12.5,13.2,9.8,4.8,9.0,9.2,8.0,5.0,7.5,9.6,10.0,7.0,2.7,8.0,15.4,11.0,17.5,8.0,15.8,16.0,14.0,7.0,11.0,8.1,4.5,13.5,3.5,5.0,6.3,3.9,4.3,7.3,1024.8,1023.9,1025.0,1024.0,1023.9,1024.3,1023.9,1023.8,1023.8,164.281631
2023-01-08,164.281631,,,,,,565.17,1873.42,4720.33,24948.67,13328.42,933.54,1913.21,1614.58,12.1,8.6,11.5,7.4,13.9,14.1,10.6,5.4,8.1,8.1,5.1,4.2,7.0,11.9,11.0,6.0,3.6,7.4,18.1,11.0,17.7,8.0,15.6,16.4,16.0,7.0,9.0,11.5,5.1,5.2,5.7,12.6,13.5,8.1,2.9,9.5,1021.4,1015.4,1021.3,1015.7,1021.3,1022.6,1020.0,1015.4,1016.3,157.638622
2023-01-09,157.638622,79.89,395.0,75.17,2.2995,74.302,693.04,2707.46,5712.25,32075.33,18106.79,983.92,1988.46,1883.42,13.0,8.3,14.9,8.0,15.1,16.8,13.2,5.8,9.5,10.8,6.1,11.7,7.0,13.4,15.0,8.7,0.6,7.0,15.0,10.5,17.6,11.0,15.9,18.6,16.0,14.0,11.7,19.5,12.9,20.2,10.4,38.7,37.8,16.6,12.6,11.6,1011.0,1004.1,1014.7,1005.0,1011.0,1015.2,1007.9,1006.2,1003.2,159.932135
2023-01-10,159.932135,80.28,393.0,75.6,2.3335,70.071,701.29,2856.54,6019.88,34397.08,19786.79,987.29,2070.38,1974.92,11.8,7.7,12.4,9.6,11.0,15.2,8.8,7.6,7.1,9.5,3.0,8.0,4.0,8.1,14.0,4.3,1.8,3.0,13.4,14.0,15.0,15.0,13.3,16.0,14.0,15.0,12.0,38.4,14.5,27.2,12.9,23.2,45.6,13.0,8.7,8.6,1009.2,1015.3,1021.5,1016.6,1012.8,1017.0,1014.8,1018.4,1013.8,180.245506
2023-01-11,180.245506,82.86,380.0,77.9,2.4392,65.346,722.54,2892.83,5967.08,34518.46,19870.75,973.83,2073.5,2017.92,12.2,6.1,10.8,4.6,10.1,14.7,6.6,4.9,5.8,10.4,3.6,4.9,0.2,7.1,10.7,0.0,1.0,1.0,12.8,11.0,17.8,9.0,13.8,16.0,14.0,11.0,11.0,39.6,8.9,11.4,3.6,12.8,21.6,8.8,5.0,10.0,1017.7,1020.6,1023.4,1020.7,1020.3,1021.6,1021.0,1020.7,1020.3,178.726611
2023-01-12,178.726611,84.19,377.0,78.88,2.4819,66.809,714.17,3094.88,6415.96,35553.83,20554.12,978.12,1979.5,1817.08,10.7,6.8,13.2,4.4,11.3,14.6,8.2,4.2,6.9,8.8,2.8,8.0,0.0,8.7,10.9,3.3,-1.7,3.0,12.8,11.0,17.2,10.0,14.2,16.3,15.0,11.0,11.2,15.0,6.0,19.5,3.0,15.7,22.2,9.9,5.7,6.3,1020.0,1022.4,1022.5,1022.6,1019.9,1019.6,1020.3,1022.4,1021.8,195.323447
2023-01-13,195.323447,85.55,370.25,80.3,2.5393,64.812,799.0,3270.62,6340.75,35477.29,20342.12,996.79,1953.79,1774.21,11.2,5.9,11.0,4.9,11.5,13.6,7.6,4.1,5.4,8.6,3.9,4.9,1.0,8.1,11.0,2.0,1.0,3.0,15.5,9.2,17.5,9.0,14.6,15.3,14.0,10.0,8.0,12.0,4.0,13.6,5.0,10.2,12.0,8.3,5.8,5.7,1020.6,1019.3,1023.3,1019.4,1021.4,1022.1,1021.2,1019.4,1019.2,161.529503
2023-01-14,161.529503,,,,,,730.42,2537.33,5315.29,28772.54,15798.29,883.83,1835.67,1671.71,10.7,5.6,12.7,4.0,12.2,14.5,8.8,3.5,5.5,8.6,2.0,10.0,-1.1,9.5,12.0,1.0,-2.1,1.0,12.2,12.0,17.4,10.0,15.0,16.0,16.0,9.0,12.0,16.7,8.0,19.0,5.9,13.5,14.8,8.4,6.6,6.0,1020.8,1021.8,1023.6,1022.0,1020.7,1021.6,1021.1,1021.7,1021.9,145.476627
2023-01-15,145.476627,,,,,,598.58,2084.46,4873.92,25724.38,13886.92,870.42,1815.21,1594.88,11.3,5.6,12.2,6.1,12.3,13.7,8.6,3.3,6.0,6.9,2.0,5.7,5.4,8.2,10.6,4.5,-0.9,4.0,16.3,8.0,18.0,7.0,15.2,17.0,13.0,9.0,7.4,14.6,4.8,10.2,3.3,19.8,18.8,8.8,6.0,7.9,1018.7,1014.2,1018.9,1014.6,1018.8,1019.8,1017.3,1014.3,1014.1,151.118892
2023-01-16,151.118892,84.66,370.0,78.8121,2.4928,55.454,734.75,3059.25,6096.17,35062.83,20345.04,1013.79,1984.54,1829.29,13.4,6.5,13.3,4.3,14.0,15.3,12.0,0.5,6.6,10.8,4.0,10.7,2.4,12.6,14.0,10.4,-3.2,4.0,16.5,9.2,16.0,6.0,15.4,16.0,14.0,5.0,8.0,18.5,10.4,13.4,7.1,33.2,32.3,20.3,6.1,9.8,1006.7,999.2,1009.1,999.3,1007.3,1010.7,1004.8,999.1,999.3,169.151782
2023-01-17,169.151782,85.88,369.25,80.65,2.7106,60.061,773.5,3133.62,6234.25,36702.62,21597.21,1021.71,2009.33,1933.0,14.4,5.2,14.5,3.0,14.4,16.7,12.8,1.6,4.9,11.7,4.5,10.0,2.0,13.3,15.0,10.6,-2.3,2.7,17.4,6.0,16.2,4.4,15.3,18.0,16.0,5.0,6.3,19.2,10.5,25.4,5.7,54.3,37.1,23.1,5.7,11.6,998.5,989.7,998.1,990.3,997.9,1003.0,993.7,990.5,989.9,149.38106
2023-01-18,149.38106,85.19,368.0,80.03,2.6962,61.709,733.21,3119.42,6213.83,36806.46,21797.71,1023.5,2013.92,1904.88,15.1,4.8,9.8,2.6,13.8,15.6,10.3,0.1,4.7,12.9,3.0,5.8,0.8,11.2,12.0,6.8,-2.9,4.0,18.0,6.0,13.3,4.0,15.5,19.0,13.0,4.0,5.2,13.9,5.4,11.4,6.0,45.4,31.4,14.4,6.7,8.4,999.6,993.6,999.5,993.8,998.9,1002.1,996.4,993.9,993.4,179.351114
2023-01-19,179.351114,86.18,363.5,80.85,2.7574,60.717,706.04,3143.62,6379.88,36964.12,21862.08,1030.0,1955.79,1886.71,12.7,3.8,6.9,3.0,10.0,11.0,6.4,1.1,4.5,11.1,1.4,3.5,2.0,6.2,7.0,2.0,-3.6,2.0,14.4,5.0,10.3,4.0,13.1,13.0,12.0,8.0,6.0,14.3,9.7,14.0,6.8,25.2,29.0,12.0,8.0,21.5,1004.2,1002.0,1008.5,1002.8,1005.0,1007.4,1003.2,1003.3,1002.1,185.466148
2023-01-20,185.466148,87.51,350.95,81.89,2.7997,66.898,754.67,3271.25,6446.08,36602.62,21262.54,1032.04,1933.96,1902.08,9.8,3.3,7.6,2.3,7.9,11.4,4.2,-0.5,4.0,6.9,1.9,5.0,0.0,5.9,9.0,1.7,-4.1,2.0,12.9,5.5,12.3,6.0,9.7,13.3,7.0,7.0,6.1,14.7,12.2,22.9,4.6,33.2,43.5,15.4,6.8,16.4,1004.5,1008.6,1005.2,1009.2,1002.5,1005.3,1003.4,1010.5,1008.3,154.390197
2023-01-21,154.390197,,,,,,650.83,2683.29,5729.62,31242.46,17400.83,1000.29,1923.58,1854.0,9.0,3.8,5.3,1.1,7.7,11.1,5.3,-0.5,3.4,5.2,2.5,1.9,-4.0,6.3,7.0,1.8,-6.1,-1.0,10.5,5.0,9.0,6.9,8.8,12.2,8.0,8.0,7.0,16.9,9.5,15.1,3.7,18.6,42.5,25.6,6.5,7.7,1002.7,1010.4,1010.1,1011.2,1003.0,1007.9,1004.4,1013.1,1010.0,185.40492
2023-01-22,185.40492,,,,,,544.46,2274.67,5308.62,27281.79,14922.88,923.0,1840.38,1467.79,9.2,5.0,3.6,3.0,7.8,8.9,3.9,0.8,5.3,6.6,4.0,-1.1,0.0,6.7,6.9,0.1,-3.2,3.0,12.7,7.0,10.6,7.0,9.2,11.0,10.0,6.0,7.0,10.6,10.0,11.9,4.5,17.1,18.1,9.4,6.8,24.8,1012.6,1016.3,1012.5,1017.5,1011.3,1011.3,1011.5,1018.2,1016.9,204.114147
2023-01-23,204.114147,87.97,360.0,81.93,2.8402,65.999,701.92,3172.58,6461.92,36058.62,20541.21,1094.12,2015.29,2071.58,9.7,3.7,5.3,2.7,9.0,9.4,3.9,1.3,7.0,5.5,1.0,-1.1,0.0,6.7,6.7,0.9,-2.8,3.0,14.5,8.9,11.5,5.0,10.0,12.0,8.0,4.7,9.0,12.0,15.5,7.2,5.0,21.0,20.4,9.6,8.5,23.9,1016.4,1017.9,1015.4,1019.8,1015.8,1016.4,1015.1,1020.1,1019.2,202.066707
2023-01-24,202.066707,86.14,359.6,80.44,2.795,58.269,734.42,3238.33,6597.71,37255.92,21383.54,1088.04,2085.0,2128.88,9.1,5.5,7.3,7.0,10.1,10.7,4.9,4.4,7.0,5.4,2.0,5.0,4.0,8.0,6.0,0.9,-0.6,3.0,14.0,9.0,11.0,11.0,13.3,14.0,13.0,9.0,11.0,8.5,9.3,11.4,4.9,18.4,11.3,12.0,8.1,12.6,1025.6,1028.3,1020.7,1028.8,1024.1,1021.2,1024.3,1029.2,1028.4,187.390102
2023-01-25,187.390102,86.04,354.0,80.44,2.7501,56.66,659.08,3262.96,6670.54,38103.96,22207.79,1061.75,2135.42,2106.42,10.4,5.8,6.8,5.9,10.0,10.4,6.2,3.4,6.6,7.4,2.8,4.4,1.5,9.1,6.1,0.0,0.0,3.0,13.0,7.7,11.4,9.0,11.7,13.0,14.0,9.0,10.0,16.9,8.8,12.3,4.3,29.3,9.6,15.9,6.0,16.1,1019.6,1024.7,1016.2,1025.8,1018.2,1015.5,1018.7,1025.8,1025.2,174.265212
2023-01-26,174.265212,87.06,355.6,81.28,2.7749,54.815,559.33,3197.21,6701.58,37491.83,21501.58,1102.58,2215.62,2213.92,8.6,3.4,5.4,4.2,9.0,9.2,7.9,2.8,3.7,6.7,1.0,1.0,2.0,7.4,6.0,4.5,-0.8,1.0,10.3,7.0,10.3,7.0,10.7,12.0,13.0,8.0,7.1,9.4,6.7,9.7,4.4,22.9,16.4,20.5,5.2,16.0,1008.8,1015.4,1009.1,1015.6,1007.9,1006.8,1008.3,1015.8,1015.6,171.493317
2023-01-27,171.493317,86.04,358.1,79.96,2.76,55.425,689.25,3253.04,6459.25,37162.88,21478.17,1067.96,2140.12,2075.08,8.4,2.7,6.7,3.7,8.8,10.1,6.0,2.0,3.1,7.0,0.0,0.4,1.0,7.3,8.0,2.0,-0.4,0.0,10.6,6.0,12.3,5.0,10.9,12.2,11.0,5.0,6.1,16.9,7.8,10.2,5.5,22.0,12.1,16.5,4.0,15.4,1006.2,1013.6,1008.9,1014.1,1006.9,1006.1,1006.9,1014.7,1014.0,163.894366
2023-01-28,163.894366,,,,,,653.0,2646.71,5345.75,30823.33,16649.54,1033.88,2091.04,2403.42,8.5,2.9,7.9,2.6,8.8,9.6,5.5,2.6,3.4,5.2,-0.2,4.0,-1.0,7.0,7.7,2.7,-2.0,-0.1,11.2,6.2,13.1,8.0,11.7,12.4,9.0,7.0,8.0,15.8,8.0,7.1,3.8,25.1,12.6,13.7,5.8,11.7,1014.4,1019.0,1012.3,1019.2,1012.4,1011.4,1012.9,1019.3,1019.2,155.825571
2023-01-29,155.825571,,,,,,598.96,2308.42,5031.21,27426.96,14497.88,975.42,1929.42,2085.67,8.2,2.2,6.7,2.5,8.8,10.2,5.2,1.6,3.7,6.5,-2.0,-0.1,-2.0,7.3,6.0,1.0,-3.0,1.3,10.0,7.6,13.7,8.0,11.4,14.1,13.0,7.0,7.2,19.3,6.9,8.3,4.3,26.8,10.1,13.1,5.0,8.1,1020.3,1024.7,1019.2,1024.8,1019.7,1017.3,1020.3,1024.8,1024.7,179.474197
2023-01-30,179.474197,84.14,265.35,78.18,2.6851,55.156,636.96,3144.29,5961.12,35636.58,20229.38,1066.83,2128.0,2470.0,8.3,3.3,8.5,3.2,8.6,12.1,3.6,2.9,1.4,6.7,0.0,2.0,-3.0,5.0,8.0,-3.0,-1.0,-2.0,11.5,9.0,14.1,10.0,11.3,14.0,11.0,10.0,5.7,16.8,8.4,16.2,7.1,21.1,14.6,8.6,5.5,5.3,1019.1,1019.3,1023.4,1018.9,1020.2,1021.1,1020.7,1019.4,1019.0,161.941254
2023-01-31,161.941254,85.17,262.0,79.17,2.7352,57.352,665.54,3278.21,6151.04,37563.0,21577.79,1082.33,2213.96,2594.12,9.8,4.2,10.2,4.0,9.7,13.0,6.2,4.1,2.8,6.0,-1.0,6.0,-1.0,6.2,10.0,-1.0,-2.8,-1.2,12.5,11.3,13.4,10.4,12.8,14.0,15.0,12.0,9.0,30.8,7.4,10.5,7.4,21.7,24.8,9.7,5.4,8.0,1019.7,1021.9,1022.9,1022.0,1020.6,1021.2,1021.6,1022.3,1021.4,163.576745
2023-02-01,163.576745,82.58,247.0,76.73,2.6318,59.527,779.75,3191.08,6611.21,37780.08,21790.79,1067.79,2227.21,2112.25,9.8,6.0,8.7,7.4,9.9,10.5,5.8,4.3,3.9,5.9,2.7,1.5,0.0,5.0,6.0,0.0,-1.5,0.7,14.5,12.3,15.1,14.4,13.2,14.1,14.0,13.0,9.2,11.9,7.2,10.2,8.5,13.0,8.5,7.3,5.9,7.5,1023.1,1020.7,1024.8,1020.7,1024.3,1025.0,1024.2,1021.5,1020.6,179.741528
2023-02-02,179.741528,82.03,245.0,76.2,2.6246,57.04,764.21,3192.79,6349.17,37016.12,21235.04,1045.71,2158.46,2270.75,10.5,7.8,11.2,9.3,11.1,12.4,7.5,4.3,2.0,7.2,0.4,7.0,3.0,7.7,10.0,2.0,-2.0,-1.1,14.7,17.0,15.5,15.4,14.0,15.0,16.0,14.0,7.0,10.4,10.7,5.9,12.3,10.1,13.3,9.0,7.1,5.2,1022.7,1021.2,1023.7,1022.1,1023.5,1023.4,1023.6,1023.5,1021.2,169.610285
2023-02-03,169.610285,79.71,236.0,73.74,2.5119,57.889,675.29,3170.58,6302.83,36601.96,21102.08,1025.67,2100.54,2224.96,10.9,5.8,8.8,8.3,11.1,11.3,7.1,6.4,4.7,8.1,0.0,2.7,0.5,7.6,8.0,0.0,0.9,0.7,14.5,12.0,16.6,15.3,14.6,15.0,16.0,16.0,9.5,13.6,7.5,9.8,9.8,12.0,12.5,7.9,7.0,8.1,1025.3,1024.6,1028.6,1024.4,1026.8,1027.4,1027.3,1026.0,1024.6,155.49069
2023-02-04,155.49069,,,,,,595.46,2462.54,5629.29,30473.58,16834.79,940.21,2053.12,1958.17,11.7,8.0,9.5,12.5,11.8,12.1,8.1,8.7,4.6,7.7,2.0,4.6,6.9,9.0,7.8,2.0,0.3,-1.0,13.8,17.0,14.0,21.1,14.5,15.0,16.0,21.0,10.0,31.7,10.5,13.4,19.8,24.8,19.1,12.5,8.2,6.4,1020.1,1021.6,1023.9,1021.5,1022.1,1022.6,1022.2,1023.3,1022.4,140.311451
2023-02-05,140.311451,,,,,,537.42,2197.04,5124.75,26892.25,14380.46,910.75,1892.92,1848.92,6.6,4.5,9.5,6.4,6.9,11.8,6.2,4.4,5.0,4.4,-1.0,2.0,3.1,4.5,9.0,1.0,1.2,2.5,8.6,9.0,17.1,9.0,8.9,14.1,12.0,9.0,7.0,57.3,12.9,9.9,12.2,41.2,34.5,17.8,7.8,7.9,1025.4,1031.2,1026.1,1031.3,1027.5,1024.8,1028.2,1031.5,1032.6,173.222912
2023-02-06,173.222912,80.71,235.0,74.47,2.5532,58.109,727.17,3163.5,6437.38,35681.5,19876.62,1054.71,2195.33,2226.79,5.1,2.5,9.8,4.7,5.1,8.6,3.7,3.9,2.6,4.5,-1.0,8.4,2.7,3.9,8.0,-0.4,1.5,-0.7,6.0,7.0,12.0,6.0,6.3,9.6,10.0,6.0,5.0,41.6,8.7,22.4,11.4,34.3,25.6,19.0,7.8,11.0,1028.5,1034.2,1024.5,1033.8,1029.2,1026.0,1029.0,1033.1,1035.2,178.264533
2023-02-07,178.264533,83.37,255.65,77.56,2.6351,55.403,795.17,3344.5,6700.29,38299.79,21689.21,1055.58,2338.33,2376.71,5.4,0.7,9.6,2.8,5.1,8.8,3.8,1.9,1.1,2.2,-3.2,8.6,0.0,2.7,8.0,-2.0,-3.0,-3.0,7.6,6.0,11.5,6.5,8.3,10.1,11.0,8.0,5.1,20.2,6.9,23.3,8.8,26.0,24.3,10.8,10.7,11.9,1032.1,1036.6,1027.2,1036.6,1031.6,1027.4,1031.6,1036.4,1037.1,170.347097
2023-02-08,170.347097,84.7,239.35,78.84,2.6518,53.687,745.21,3261.67,6651.88,38233.96,21907.38,1061.92,2290.67,2315.25,7.2,0.2,8.9,1.3,5.6,9.3,3.0,0.3,0.7,6.6,-5.0,5.2,-5.0,2.5,8.0,-3.0,-4.5,-2.8,7.9,5.0,12.2,5.5,8.8,11.0,11.0,6.0,5.0,34.7,8.0,19.4,8.3,27.3,24.6,11.8,6.4,22.5,1032.4,1036.5,1026.7,1037.1,1030.3,1024.7,1031.0,1036.9,1037.5,179.58944
2023-02-09,179.58944,84.06,225.5,78.39,2.6412,52.734,725.42,3295.88,6755.21,38671.33,22105.75,1084.04,2249.75,2455.29,7.7,1.2,6.7,2.1,6.4,9.9,4.0,0.3,1.3,6.4,-2.4,1.7,0.0,5.4,8.5,-1.0,-4.0,-3.0,8.4,5.0,13.5,5.7,7.9,11.0,11.0,5.0,5.0,24.1,8.0,11.4,6.7,29.4,12.6,13.4,5.2,14.7,1032.5,1036.8,1027.7,1037.5,1029.3,1022.8,1030.4,1037.9,1037.1,168.191538
2023-02-10,168.191538,85.99,218.0,80.04,2.7019,53.947,756.25,3327.79,6513.58,38106.08,21875.42,1053.12,2254.88,2325.04,8.8,1.2,6.8,0.8,7.9,10.3,4.4,0.6,1.6,6.0,-3.6,1.9,-5.0,6.4,8.0,-2.0,-4.6,-4.5,10.5,7.6,13.3,7.5,10.8,12.0,12.0,9.0,9.0,24.9,10.5,13.0,3.1,29.2,39.8,14.5,5.0,7.1,1032.9,1036.9,1032.1,1036.9,1031.2,1026.1,1032.2,1037.0,1036.6,171.623017
2023-02-11,171.623017,,,,,,715.71,2755.0,5851.46,31863.08,17326.33,1008.75,2149.75,2056.08,8.0,3.0,5.8,2.0,8.7,10.5,4.9,3.1,2.4,4.8,-2.3,-0.8,-4.0,5.7,7.0,-2.0,-2.0,-3.0,11.6,10.0,12.4,10.2,12.8,13.2,14.0,10.0,8.0,15.8,9.0,9.0,4.7,15.6,9.0,10.9,5.6,6.7,1033.8,1035.2,1034.5,1035.3,1033.7,1032.4,1034.4,1035.3,1034.7,150.756903
2023-02-12,150.756903,,,,,,665.29,2342.25,5311.29,27056.71,14132.79,903.29,1897.58,1804.21,9.5,5.8,6.6,5.6,9.7,10.5,5.6,6.0,4.6,5.7,1.0,-0.1,-2.3,5.4,6.0,-3.0,0.4,-2.0,12.2,13.0,15.2,14.0,14.6,13.2,15.0,16.0,12.0,24.5,8.0,10.1,5.5,16.0,11.0,7.9,6.6,6.1,1031.1,1033.4,1033.6,1033.3,1031.8,1031.6,1032.1,1033.4,1033.9,168.777972
2023-02-13,168.777972,86.23,221.0,80.45,2.7276,51.707,703.42,3153.21,6372.12,36362.25,20625.83,1071.83,2160.54,2275.29,10.9,5.1,9.3,5.6,10.1,11.2,6.9,5.8,5.6,7.3,-0.4,2.0,-1.6,6.4,8.0,-2.0,1.7,0.0,13.7,13.0,15.4,13.0,14.1,13.0,16.0,13.0,12.0,17.0,5.9,8.8,4.3,20.0,13.8,10.5,5.4,7.7,1035.4,1037.1,1034.3,1037.3,1034.6,1032.4,1035.2,1037.5,1037.0,161.097538
2023-02-14,161.097538,85.3,219.5,79.4,2.6939,52.386,690.96,3230.88,6587.62,37188.04,21136.25,1035.21,2206.21,2300.92,10.0,7.6,9.5,5.8,9.6,10.7,7.3,6.9,5.0,7.2,2.0,3.5,-1.1,5.5,6.0,-1.0,1.2,-1.0,13.8,15.8,16.2,15.1,13.9,14.0,18.0,15.0,12.0,19.0,10.5,9.0,4.6,14.0,9.4,8.2,5.9,4.8,1032.0,1033.5,1034.3,1033.7,1033.0,1033.2,1033.1,1034.1,1033.2,165.865996
2023-02-15,165.865996,85.05,219.9,79.02,2.6942,54.716,747.04,3179.5,6298.0,36728.83,21118.17,1026.17,2193.75,2166.21,11.0,9.0,8.7,6.8,10.9,12.4,7.6,8.7,6.5,8.1,3.1,1.9,-0.9,5.7,9.0,-1.0,3.4,1.0,14.7,17.5,16.3,17.1,15.4,14.0,18.0,18.0,13.0,12.0,8.3,9.4,3.3,7.3,13.1,8.6,5.1,5.4,1029.9,1029.2,1030.7,1029.3,1030.0,1030.2,1029.8,1029.3,1029.2,163.613171
2023-02-16,163.613171,84.8,214.0,78.9,2.6456,52.011,705.54,3218.75,6265.46,36457.62,20903.83,1006.79,2107.08,2250.17,11.1,7.7,8.2,7.7,12.0,11.0,6.9,7.6,4.8,7.8,1.0,1.3,0.0,10.0,7.0,2.0,3.2,0.0,15.5,14.0,15.0,15.4,14.5,14.2,13.0,15.0,8.0,10.2,6.8,7.4,6.9,12.3,9.1,7.5,6.6,6.4,1030.2,1028.6,1031.1,1028.7,1031.1,1031.1,1031.3,1028.3,1029.1,165.670521
2023-02-17,165.670521,82.67,209.35,76.7,2.613,49.047,709.62,3180.38,6225.12,36076.62,20652.21,979.62,2094.88,2234.79,10.8,8.8,9.7,8.8,11.2,11.3,8.3,7.0,5.8,6.2,1.0,4.0,1.0,7.7,8.0,2.6,1.2,2.0,15.0,16.0,16.0,16.0,14.0,14.0,15.0,15.0,9.0,8.4,6.5,8.1,6.9,13.7,11.1,9.2,5.9,6.4,1030.6,1029.4,1031.8,1029.3,1031.3,1031.4,1031.4,1029.2,1029.6,139.697002
2023-02-18,139.697002,,,,,,588.08,2482.67,5424.33,30274.08,16704.58,956.29,2011.75,2106.38,11.0,8.5,8.7,9.9,12.2,11.2,8.5,7.5,7.3,7.0,3.0,2.3,2.3,9.8,8.0,1.0,2.7,5.8,15.7,15.0,16.0,16.5,14.3,14.0,16.0,16.0,9.0,9.5,6.3,8.9,8.7,17.2,12.4,6.3,5.4,6.2,1029.8,1027.3,1031.5,1027.3,1030.7,1031.0,1030.6,1026.9,1027.7,134.898247
2023-02-19,134.898247,,,,,,592.54,2119.58,4822.71,25623.71,13663.38,893.38,1816.21,1715.92,11.5,9.2,10.0,9.8,12.7,10.2,10.8,7.3,7.2,8.0,3.0,3.0,3.0,12.0,6.0,8.0,2.4,3.0,14.8,15.0,17.4,16.6,13.3,14.0,16.0,16.0,9.0,9.5,6.7,10.6,8.4,20.2,5.9,7.0,5.8,3.8,1025.4,1023.3,1027.4,1023.2,1026.6,1027.6,1026.3,1023.3,1023.8,159.72413
2023-02-20,159.72413,83.28,205.65,77.2356,2.4469,49.874,742.54,2927.21,5860.83,33941.46,19495.12,981.71,1967.08,1966.96,12.2,9.4,10.8,8.0,12.4,11.6,10.1,6.8,8.0,8.8,5.0,4.0,4.6,9.9,7.0,5.9,2.2,2.0,16.0,15.0,19.7,13.0,15.0,16.0,17.0,10.0,14.0,9.8,4.4,11.8,3.8,8.9,9.2,7.1,4.5,5.1,1026.4,1025.8,1025.9,1026.3,1026.5,1025.9,1026.3,1025.9,1025.8,159.854962
2023-02-21,159.854962,82.29,209.0,76.53,2.6145,48.542,751.5,3107.42,6010.54,35474.12,20587.58,969.54,2055.46,1992.08,11.6,9.5,10.5,7.8,12.1,12.3,10.5,7.6,7.0,8.0,4.0,2.8,0.6,9.1,8.3,5.3,2.5,3.0,14.7,14.0,19.0,15.0,15.0,16.0,15.0,14.0,10.0,9.4,6.1,9.2,4.0,8.9,8.8,6.5,5.5,6.0,1022.4,1021.3,1021.9,1021.4,1023.2,1022.6,1022.8,1021.0,1021.6,162.278267
2023-02-22,162.278267,80.08,209.65,74.19,2.5403,50.568,713.29,3089.75,5977.12,35450.5,20638.5,962.25,1963.96,2105.62,12.7,10.5,10.8,10.5,12.0,12.5,11.4,8.6,9.0,10.1,8.0,5.5,8.8,9.1,8.0,8.0,6.5,7.0,15.9,13.6,15.7,13.0,15.0,16.0,17.0,12.0,11.0,6.4,3.3,9.2,4.2,10.4,8.4,6.1,5.1,4.8,1018.8,1017.6,1017.8,1017.8,1018.6,1017.4,1018.2,1017.6,1017.8,156.370054
2023-02-23,156.370054,81.48,210.1,75.6,2.575,50.78,682.38,3083.58,5936.79,35535.71,20781.92,952.17,1940.67,2158.21,12.5,11.0,12.5,11.4,11.9,12.2,10.2,9.2,9.4,10.0,8.0,9.4,8.9,9.6,9.0,6.0,6.4,7.9,15.2,14.1,15.8,15.0,14.3,15.0,16.0,14.0,11.4,7.3,4.8,9.3,5.0,8.9,6.3,6.3,4.9,3.6,1017.2,1015.3,1014.9,1015.4,1016.5,1015.6,1016.3,1015.1,1015.6,164.002207
2023-02-24,164.002207,82.29,209.2,76.47,2.5753,51.013,703.29,3042.46,5960.96,34902.12,20322.92,935.42,1980.58,1956.5,13.9,10.5,14.1,10.7,12.1,16.6,10.4,8.8,7.1,10.2,5.0,8.3,8.0,8.3,9.0,5.0,5.0,4.0,19.3,15.2,18.0,13.4,16.1,23.3,17.0,13.0,11.1,14.1,6.0,11.5,3.6,15.7,15.2,10.4,5.2,5.7,1014.6,1011.5,1010.1,1011.9,1014.4,1012.4,1013.5,1011.3,1012.0,145.946394
2023-02-25,145.946394,,,,,,709.17,2393.17,5215.67,28708.83,15845.54,875.38,1940.25,1729.67,15.4,11.7,14.2,11.0,15.2,21.3,12.6,7.3,9.5,13.2,6.3,12.7,7.0,12.5,16.0,8.0,3.5,7.0,17.4,15.0,16.3,16.0,19.0,23.0,18.0,13.0,13.0,23.1,6.0,9.8,7.1,31.4,33.3,12.1,6.7,7.0,1006.0,1000.6,1002.0,1001.1,1005.0,1002.1,1003.4,1001.5,1000.5,125.541813
2023-02-26,125.541813,,,,,,618.46,2162.17,4774.21,25549.08,13744.62,855.25,1748.54,1645.83,15.6,6.0,10.8,4.9,13.4,13.9,11.9,2.7,6.8,12.2,3.5,7.0,3.0,11.9,10.4,8.9,0.9,5.0,18.7,11.0,14.7,8.0,14.5,16.0,14.0,6.0,9.0,17.2,20.3,14.3,12.4,30.3,29.3,11.0,9.9,32.4,999.8,1002.6,1001.7,1002.6,999.6,1003.0,998.4,1003.5,1003.8,173.20009
2023-02-27,173.20009,81.51,196.5,75.81,2.5748,47.299,701.96,2999.83,6000.5,34014.25,19524.12,928.71,1909.04,1950.08,12.5,4.9,9.8,4.2,11.6,12.0,9.2,2.1,5.5,10.0,3.0,3.5,1.7,10.0,9.8,5.0,0.4,3.8,16.9,7.0,14.3,6.1,13.1,14.2,14.0,5.0,8.0,12.8,11.3,10.1,8.7,19.4,9.5,9.2,8.2,27.7,1012.0,1016.1,1008.1,1017.0,1011.0,1010.3,1010.0,1017.7,1016.8,162.731025
2023-02-28,162.731025,82.83,192.85,77.19,2.632,46.665,751.62,3291.38,6358.92,35702.25,20616.75,916.5,1978.71,1788.38,11.9,4.4,8.2,5.4,11.6,11.8,9.5,2.7,5.5,9.6,2.0,6.9,2.5,9.2,8.0,4.7,0.4,1.1,14.0,6.5,11.0,9.2,15.8,16.0,16.0,5.0,9.0,10.5,10.4,9.8,6.4,21.8,13.7,13.9,6.3,22.2,1017.7,1021.4,1010.6,1022.0,1014.1,1011.9,1013.7,1022.4,1021.8,167.975565
2023-03-01,167.975565,83.69,192.0,77.83,2.6644,47.084,807.46,3446.17,6582.5,36348.54,21134.58,908.79,2013.88,1455.17,13.0,2.8,9.6,4.7,11.6,11.7,9.1,3.9,6.4,10.7,0.0,5.9,0.0,10.1,8.0,5.8,-0.4,2.3,15.2,5.0,14.3,9.0,13.4,16.0,14.0,8.0,10.0,9.6,13.2,14.6,5.1,19.4,22.8,12.4,7.5,26.2,1012.9,1017.4,1008.0,1018.1,1012.2,1011.0,1011.1,1018.1,1017.0,167.949697
2023-03-02,167.949697,84.09,193.0,78.31,2.6894,46.815,774.92,3417.46,6265.17,36108.75,20868.29,994.0,2060.88,1728.04,11.0,5.9,10.5,7.4,11.1,12.8,9.2,6.0,7.9,7.5,3.0,6.0,4.0,9.4,11.0,4.6,3.6,4.9,14.4,8.5,14.2,11.0,12.5,15.0,15.0,11.0,12.0,7.7,11.9,12.0,5.0,28.1,23.3,18.2,7.7,12.7,1014.6,1017.0,1012.2,1017.7,1013.0,1013.5,1011.3,1017.9,1016.7,165.88317
2023-03-03,165.88317,85.26,187.15,79.79,2.7412,44.98,669.83,3385.46,6052.75,35835.62,20636.54,994.17,1990.17,2106.71,10.4,8.2,10.8,8.3,11.0,9.8,9.4,7.1,8.1,5.1,4.0,3.0,2.3,9.9,7.9,4.6,0.0,3.0,14.2,13.1,14.5,14.2,12.7,13.0,15.0,14.0,13.0,12.9,6.8,8.3,2.8,17.4,12.5,10.7,6.5,10.6,1014.3,1016.3,1012.1,1016.5,1013.4,1012.2,1013.3,1016.5,1016.1,143.96497
2023-03-04,143.96497,,,,,,661.62,2648.21,5558.08,29647.54,16057.88,955.88,1856.12,1909.75,11.4,7.4,9.1,8.9,11.3,11.1,9.5,7.7,8.5,9.6,1.0,3.2,2.8,9.6,10.0,4.0,1.3,3.1,14.5,15.0,16.2,15.0,13.9,13.0,18.0,15.0,14.0,11.6,6.1,9.2,3.6,22.9,14.5,12.8,5.7,8.5,1012.6,1016.3,1015.6,1016.3,1012.2,1013.4,1012.8,1016.3,1015.9,140.753145
2023-03-05,140.753145,,,,,,551.96,2278.5,4943.88,25722.62,13334.33,906.0,1830.54,1877.42,11.1,9.4,10.5,8.7,11.4,13.0,8.6,7.7,7.0,8.6,3.9,6.0,1.6,7.9,10.0,2.0,0.5,2.0,15.5,16.0,16.0,16.0,14.1,14.1,16.0,15.0,10.7,11.0,10.0,12.8,4.2,17.8,19.3,10.1,7.3,9.4,1012.3,1011.0,1016.4,1011.0,1012.9,1015.4,1012.7,1010.6,1011.3,147.151305
2023-03-06,147.151305,85.62,182.0,80.56,2.7841,42.149,619.38,3139.12,5870.83,33945.83,19237.42,957.12,1988.88,2133.08,12.4,9.7,8.5,9.8,12.4,12.7,10.7,6.6,8.4,7.9,2.0,2.7,5.0,10.8,11.0,6.6,1.1,5.3,16.9,15.0,14.5,14.0,14.0,16.3,16.0,15.0,12.0,10.2,10.3,7.5,4.7,19.5,21.8,12.8,5.6,8.6,1011.5,1005.9,1011.8,1005.8,1011.9,1012.7,1010.2,1005.5,1006.0,152.23435
2023-03-07,152.23435,82.8,180.0,77.72,2.6899,43.37,683.67,3256.38,6173.25,35641.92,20679.58,973.58,1908.71,1966.75,12.3,11.1,11.5,10.1,12.6,12.4,11.0,6.1,7.8,8.3,4.0,3.0,6.0,10.9,10.5,7.2,0.0,3.6,16.4,17.0,18.8,14.0,14.5,15.0,16.0,13.0,12.0,11.0,10.0,9.1,4.8,16.1,14.4,12.9,6.9,7.6,1009.2,1004.0,1010.9,1003.8,1010.1,1011.7,1008.9,1003.3,1003.9,135.901827
2023-03-08,135.901827,82.19,182.0,76.81,2.6777,42.339,658.33,3170.25,6162.38,35317.79,20459.29,974.79,1929.21,1963.54,14.8,12.1,15.8,10.1,14.1,15.3,13.6,7.8,8.9,11.6,5.0,11.4,3.0,12.9,11.0,10.4,2.5,3.0,20.3,17.3,21.4,15.0,15.9,18.1,18.0,15.0,13.0,14.6,7.2,12.2,4.7,21.3,25.5,14.6,6.1,7.8,1011.0,1004.6,1012.0,1004.9,1011.5,1013.3,1009.8,1004.8,1004.8,133.239567
2023-03-09,133.239567,81.09,180.0,75.88,2.5972,43.599,664.92,3166.21,6057.21,35438.79,20609.92,965.08,1919.12,2056.33,16.5,13.9,16.0,13.1,14.8,18.4,14.4,9.9,11.9,12.6,7.0,11.5,10.0,13.3,15.0,11.5,4.3,9.0,21.0,20.0,21.2,18.0,17.1,22.0,18.0,19.0,15.0,14.4,8.9,11.9,6.0,23.4,31.4,15.6,6.5,10.7,1010.2,1004.0,1012.0,1004.2,1011.9,1013.4,1009.9,1004.1,1004.0,125.475692
2023-03-10,125.475692,82.16,185.25,76.8,2.6378,52.857,636.67,3434.75,6751.79,38415.08,22417.46,950.42,1935.62,2288.38,18.1,12.7,16.6,13.0,15.0,17.2,13.8,10.9,11.4,15.1,4.0,12.9,9.0,13.9,16.0,9.2,5.0,8.0,22.5,19.1,21.0,18.0,16.5,18.2,17.0,18.0,15.0,20.4,8.9,19.1,9.3,29.1,31.5,13.0,18.6,9.9,1004.2,998.8,1011.2,999.5,1006.4,1010.8,1005.0,1000.0,998.2,123.339054
2023-03-11,123.339054,,,,,,659.29,2412.54,5434.08,28364.58,15360.38,895.79,1978.5,1624.0,16.2,16.4,17.7,15.3,14.9,16.3,12.3,12.9,10.1,14.2,9.0,13.0,9.0,13.7,15.0,7.0,6.3,7.0,19.5,23.0,22.2,22.4,17.7,18.0,18.0,22.0,13.0,12.0,14.4,25.0,12.1,16.4,30.3,6.4,11.6,10.2,1001.8,998.5,1010.4,999.0,1003.2,1009.1,1003.1,1000.5,998.7,122.751997
2023-03-12,122.751997,,,,,,625.29,2154.21,4791.75,24707.83,13077.29,853.0,1701.21,1505.08,14.0,10.8,16.6,12.0,14.1,15.9,15.1,10.7,9.7,11.0,7.0,11.5,8.0,9.3,14.0,10.4,6.1,6.7,15.7,16.6,21.1,16.0,18.3,16.6,22.0,18.0,12.2,14.0,9.0,32.9,10.0,16.3,16.0,11.2,8.3,12.6,1011.3,1012.4,1013.5,1012.7,1010.0,1012.0,1010.0,1012.9,1013.2,145.39893
2023-03-13,145.39893,80.23,182.9,74.95,2.5809,49.584,650.46,2871.04,5713.25,32326.5,18482.42,911.62,1830.12,1867.58,13.6,10.5,14.5,11.4,13.4,14.7,13.0,9.6,9.4,9.4,5.0,8.0,7.0,8.8,11.5,7.4,6.4,4.0,18.5,17.0,22.8,15.0,18.2,17.0,20.0,12.0,13.8,14.1,5.7,15.6,6.3,13.2,10.1,11.3,6.2,7.7,1019.8,1016.3,1018.6,1016.7,1019.7,1019.5,1019.0,1015.9,1017.0,131.438197
2023-03-14,131.438197,77.0,180.0,71.57,2.5362,44.185,709.79,2992.08,5975.71,33662.0,19441.33,942.46,1897.96,1702.67,15.8,14.4,14.6,11.7,14.1,18.1,12.8,10.3,11.2,12.4,8.9,8.4,8.9,12.3,15.0,9.0,6.6,9.0,19.7,17.0,19.3,14.3,17.2,21.0,16.0,15.0,13.0,22.1,12.0,22.7,10.7,34.9,32.6,17.2,8.1,11.9,1009.4,1003.2,1011.3,1003.5,1010.0,1011.4,1007.7,1003.8,1004.2,140.80407
2023-03-15,140.80407,73.28,175.0,67.82,2.4189,42.905,634.38,3035.54,6239.5,34228.21,19871.08,903.21,1936.62,1607.88,13.3,10.7,13.6,12.3,13.0,14.9,11.8,8.6,10.6,11.0,6.9,10.0,8.0,10.0,14.0,7.2,3.4,8.0,16.3,13.8,17.2,16.0,16.5,15.1,17.0,14.0,13.0,29.6,10.1,34.8,18.2,28.2,34.2,19.2,11.6,12.4,1003.3,1010.0,1013.1,1010.8,1005.2,1010.3,1006.9,1012.6,1009.9,129.170211
2023-03-16,129.170211,74.29,174.0,68.63,2.4746,44.341,657.88,2928.12,5804.83,33638.58,19570.21,927.58,1822.88,1927.08,12.0,8.3,11.1,9.3,10.8,14.0,9.9,7.0,8.8,11.2,3.0,3.7,1.8,8.6,13.0,4.6,0.7,3.0,13.0,14.0,18.5,15.0,14.0,16.0,18.0,14.0,12.0,44.2,13.0,12.4,8.0,32.2,26.3,17.2,7.2,10.1,1015.2,1020.7,1018.5,1020.3,1017.0,1015.8,1017.9,1020.8,1021.5,127.008746
2023-03-17,127.008746,72.77,173.0,67.12,2.4658,42.857,718.21,3002.58,6098.62,33267.0,18997.79,933.88,1839.5,1676.42,11.6,7.8,11.2,9.0,11.4,12.8,8.8,7.7,8.4,8.9,0.3,2.6,3.0,8.1,11.0,2.7,2.3,3.0,13.5,15.0,16.6,14.0,15.9,14.4,16.0,14.0,13.0,27.4,8.6,14.6,6.0,17.4,19.9,8.8,6.8,8.2,1021.3,1021.6,1018.8,1022.0,1020.7,1019.0,1020.7,1021.9,1022.2,133.746642
2023-03-18,133.746642,,,,,,573.33,2340.12,5337.08,28023.33,15306.46,868.58,1824.54,1773.21,11.1,9.6,14.2,9.8,12.1,13.3,10.4,9.1,9.0,6.5,3.0,8.4,3.0,9.4,8.6,4.7,3.9,4.6,15.2,16.2,17.4,17.0,15.2,17.0,17.0,16.0,13.0,11.1,8.0,13.3,3.2,9.1,9.4,10.6,6.2,6.4,1020.0,1018.2,1016.6,1018.4,1020.0,1019.0,1019.4,1018.1,1018.8,123.74142
2023-03-19,123.74142,,,,,,553.75,2178.38,5228.25,25104.67,13147.42,877.71,1763.54,1355.62,12.1,10.7,15.1,10.8,12.9,13.0,11.9,10.4,9.6,6.6,6.0,11.7,5.0,10.2,9.0,7.9,6.3,5.0,16.4,15.0,18.1,16.0,16.3,16.0,16.0,16.0,13.0,12.9,6.2,7.3,5.2,7.7,9.5,6.9,5.5,6.4,1020.8,1019.4,1018.6,1019.4,1020.7,1019.9,1020.2,1018.8,1019.8,137.405274
2023-03-20,137.405274,73.54,173.0,67.99,2.4968,39.325,628.83,2849.29,5780.58,32323.75,18483.71,907.83,1864.5,1809.0,14.4,10.7,14.9,10.9,12.4,14.3,11.7,10.6,10.6,10.4,8.0,11.0,5.7,9.6,13.0,9.1,3.1,8.9,19.0,14.0,20.3,16.0,14.4,16.0,14.0,18.0,13.1,10.2,4.7,17.0,4.7,10.2,9.6,6.3,6.2,7.4,1018.7,1019.2,1018.3,1019.4,1018.9,1018.6,1018.3,1018.7,1019.3,133.893545
2023-03-21,133.893545,75.03,174.0,69.77,2.5063,42.4,638.25,2927.58,5728.04,33445.54,19453.0,937.08,1874.33,1887.25,12.9,12.3,12.7,12.2,13.6,13.8,12.4,11.2,11.8,10.7,6.9,5.6,4.0,10.5,11.0,7.1,5.0,5.1,13.9,18.7,20.0,19.1,17.7,16.0,21.0,18.0,18.0,14.3,7.6,11.0,3.8,14.1,14.3,7.8,5.0,7.2,1015.5,1017.1,1017.6,1017.3,1015.4,1015.6,1015.5,1017.0,1016.7,132.737464
2023-03-22,132.737464,76.38,176.55,71.02,2.56,39.974,637.92,2946.08,5881.12,33188.12,19049.29,927.96,1865.67,1880.08,13.6,14.5,13.1,14.1,13.6,14.1,12.7,12.9,14.0,10.4,10.0,7.6,7.0,9.6,12.0,7.2,7.8,9.6,16.7,21.0,18.3,21.2,19.3,16.1,20.0,20.0,19.0,11.4,8.4,11.9,4.1,11.9,13.1,7.5,6.4,7.6,1016.0,1015.0,1017.2,1015.4,1015.9,1016.1,1016.0,1015.2,1015.3,142.506305
2023-03-23,142.506305,75.5,176.65,70.12,2.5671,43.186,657.88,2805.46,5926.92,33160.38,19307.25,896.67,1884.67,1681.54,14.3,15.2,13.2,15.0,14.5,13.9,13.5,13.5,12.5,10.1,8.0,6.7,11.0,12.7,10.9,8.7,8.2,8.0,18.5,20.0,20.7,20.7,17.2,16.0,22.0,20.0,17.0,8.4,9.8,10.2,9.3,10.3,13.4,7.9,6.6,7.4,1017.0,1014.9,1018.5,1015.3,1017.4,1017.8,1017.0,1014.9,1015.1,130.870165
2023-03-24,130.870165,74.59,175.35,69.41,2.5548,41.094,627.54,2833.96,5825.08,32737.17,18863.75,902.58,1873.62,1810.62,15.0,15.3,13.4,15.0,14.5,13.9,12.8,11.6,12.1,11.5,10.7,6.5,12.8,12.9,10.0,7.7,7.8,8.5,18.9,20.0,20.3,18.2,16.8,18.0,19.0,16.0,16.0,11.7,8.4,9.9,11.5,13.3,8.9,7.8,7.2,9.0,1017.2,1014.2,1019.0,1014.6,1019.4,1019.6,1018.9,1014.0,1013.9,101.31956
2023-03-25,101.31956,,,,,,608.96,2263.83,5170.0,27428.25,15057.83,843.38,1847.96,1636.29,17.0,16.0,15.3,16.1,15.1,15.2,13.6,13.1,13.1,14.0,9.0,10.0,11.0,13.5,12.0,9.0,5.1,8.0,21.3,22.3,23.4,22.0,17.3,18.0,20.0,21.0,19.3,8.6,8.8,15.2,9.2,14.4,10.3,9.5,17.4,12.8,1014.0,1011.3,1019.3,1011.6,1016.9,1018.2,1016.0,1012.2,1010.6,108.432578
2023-03-26,108.432578,,,,,,534.65,2019.96,4615.48,23896.83,12693.74,819.61,1663.96,1549.43,15.7,12.4,14.7,10.9,14.7,16.8,13.1,10.0,11.0,13.1,5.8,6.8,7.0,12.4,12.0,7.3,6.0,7.0,19.7,21.0,24.0,15.1,16.9,22.0,19.0,16.0,15.0,15.8,7.9,12.8,7.9,20.6,15.0,12.1,8.2,11.9,1012.5,1007.3,1015.4,1007.9,1014.1,1015.8,1012.5,1007.6,1007.5,138.225695
2023-03-27,138.225695,77.76,176.25,72.93,2.6551,42.528,611.0,2726.58,5596.92,31582.08,18121.79,895.96,1783.21,1846.62,14.7,11.8,15.1,12.5,13.8,16.5,12.6,11.1,10.7,11.3,5.0,11.0,7.0,10.6,15.6,8.7,2.9,8.0,18.4,19.0,18.9,18.0,15.6,19.0,18.0,18.0,14.0,20.6,14.8,27.9,19.8,33.4,33.5,12.0,18.8,10.8,1005.1,1005.5,1014.4,1007.8,1007.0,1012.4,1006.9,1009.1,1005.1,120.341984
2023-03-28,120.341984,78.14,176.5,73.34,2.6805,42.752,596.12,2762.04,5593.42,32474.75,19019.58,915.71,1765.33,1822.54,12.0,10.0,13.3,11.4,11.9,15.2,10.9,7.8,10.4,9.7,3.0,7.2,6.0,9.6,11.8,6.1,-0.7,4.6,12.7,16.0,19.3,16.2,14.6,17.0,16.0,16.0,15.0,35.2,7.7,13.4,11.3,24.2,21.0,16.5,7.2,12.3,1019.4,1022.2,1023.1,1022.3,1020.3,1020.8,1020.8,1022.8,1021.6,136.50504
2023-03-29,136.50504,77.59,176.6,73.12,2.6373,42.803,606.92,2974.29,5897.25,33643.33,19477.17,900.67,1855.0,1932.04,11.9,11.6,11.9,12.0,12.9,14.0,9.9,9.8,10.4,7.8,5.0,4.3,5.0,10.1,8.0,3.0,3.5,5.0,15.6,17.0,17.5,18.0,15.5,19.0,17.0,18.0,15.1,15.3,8.0,10.2,8.8,19.0,14.5,10.1,6.8,12.4,1027.5,1023.0,1027.4,1023.2,1028.2,1028.3,1027.2,1022.9,1023.2,155.416175
2023-03-30,155.416175,78.6,176.75,74.49,2.6378,43.609,661.17,2810.79,5496.46,32513.12,18742.92,875.62,1911.5,2014.67,13.7,14.7,13.7,13.8,14.3,14.9,12.2,11.1,11.6,10.1,9.0,5.5,11.7,12.0,10.0,6.5,5.1,8.9,17.4,19.3,20.2,18.1,16.6,19.0,19.0,17.0,14.9,12.4,9.8,9.2,6.4,14.0,10.4,10.9,7.5,10.2,1024.8,1020.8,1023.5,1021.2,1025.9,1025.8,1024.9,1020.4,1021.2,131.150409
2023-03-31,131.150409,79.89,177.25,75.8,2.681,47.843,649.25,2816.79,5484.46,32148.0,18441.62,847.0,1860.25,2048.62,15.4,13.6,15.1,13.0,13.9,19.0,14.2,12.0,11.8,10.8,7.0,7.0,10.0,11.0,14.0,10.6,6.9,10.0,21.5,19.0,23.5,15.0,16.0,23.0,18.0,18.0,14.0,14.5,6.6,14.4,6.9,25.0,26.8,18.2,6.1,7.2,1015.6,1011.5,1016.7,1011.9,1017.8,1017.6,1015.7,1011.0,1011.9,109.802471
2023-04-01,109.802471,,,,,,608.25,2276.79,5203.67,27166.33,14683.0,846.96,1863.12,1684.54,16.9,14.6,15.6,13.4,15.4,17.8,14.9,13.5,11.8,15.0,8.0,13.0,5.0,14.0,16.0,11.3,6.8,7.0,19.7,21.0,21.0,21.0,17.5,20.2,19.0,20.0,15.3,12.8,10.5,18.8,6.8,26.1,21.3,11.0,18.4,8.7,1007.9,1004.7,1014.6,1005.2,1009.7,1013.3,1008.8,1005.4,1004.7,136.800833
2023-04-02,136.800833,,,,,,540.58,2120.21,4821.42,24716.0,13194.83,823.88,1770.33,1444.75,15.4,11.6,11.6,13.9,14.0,14.8,11.6,13.4,13.2,12.0,7.9,9.1,10.0,12.5,12.0,6.0,5.1,8.8,18.6,14.1,16.0,19.0,15.6,17.0,19.0,20.0,19.0,10.2,10.5,18.2,8.4,16.2,13.6,8.5,8.5,10.8,1008.3,1009.2,1008.5,1009.4,1007.3,1008.1,1007.3,1009.1,1009.2,141.511224
2023-04-03,141.511224,84.93,198.0,80.44,2.7575,51.367,589.79,2839.29,5830.96,32416.75,18675.71,896.83,1906.17,1678.0,14.8,10.1,13.9,12.0,13.8,13.4,13.7,11.6,11.9,12.6,6.0,8.7,5.0,11.7,10.8,8.5,4.3,10.0,16.0,15.0,20.4,18.0,16.8,16.0,20.0,20.0,14.7,23.4,9.8,19.8,10.8,39.2,19.9,23.5,8.8,21.8,1003.5,1012.7,1008.0,1012.5,1003.5,1002.7,1005.3,1012.4,1013.4,147.351267
2023-04-04,147.351267,84.94,192.65,80.72,2.7371,46.568,585.04,2869.46,5785.58,33132.29,19250.79,891.96,1903.67,1845.79,11.2,7.1,11.9,9.5,11.0,14.5,11.0,8.9,8.4,8.5,2.0,6.0,6.0,9.4,11.5,6.4,5.5,4.0,12.5,11.0,17.0,13.0,13.7,16.2,16.0,14.0,11.0,29.2,10.5,13.3,11.6,31.3,12.5,18.5,9.2,18.7,1008.3,1015.6,1010.8,1015.5,1008.9,1008.5,1008.8,1015.4,1015.8,171.615055
2023-04-05,171.615055,84.99,198.0,80.63,2.8201,44.575,633.62,2929.79,5986.67,33515.62,19221.54,919.17,1892.54,1932.29,10.3,5.5,11.1,8.5,10.1,12.3,9.0,8.4,6.9,6.9,-0.1,5.9,5.0,8.7,9.2,5.6,3.9,2.8,13.2,11.3,16.7,12.5,13.7,14.8,13.0,14.0,10.0,16.8,7.3,18.8,10.4,20.2,24.1,10.9,8.1,11.8,1014.9,1018.1,1015.1,1017.8,1013.2,1014.0,1013.4,1017.1,1018.6,152.469774
2023-04-06,152.469774,85.12,193.75,80.68,2.8133,43.125,646.38,2941.17,5891.33,33624.21,19339.0,919.08,1916.5,1970.75,10.9,7.6,11.2,8.9,10.5,13.2,9.1,7.6,8.1,9.1,1.0,4.4,2.0,7.3,12.0,2.7,0.4,3.7,11.6,14.7,18.4,15.0,13.7,14.5,16.0,14.0,12.0,29.7,7.5,10.9,6.3,20.3,22.7,11.6,6.0,10.2,1015.6,1018.6,1018.7,1018.5,1016.4,1017.4,1016.5,1018.1,1018.5,148.862291
2023-04-07,148.862291,,,,,,659.79,2676.46,5470.0,30897.38,17532.38,901.0,1868.96,1788.79,11.2,10.4,12.5,9.8,12.0,12.0,9.8,8.3,9.2,7.7,4.8,4.3,5.0,8.5,8.0,3.0,2.2,3.0,15.8,17.0,18.7,15.0,15.3,15.0,17.0,15.0,14.0,15.8,9.1,10.6,5.6,16.2,11.8,10.7,6.7,9.0,1018.0,1015.4,1017.5,1015.8,1017.8,1018.1,1017.1,1015.2,1016.2,132.17645
2023-04-08,132.17645,,,,,,644.21,2259.0,4999.29,25605.04,13234.21,839.79,1865.58,1762.96,12.0,10.8,13.2,11.7,11.8,14.2,10.4,11.2,11.1,8.2,7.0,5.9,5.0,10.1,11.0,6.8,3.0,6.0,17.0,15.1,21.4,18.0,13.2,17.0,14.0,19.0,15.0,14.8,9.6,14.6,7.0,20.4,16.5,13.7,6.3,9.6,1016.8,1016.5,1016.0,1016.6,1016.2,1016.6,1014.7,1016.3,1017.0,161.520021
2023-04-09,161.520021,,,,,,552.58,1904.04,4389.71,21241.21,10341.38,811.38,1632.83,1609.29,11.0,10.7,12.9,12.2,12.2,14.4,10.8,11.8,11.3,9.6,6.0,5.0,6.0,9.0,13.9,3.8,4.4,8.7,12.6,16.0,21.4,18.0,16.1,15.3,19.0,18.0,14.1,11.4,8.6,12.3,8.9,20.8,21.0,12.1,8.0,12.5,1017.4,1020.5,1019.5,1020.2,1017.0,1017.4,1017.5,1019.8,1021.0,101.290472
2023-04-10,101.290472,84.18,193.75,79.77,2.8079,43.125,561.12,1924.42,4306.42,21773.08,11031.42,819.29,1669.5,1460.92,11.3,11.8,13.4,12.6,12.2,14.6,11.4,12.1,11.2,8.3,6.9,5.8,8.0,8.3,13.9,4.8,7.5,6.0,14.7,16.1,22.0,17.1,16.4,16.0,17.0,17.0,16.0,23.4,6.6,13.7,9.3,19.2,19.3,20.5,8.6,11.7,1017.7,1022.7,1021.2,1022.8,1018.8,1019.6,1019.7,1022.4,1022.8,134.996405
2023-04-11,134.996405,85.61,194.15,81.49,2.8652,43.692,647.96,2820.04,5423.92,30818.08,17283.29,852.79,1955.42,1834.67,13.0,14.2,14.4,14.6,12.5,15.0,10.7,13.2,11.7,9.6,8.8,6.0,9.0,8.2,12.7,3.0,6.9,8.0,15.9,20.4,22.1,20.3,16.4,16.2,18.0,20.0,14.5,17.9,9.5,12.6,7.7,17.0,17.3,10.9,5.5,10.0,1017.1,1015.7,1021.0,1016.0,1018.8,1020.1,1018.8,1015.7,1016.0,153.963147
2023-04-12,153.963147,87.33,194.6,83.09,2.8727,42.88,698.62,2974.42,5871.21,33711.5,19626.29,897.21,1823.71,1820.04,15.2,13.2,16.2,13.3,14.7,17.3,14.0,11.6,11.8,11.2,7.0,9.7,10.0,12.9,13.0,8.0,7.8,8.0,18.4,18.1,24.7,17.0,17.3,21.0,20.0,14.0,16.0,11.2,7.2,11.8,9.3,17.4,16.0,9.4,6.0,9.4,1011.6,1009.1,1012.5,1009.6,1013.0,1013.5,1011.5,1009.0,1010.2,145.317362
2023-04-13,145.317362,85.68,190.75,82.04,2.8317,42.093,675.96,2958.88,5755.62,33459.17,19332.83,933.12,1941.21,1861.54,17.5,12.1,15.3,10.1,14.8,19.9,12.8,10.8,9.8,12.7,9.0,12.0,8.7,12.6,15.6,8.3,5.3,8.0,22.7,18.5,20.1,12.0,17.9,23.0,18.0,17.0,13.0,19.7,7.9,23.6,11.4,30.1,25.2,15.6,9.0,19.1,1005.7,1001.6,1009.1,1002.4,1007.0,1007.8,1005.0,1002.5,1002.4,146.175006
2023-04-14,146.175006,85.87,188.0,82.43,2.8359,41.149,721.17,3009.96,5871.29,33181.58,18832.83,923.92,2000.67,1821.75,15.3,11.2,14.9,12.6,13.3,15.5,10.2,11.7,9.9,13.0,6.6,10.3,5.0,10.0,14.7,6.0,3.0,7.0,17.7,18.0,20.4,20.0,15.4,16.2,15.0,19.0,14.2,20.9,9.1,22.1,7.8,34.9,33.2,10.2,11.1,15.1,1007.0,1003.6,1012.5,1003.2,1008.0,1012.8,1006.5,1003.5,1002.9,132.231957
2023-04-15,132.231957,,,,,,517.0,2217.29,5196.58,27096.79,14811.71,921.25,1729.83,1703.12,14.4,13.2,15.0,12.4,13.1,15.8,10.2,11.7,11.2,11.5,6.0,11.0,5.0,12.0,13.9,7.6,5.4,6.9,18.7,18.0,20.2,18.0,14.2,18.2,14.0,18.0,15.5,16.4,10.6,21.6,7.3,21.3,24.9,14.6,7.5,14.9,1009.9,1004.9,1010.9,1005.4,1009.5,1011.6,1006.1,1005.1,1005.8,127.505478
2023-04-16,127.505478,,,,,,596.42,2149.33,4871.5,23627.67,12056.58,897.04,1617.71,1439.08,13.1,12.7,15.3,14.0,12.0,13.6,12.4,13.1,11.5,11.6,8.0,11.0,7.0,10.6,10.2,7.8,4.3,6.8,15.1,18.0,21.2,19.4,13.7,16.0,18.0,22.0,16.0,10.1,9.3,21.1,7.3,20.0,29.1,18.1,7.0,11.8,1007.0,1012.2,1010.0,1012.3,1006.1,1007.3,1006.0,1012.0,1012.3,144.476586
2023-04-17,144.476586,84.45,187.0,80.83,2.774,41.127,639.17,2940.67,6011.21,31676.21,17530.83,963.79,1842.42,1748.12,12.7,10.7,14.1,14.2,12.8,14.7,13.9,13.8,13.3,11.3,6.0,7.4,8.0,10.6,12.0,9.2,6.5,8.7,14.2,16.0,22.4,19.0,17.0,16.0,19.0,20.0,18.0,7.7,7.8,14.4,7.9,23.1,17.1,19.4,7.4,6.4,1008.5,1014.4,1012.0,1014.7,1008.0,1009.9,1008.9,1014.6,1013.8,145.000416
2023-04-18,145.000416,84.45,188.3,80.9,2.7509,42.722,641.92,2987.58,5841.83,32645.12,18611.12,944.67,1830.5,1787.5,14.3,13.8,13.9,15.9,13.3,15.2,12.9,14.0,15.2,10.8,8.0,6.0,10.0,9.8,12.0,8.6,5.8,10.7,18.5,19.4,21.4,22.1,16.9,16.3,18.0,21.0,19.5,7.9,9.3,11.5,6.2,11.5,15.3,8.2,6.5,6.6,1012.3,1014.7,1013.2,1015.0,1011.9,1013.5,1012.2,1015.0,1014.6,143.202002
2023-04-19,143.202002,82.79,192.5,79.24,2.6455,40.298,671.04,2930.08,5827.62,32929.0,18919.42,898.75,1816.17,1865.92,15.3,15.1,13.8,16.5,13.5,14.6,13.2,15.2,15.2,11.9,9.0,7.1,10.0,8.9,11.3,7.0,7.0,12.0,18.9,21.2,18.6,23.0,16.9,17.0,21.0,24.0,18.4,10.5,9.5,11.7,7.7,8.6,11.0,9.0,7.4,8.4,1014.7,1014.2,1015.0,1014.0,1015.0,1015.2,1014.6,1013.4,1014.6,148.957793
2023-04-20,148.957793,80.81,191.75,77.37,2.5864,40.565,666.88,2744.54,5515.04,32781.08,18993.12,932.21,1794.0,2135.29,14.9,13.6,14.7,12.2,14.3,15.8,13.4,11.9,12.9,11.2,8.0,6.8,10.0,10.7,12.0,8.5,8.6,11.0,16.9,19.0,21.1,15.0,18.2,19.7,19.0,15.0,14.0,13.7,9.7,11.9,15.1,8.7,14.2,7.2,9.5,16.2,1013.5,1011.5,1011.2,1011.3,1012.9,1010.8,1012.6,1010.4,1012.9,144.019848
2023-04-21,144.019848,81.46,190.35,77.87,2.6016,40.164,645.38,2689.83,5241.04,32237.04,18784.17,907.42,1857.04,2112.17,15.4,14.7,15.4,13.4,15.4,16.0,15.2,10.6,14.8,11.4,11.8,7.4,10.8,10.6,13.8,8.8,8.5,11.7,19.1,19.0,21.6,17.0,20.2,18.0,22.0,15.0,20.0,7.3,5.0,11.7,7.0,9.6,17.1,9.8,6.8,9.2,1013.4,1013.5,1011.9,1014.2,1011.8,1010.8,1011.8,1014.4,1013.9,120.971603
2023-04-22,120.971603,,,,,,621.08,2165.79,4922.08,27368.79,15142.33,816.21,1731.04,1970.25,16.0,15.6,15.7,15.0,16.3,15.8,15.7,13.0,14.4,12.3,10.0,9.0,9.0,12.1,11.0,8.9,6.2,9.0,19.4,21.1,21.4,21.0,21.2,19.0,24.0,19.0,19.0,9.8,9.0,11.3,3.4,10.5,16.9,9.8,5.3,9.5,1014.9,1014.2,1014.5,1014.6,1014.1,1013.5,1013.9,1014.7,1014.0,122.606666
2023-04-23,122.606666,,,,,,628.75,2010.33,4893.58,24662.54,13149.38,830.96,1668.83,1480.71,16.4,18.1,16.9,17.3,16.3,16.7,15.8,14.9,15.3,12.0,10.1,11.6,12.0,14.4,12.0,10.1,9.0,11.0,20.4,25.4,20.6,22.0,18.8,20.5,22.0,20.0,19.0,15.1,11.0,11.4,5.5,15.9,9.8,9.6,7.8,8.6,1015.0,1010.9,1014.1,1011.3,1015.8,1015.8,1014.7,1010.9,1012.0,114.397894
2023-04-24,114.397894,82.54,190.0,78.76,2.6318,39.925,548.71,2473.04,5399.25,27409.17,14881.21,752.54,1731.75,1622.67,17.8,16.7,17.8,17.2,15.9,19.7,16.2,15.2,14.2,15.3,13.0,12.0,12.0,14.0,17.0,12.6,9.0,13.0,22.6,22.0,24.6,23.0,18.3,22.2,20.0,24.0,16.0,10.6,10.4,18.2,7.8,25.2,28.8,16.2,12.1,14.4,1011.2,1006.6,1014.6,1006.5,1012.7,1014.0,1010.8,1007.0,1006.6,107.118208
2023-04-25,107.118208,80.6,189.05,77.07,2.5886,39.833,469.21,1893.46,4682.5,22598.46,11930.17,759.79,1553.33,1310.0,16.9,12.5,17.7,14.5,16.5,18.5,15.9,13.6,11.9,14.4,9.0,11.0,10.8,14.7,17.0,10.8,6.5,10.0,20.1,16.0,25.7,18.4,18.9,20.6,21.0,21.0,14.0,10.8,12.7,13.8,11.4,22.6,18.8,10.9,9.5,9.8,1009.0,1008.3,1014.1,1008.5,1010.4,1013.4,1009.3,1008.3,1009.2,120.42128
2023-04-26,120.42128,77.72,190.15,74.3,2.5125,38.551,599.42,2727.62,5710.42,29421.46,16191.79,855.38,1735.08,1601.75,15.4,13.6,19.1,14.3,16.2,17.8,15.1,13.5,12.5,12.9,6.0,13.7,6.0,13.0,15.3,9.0,5.3,6.0,17.0,20.5,26.9,21.0,20.7,20.0,22.0,21.0,17.0,28.6,8.5,16.9,5.6,17.9,11.9,12.2,6.6,10.2,1012.4,1013.6,1014.2,1013.6,1012.4,1013.8,1012.7,1013.5,1014.0,129.729583
2023-04-27,129.729583,78.22,189.95,74.76,2.4927,39.039,609.83,2831.25,5672.29,31940.83,18527.88,818.54,1800.29,1680.75,15.7,14.3,17.4,15.7,15.9,16.3,15.1,14.3,13.8,11.7,6.8,13.0,9.0,12.2,12.0,8.3,6.5,8.8,18.8,21.0,22.0,22.0,20.2,20.0,22.0,21.0,18.0,11.7,9.1,12.8,6.5,9.0,13.3,8.1,8.2,8.8,1018.5,1016.9,1017.1,1017.1,1017.7,1017.3,1017.4,1016.5,1017.8,133.71382
2023-04-28,133.71382,80.33,189.7,76.78,2.5301,38.538,584.88,2830.21,5561.38,31865.58,18421.46,855.62,1798.38,1813.67,16.5,15.2,17.6,16.7,16.0,16.8,15.1,15.7,13.8,12.5,7.0,12.4,11.0,12.6,14.0,8.0,9.5,9.0,19.4,22.2,21.0,23.0,19.5,19.1,23.0,22.0,18.3,11.3,6.7,10.2,6.9,8.8,8.4,8.6,8.4,7.6,1020.6,1017.8,1019.1,1018.2,1020.8,1020.3,1020.2,1017.6,1018.4,118.236965
2023-04-29,118.236965,,,,,,559.71,2213.88,4790.92,26267.21,14342.75,805.38,1744.42,1810.17,17.7,16.3,18.7,17.3,16.6,18.3,15.6,16.6,14.4,14.7,13.0,12.0,14.0,14.6,15.0,9.5,10.1,11.0,21.0,19.6,24.8,21.0,19.5,23.0,22.0,23.0,18.0,10.5,7.4,10.6,6.8,12.0,10.9,8.3,6.3,8.0,1015.9,1014.3,1013.9,1014.4,1017.0,1015.7,1016.1,1013.9,1014.7,112.70481
2023-04-30,112.70481,,,,,,460.92,1875.46,4228.5,22169.42,11745.71,764.67,1548.46,1545.71,16.4,16.0,18.8,18.0,16.6,20.1,16.5,14.7,16.6,14.5,9.8,17.8,15.1,13.4,18.0,11.6,13.2,12.0,18.4,20.3,22.1,21.0,21.1,23.5,22.0,16.0,21.3,7.7,10.6,11.9,13.3,9.9,14.9,6.6,8.5,8.7,1015.2,1014.4,1010.1,1014.8,1012.5,1011.0,1012.0,1014.8,1015.2,112.638693
2023-05-01,112.638693,79.31,185.15,75.66,2.5504,38.834,518.29,1991.0,4166.38,21985.71,11463.21,812.58,1550.83,1483.42,15.7,14.3,18.8,16.0,16.3,17.8,16.5,12.1,16.3,14.0,12.0,15.8,13.3,15.5,17.0,14.2,11.0,13.0,16.9,17.0,24.4,18.1,17.9,19.0,20.0,13.1,20.0,14.3,8.5,21.4,9.8,22.3,15.7,5.3,7.7,18.5,1014.0,1014.0,1011.5,1014.9,1009.9,1010.4,1009.6,1015.2,1015.0,123.970014
2023-05-02,123.970014,75.32,187.55,71.66,2.4357,37.529,591.58,2650.12,5299.83,30053.04,17086.71,858.46,1746.17,1820.17,17.3,13.1,16.4,15.4,16.2,17.5,16.5,15.0,13.8,14.2,12.0,13.0,12.0,15.1,16.0,13.3,9.5,12.5,20.4,14.0,20.5,19.4,18.0,19.0,22.0,22.0,16.0,22.6,15.1,16.5,8.9,17.5,14.4,6.1,7.9,19.1,1012.2,1013.9,1012.0,1015.9,1009.8,1010.3,1009.0,1015.8,1015.1,124.016892
2023-05-03,124.016892,72.33,180.6,68.6,2.3221,36.782,624.71,2807.96,5420.92,31532.33,18088.83,841.54,1884.54,1863.83,16.1,14.4,17.7,16.5,16.9,17.5,16.9,15.5,15.7,14.9,11.9,13.0,11.0,13.7,16.0,11.5,9.1,12.9,18.0,19.1,24.5,21.0,20.5,18.5,23.0,22.0,20.0,22.3,7.6,13.9,5.4,24.6,17.1,12.2,5.4,14.5,1015.1,1020.0,1015.6,1020.4,1013.1,1013.4,1014.0,1020.2,1019.5,117.636836
2023-05-04,117.636836,72.5,178.2,68.56,2.3259,35.653,586.0,2778.08,5663.62,31602.67,18254.71,843.5,1850.83,1625.92,16.6,15.9,17.8,19.0,17.5,18.1,17.1,16.7,16.4,13.5,9.1,11.5,15.0,14.6,17.0,10.2,10.9,11.0,18.9,22.0,24.4,23.1,22.0,19.2,26.0,23.0,21.0,17.4,6.6,11.7,6.4,21.7,15.9,11.7,6.8,8.7,1018.5,1020.7,1019.5,1020.8,1017.9,1018.0,1018.2,1020.8,1020.6,118.343081
2023-05-05,118.343081,75.3,169.65,71.34,2.379,36.574,642.54,2858.08,5669.42,31410.92,17861.75,889.67,1840.29,1649.17,17.2,18.1,17.3,19.8,17.6,17.7,17.7,17.6,17.7,14.5,12.0,10.8,14.0,12.5,14.4,10.6,11.1,12.0,19.7,24.0,23.6,26.0,22.7,20.0,25.0,24.0,22.1,14.4,8.2,10.8,4.9,12.5,12.3,9.3,7.1,8.3,1019.2,1018.6,1019.9,1018.9,1018.9,1019.7,1018.7,1018.5,1018.6,105.11414
2023-05-06,105.11414,,,,,,607.21,2266.0,4843.38,26298.25,14249.79,825.79,1845.38,1660.71,18.2,19.5,18.1,20.8,17.8,18.5,18.4,18.2,18.3,14.3,14.0,11.0,14.0,16.0,14.0,12.0,10.7,13.0,21.6,25.0,22.8,26.4,20.1,24.0,25.0,26.0,23.0,7.0,9.2,11.2,4.2,11.5,13.3,7.9,6.8,6.9,1017.0,1015.3,1016.6,1015.5,1017.3,1017.0,1016.5,1015.6,1015.6,91.268469
2023-05-07,91.268469,,,,,,562.29,1923.88,3974.79,22949.12,12217.79,793.67,1676.33,1800.38,18.4,19.6,19.8,21.4,17.7,19.0,18.4,17.0,18.8,14.8,13.0,12.4,17.5,14.3,15.3,12.0,12.8,14.0,22.9,26.0,25.4,26.0,21.7,24.0,25.0,22.0,23.0,12.4,8.2,11.7,8.6,8.1,11.8,7.4,7.4,7.7,1017.5,1015.2,1015.3,1015.9,1017.5,1016.2,1017.1,1016.5,1015.5,132.266122
2023-05-08,132.266122,77.01,169.65,73.16,2.4616,36.874,580.71,2635.62,5162.42,30649.88,17648.17,865.58,1814.71,1942.67,18.6,18.3,17.6,19.0,16.6,18.5,16.1,17.4,17.5,15.9,15.0,16.0,15.0,14.9,17.0,12.5,10.5,14.5,21.1,22.0,20.4,22.0,18.1,20.0,19.0,23.0,21.0,8.7,8.0,11.8,10.0,8.3,10.8,4.8,7.0,12.5,1016.8,1017.8,1015.2,1018.2,1016.9,1015.9,1017.0,1017.9,1018.3,134.679169
2023-05-09,134.679169,77.44,169.0,73.71,2.4799,35.95,613.96,2746.67,5200.88,32334.25,18858.42,845.42,1902.62,2166.29,18.3,17.5,18.4,18.5,17.7,18.0,19.2,16.1,17.1,17.5,14.0,14.0,14.7,15.4,16.0,13.6,14.3,14.0,19.7,21.3,25.0,22.0,21.5,20.0,26.0,19.0,20.0,12.1,9.5,13.1,13.8,12.7,13.3,7.4,6.8,13.7,1016.2,1016.7,1015.9,1016.7,1015.3,1014.6,1015.2,1016.5,1017.3,126.483975
2023-05-10,126.483975,76.41,166.95,72.56,2.4949,34.993,615.62,2883.17,5620.21,32764.17,19112.17,872.33,1819.75,1840.92,18.0,13.3,19.2,14.0,16.5,18.3,16.9,14.7,13.5,15.6,12.0,15.3,12.5,15.3,17.0,14.9,11.3,12.5,21.1,16.0,25.9,15.1,17.2,21.0,20.0,19.0,16.0,12.6,14.4,20.0,12.0,13.3,13.1,10.2,9.4,18.7,1012.9,1011.2,1014.1,1012.4,1012.5,1013.7,1011.2,1011.6,1012.1,120.915641
2023-05-11,120.915641,74.98,163.0,70.87,2.4577,34.993,605.5,2758.88,5463.79,31964.71,18651.88,855.62,1819.0,1810.04,18.3,13.5,18.5,15.3,17.2,17.8,17.2,14.5,12.6,16.0,12.0,12.6,12.9,15.2,16.0,13.3,8.8,12.0,23.3,16.0,24.0,19.0,19.5,19.0,21.0,21.0,14.0,12.6,11.3,17.6,7.2,18.4,21.8,11.9,6.2,25.1,1011.6,1010.4,1014.3,1010.6,1012.1,1014.1,1010.8,1010.5,1009.3,114.798387
2023-05-12,114.798387,74.17,166.5,70.04,2.4302,32.767,602.29,2731.25,5427.08,32091.62,18741.42,867.17,1882.25,1840.17,17.6,13.9,17.3,13.9,16.9,18.6,16.6,11.9,14.3,13.2,10.0,10.4,12.0,13.0,16.8,12.6,10.4,12.7,22.5,19.0,22.3,18.0,19.4,20.5,21.0,14.0,17.0,15.3,8.4,11.0,8.0,18.9,13.6,13.8,5.9,10.1,1015.2,1012.8,1014.2,1012.9,1015.0,1015.2,1013.8,1012.9,1013.1,110.705219
2023-05-13,110.705219,,,,,,629.58,2194.38,4930.5,26823.54,14900.58,851.17,1844.88,1472.46,17.4,14.5,16.5,14.9,17.2,20.6,13.8,13.0,14.7,15.8,11.0,13.8,11.0,13.7,16.3,10.8,9.5,12.0,20.5,18.0,19.4,20.0,20.4,29.0,16.0,19.0,18.0,11.7,9.1,11.1,9.5,19.5,15.4,9.1,7.4,12.2,1017.2,1016.3,1012.4,1016.6,1014.5,1010.7,1014.7,1016.3,1016.8,95.686535
2023-05-14,95.686535,,,,,,469.21,1940.58,4723.38,23133.29,12263.83,753.38,1630.08,1352.83,19.0,13.9,17.2,15.2,18.5,19.0,16.1,13.5,13.8,16.7,12.0,12.5,12.0,16.4,17.9,12.6,9.2,12.4,21.6,16.0,22.6,20.0,20.5,20.0,21.0,18.0,16.0,16.3,7.4,13.5,8.9,21.9,15.9,9.2,7.2,13.4,1012.5,1012.3,1012.8,1012.9,1010.9,1011.5,1010.9,1012.7,1012.0,111.347803
2023-05-15,111.347803,75.23,163.75,71.11,2.472,32.314,526.29,2652.17,5692.54,30391.54,17268.12,787.33,1814.5,1650.58,16.8,16.2,17.0,16.2,16.3,15.9,15.8,14.8,16.0,15.6,12.6,11.4,9.9,14.5,14.6,10.5,9.9,12.0,18.4,20.8,24.1,22.0,18.2,18.0,21.0,22.0,21.0,9.8,6.5,15.0,7.0,19.8,29.9,8.1,6.9,6.8,1006.8,1008.3,1007.5,1008.7,1005.0,1004.3,1005.6,1008.7,1008.5,103.999484
2023-05-16,103.999484,74.91,163.8,70.86,2.4791,31.821,573.96,2825.25,5664.79,32162.42,18610.88,820.96,1836.29,1830.29,19.4,13.7,18.6,15.7,15.9,17.7,15.2,15.2,15.5,17.4,12.0,14.0,12.0,14.7,16.0,12.3,7.7,14.0,22.4,15.0,23.9,18.7,16.8,19.0,19.0,22.0,18.0,25.6,9.7,22.7,6.5,25.2,30.4,13.9,8.7,24.1,1000.4,1004.5,1004.7,1005.8,999.0,1004.0,998.0,1005.8,1004.4,114.298064
2023-05-17,114.298064,76.96,165.25,72.83,2.5692,31.953,579.67,2765.58,5919.75,31762.71,18119.62,823.12,1865.83,1689.12,17.2,13.8,18.1,15.6,16.6,17.8,15.9,13.9,15.5,15.7,12.0,14.5,14.0,15.4,17.0,12.9,10.6,13.0,21.0,16.0,22.7,19.0,18.4,18.2,20.0,19.0,18.0,13.2,9.2,21.9,5.9,24.5,28.9,8.0,8.2,11.3,1008.2,1010.7,1010.5,1011.6,1007.2,1010.9,1005.7,1012.5,1010.7,111.37816
2023-05-18,111.37816,75.86,159.35,71.94,2.5683,29.785,614.96,2819.67,5536.29,31780.0,18292.92,875.92,1828.54,1811.71,17.8,15.4,15.2,16.3,17.6,17.6,16.5,13.9,15.9,15.6,11.0,12.5,13.0,16.1,14.7,12.9,11.9,11.0,20.5,19.0,19.0,19.6,19.6,21.0,20.0,17.0,19.4,11.9,4.4,9.2,6.3,9.7,11.0,8.2,7.3,11.3,1015.0,1017.1,1013.7,1017.6,1014.5,1013.8,1014.0,1017.9,1017.5,114.494441
2023-05-19,114.494441,75.58,162.25,71.69,2.5761,30.176,596.92,2831.88,5570.58,31460.08,17999.17,869.75,1793.96,1797.83,18.0,14.3,16.1,15.3,19.6,19.2,17.3,12.2,16.6,15.6,12.8,13.6,13.9,15.6,14.0,14.3,12.0,13.0,20.1,16.0,19.3,17.0,25.2,28.0,22.0,13.0,19.4,12.4,6.9,9.6,9.5,15.5,11.5,9.1,8.8,17.6,1017.2,1017.8,1011.3,1018.5,1013.2,1009.1,1013.6,1018.6,1018.3,102.561649
2023-05-20,102.561649,,,,,,550.12,2123.12,4725.67,25691.38,13944.62,750.04,1728.67,1869.12,18.3,15.2,17.1,15.1,18.4,21.8,17.7,12.4,18.3,16.8,13.5,15.1,14.0,17.0,18.4,15.2,11.5,16.0,19.9,18.0,19.1,16.0,20.6,26.0,22.0,13.2,21.2,7.4,5.9,11.7,8.9,28.5,20.4,12.8,8.2,13.6,1013.2,1014.5,1004.6,1015.7,1007.8,1001.3,1008.3,1016.2,1014.8,64.4006
2023-05-21,64.4006,,,,,,523.38,1926.29,4449.46,22761.62,11873.21,754.92,1629.5,1604.88,17.7,19.0,17.9,19.0,18.9,18.2,17.9,15.1,21.9,16.1,14.0,14.9,15.0,16.7,17.0,14.8,12.7,17.0,19.2,25.0,22.3,26.0,22.1,19.0,26.0,19.0,27.0,11.8,7.2,8.6,7.1,20.3,7.8,11.5,7.9,15.9,1010.6,1012.1,1006.9,1013.5,1008.1,1006.0,1008.8,1014.5,1012.0,106.246677
2023-05-22,106.246677,75.99,160.35,72.05,2.6489,29.711,611.83,2725.79,5181.79,29938.12,17041.5,796.83,1799.54,1780.83,18.5,20.0,18.6,21.2,19.4,18.8,18.7,17.9,22.2,15.4,13.8,14.7,15.0,16.2,16.8,12.9,11.4,17.0,21.1,26.0,24.2,27.0,24.3,21.0,26.0,25.0,27.0,10.4,7.9,9.0,4.9,12.4,16.9,7.5,7.3,11.8,1011.3,1012.8,1011.1,1013.7,1010.5,1010.1,1010.9,1014.4,1012.5,108.768455
2023-05-23,108.768455,76.84,160.0,72.91,2.6622,29.127,642.29,2801.62,5208.71,30950.29,17760.62,826.54,1814.33,1896.17,18.2,22.0,19.3,22.0,19.1,18.8,19.1,19.5,21.6,14.1,15.5,12.3,14.0,15.9,16.0,13.0,10.9,16.0,21.5,28.0,25.4,29.1,22.8,21.0,27.0,27.0,26.0,8.7,9.8,11.7,4.0,7.0,10.0,7.2,8.3,8.7,1012.9,1012.4,1012.4,1012.8,1013.4,1012.9,1013.2,1013.1,1012.0,107.948511
2023-05-24,107.948511,78.36,160.25,74.34,2.7212,27.785,661.0,2803.79,5221.29,31322.46,18052.54,818.96,1821.75,1943.12,19.2,21.1,19.6,20.6,19.3,19.2,19.5,18.0,21.1,14.9,16.0,13.8,15.8,14.9,16.0,13.3,13.1,16.9,23.1,26.0,24.6,26.9,23.1,22.3,27.0,25.0,25.0,10.4,9.3,11.0,8.4,7.0,12.3,6.7,9.4,12.5,1013.5,1012.4,1012.9,1012.8,1013.9,1012.7,1013.5,1013.0,1013.1,101.539923
2023-05-25,101.539923,76.26,160.0,71.83,2.6735,25.452,605.38,2707.75,5280.88,31569.71,18165.04,830.12,1862.75,2117.79,19.3,20.1,19.3,19.9,20.2,19.6,19.5,15.7,21.7,15.1,17.0,13.9,16.0,15.7,16.8,14.2,13.8,16.7,23.1,25.0,26.7,25.0,25.1,22.0,28.0,19.0,25.0,10.6,9.6,10.1,9.6,11.6,10.9,8.0,8.3,12.8,1015.0,1017.2,1014.5,1018.0,1014.4,1013.3,1014.8,1018.3,1017.0,92.60898
2023-05-26,92.60898,76.95,160.0,72.67,2.5913,24.52,597.83,2671.75,5347.46,31724.33,18243.67,866.12,1950.46,2047.04,20.3,21.4,20.6,21.8,21.4,20.2,21.4,18.6,22.4,17.4,15.0,13.2,15.0,18.1,18.0,14.2,9.7,16.8,22.7,27.4,29.1,29.0,26.0,22.3,29.0,27.0,26.0,22.1,7.7,11.4,4.8,15.9,10.6,10.2,6.9,8.3,1014.9,1018.2,1017.3,1018.8,1015.4,1015.2,1015.7,1019.0,1017.7,71.659929
2023-05-27,71.659929,,,,,,534.38,2208.96,4795.5,26330.17,14360.5,793.79,1795.96,1841.08,20.2,21.5,21.2,22.1,21.4,20.2,21.9,19.0,22.0,17.9,18.0,14.5,18.0,15.8,17.8,14.3,13.0,17.0,22.6,26.0,29.2,26.3,26.5,22.0,30.0,25.0,26.0,21.8,8.7,12.2,12.1,12.5,9.7,10.6,7.7,10.7,1014.0,1017.8,1016.0,1018.0,1014.4,1015.1,1014.4,1018.1,1017.9,64.291245
2023-05-28,64.291245,,,,,,565.92,1983.33,4286.12,22464.88,11679.04,751.79,1712.0,1486.67,19.8,21.3,21.4,22.3,20.7,20.5,21.0,19.0,21.8,17.2,15.3,14.2,18.0,15.4,17.0,14.5,14.8,18.9,22.2,26.6,28.0,27.0,25.6,23.5,28.0,25.0,25.0,19.5,7.8,10.6,8.0,9.9,13.8,8.7,6.2,9.8,1012.4,1014.4,1013.1,1015.1,1012.9,1012.6,1012.5,1015.6,1014.5,86.15799
2023-05-29,86.15799,77.1,140.65,73.0114,2.7015,24.562,639.08,2679.67,5183.04,29650.58,16621.92,812.04,1931.54,1783.29,20.1,21.0,20.8,21.8,20.6,20.6,19.8,17.9,22.3,17.1,15.0,18.0,17.0,17.4,17.0,15.1,13.8,17.5,23.0,27.0,26.3,27.0,23.6,23.0,27.0,25.0,26.0,12.4,8.0,11.4,6.3,8.0,10.7,8.9,5.8,13.4,1011.7,1013.9,1011.8,1014.9,1012.0,1011.3,1012.0,1015.7,1013.8,94.375037
2023-05-30,94.375037,73.71,135.1,69.46,2.4792,24.681,634.21,2810.92,5468.5,31600.42,17877.38,837.29,1990.08,1982.04,20.0,21.1,19.7,22.6,20.8,21.0,19.3,19.2,22.6,16.2,15.7,17.3,17.0,17.2,19.7,14.5,12.3,19.0,23.5,26.3,24.1,27.0,24.5,23.0,27.0,26.0,26.0,9.4,10.1,8.5,8.4,8.0,7.0,9.1,5.9,14.8,1013.2,1014.7,1012.7,1015.4,1012.8,1012.4,1012.9,1015.7,1015.1,92.967773
2023-05-31,92.967773,72.6,138.0,68.09,2.4438,26.852,558.08,2681.12,5120.96,31860.29,18449.88,812.38,1933.38,2304.5,19.6,20.6,18.8,21.5,20.5,20.1,19.9,17.8,21.3,16.0,16.0,16.7,17.0,17.0,18.8,14.5,14.3,17.0,22.0,26.0,25.0,26.0,24.7,21.0,27.0,23.0,25.0,9.7,8.4,8.9,9.8,8.7,7.6,8.7,8.1,18.6,1014.6,1016.6,1013.2,1017.6,1013.9,1013.2,1013.9,1018.6,1016.9,95.501035
2023-06-01,95.501035,74.28,130.15,70.1,2.4362,23.103,591.92,2704.5,5243.38,31365.0,17934.71,814.83,1928.5,2147.17,19.8,21.1,18.7,22.5,20.6,20.1,20.1,19.7,21.4,17.0,14.4,14.3,17.3,16.4,17.7,14.1,12.8,17.0,22.3,27.0,25.1,27.6,25.0,22.0,27.0,26.0,25.0,10.1,7.7,8.4,5.0,9.9,6.6,9.8,7.3,8.8,1014.5,1015.4,1014.2,1016.0,1014.2,1014.1,1014.2,1016.4,1015.0,81.916268
2023-06-02,81.916268,76.24,131.0,71.74,2.5036,23.689,490.79,1959.58,4291.62,22979.12,12157.17,782.33,1655.42,1642.21,20.5,22.4,20.0,23.5,20.1,20.1,21.0,19.6,22.3,17.0,16.0,14.4,17.0,16.4,17.0,14.7,13.0,17.0,23.6,29.0,25.7,29.2,23.2,23.0,27.0,27.0,27.0,12.3,10.3,10.8,5.2,8.6,10.0,8.0,6.5,8.0,1012.8,1012.3,1013.7,1012.7,1013.5,1013.7,1013.1,1013.3,1012.2,75.275127
2023-06-03,75.275127,,,,,,527.33,2293.62,4809.58,25011.38,12959.88,795.96,1800.38,1824.62,21.4,19.8,20.4,21.1,20.2,20.8,21.2,17.5,22.0,17.7,16.3,14.7,16.0,18.6,16.9,15.1,14.1,18.5,24.7,26.0,25.0,25.1,22.8,23.1,26.0,24.0,25.0,11.1,11.0,9.0,7.0,10.3,12.3,7.6,5.7,14.3,1013.9,1014.5,1014.9,1015.0,1015.0,1014.9,1014.6,1015.1,1014.4,60.752939
2023-06-04,60.752939,,,,,,517.17,1935.25,4213.88,22829.04,11955.29,787.71,1675.62,1744.12,21.4,19.2,20.2,20.2,21.0,21.4,20.0,17.6,21.2,16.4,15.0,18.0,16.9,17.5,18.0,15.4,14.3,18.0,25.0,26.0,22.7,24.0,24.3,23.3,26.0,24.0,25.0,11.3,7.4,10.1,9.2,8.9,11.6,7.1,6.1,12.6,1016.2,1015.9,1015.3,1016.5,1016.6,1015.6,1016.2,1017.0,1016.1,96.146437
2023-06-05,96.146437,76.71,137.75,72.15,2.5244,28.478,612.25,2568.62,5141.25,29902.29,16905.08,842.33,1870.75,1962.0,22.4,18.0,20.1,19.0,20.7,20.1,20.3,17.7,18.7,19.4,16.8,15.8,16.0,18.9,18.7,17.0,13.6,16.0,26.9,20.4,26.2,22.0,22.9,22.0,25.0,23.0,21.7,12.9,4.6,8.3,8.1,11.2,10.8,9.7,5.9,14.5,1015.6,1015.7,1014.8,1016.1,1016.1,1015.1,1015.4,1016.0,1015.6,90.30193
2023-06-06,90.30193,76.29,134.45,71.74,2.5643,24.86,628.0,2849.12,5485.79,31950.79,18243.62,841.62,1922.21,1980.42,21.3,20.2,20.9,21.5,20.5,19.4,20.6,18.8,19.2,18.9,16.9,15.0,15.0,18.4,18.0,14.9,12.5,16.8,23.6,25.0,25.6,26.0,22.9,21.0,26.0,25.0,22.0,10.1,6.8,11.0,5.6,13.1,9.7,8.3,5.8,8.8,1015.3,1014.9,1015.7,1015.2,1016.1,1016.1,1015.8,1015.4,1015.1,94.257532
2023-06-07,94.257532,76.95,136.0,72.53,2.6412,26.331,567.46,2779.92,5197.92,31193.75,17597.12,804.75,2068.25,2178.33,20.8,20.5,21.0,21.4,21.5,20.6,21.1,19.0,20.6,18.4,15.6,15.5,16.7,18.3,17.0,15.1,14.1,16.0,22.8,25.0,25.4,25.6,24.3,23.5,27.0,25.0,24.0,10.7,6.9,10.7,8.6,11.1,12.2,8.6,9.3,8.4,1015.5,1015.5,1015.9,1016.2,1015.8,1015.9,1015.6,1016.3,1015.5,90.179418
2023-06-08,90.179418,75.96,136.25,71.29,2.6127,26.945,565.71,3107.38,5386.88,31875.25,18190.12,850.71,1801.83,1972.62,21.5,21.4,22.4,22.4,22.1,20.9,21.5,19.0,21.9,17.7,16.0,19.9,16.7,20.0,18.0,15.6,14.0,17.0,24.5,27.0,25.8,28.0,24.6,23.0,27.0,25.0,26.0,10.8,8.7,14.9,5.2,9.7,9.5,8.5,5.6,9.6,1013.8,1013.4,1013.7,1013.9,1014.5,1014.5,1014.1,1014.2,1013.2,91.995581
2023-06-09,91.995581,74.98,135.7,70.17,2.5918,32.049,648.29,2860.79,4960.29,31788.17,18074.25,890.12,1928.29,2426.12,22.5,22.9,21.6,22.5,21.9,21.8,21.8,19.1,21.5,18.1,16.0,18.6,17.8,18.5,18.0,15.8,14.8,16.5,26.5,29.0,23.3,27.0,24.5,25.0,28.0,24.0,25.1,10.8,7.0,10.7,5.1,9.9,9.6,7.1,5.0,10.3,1012.5,1011.5,1012.1,1012.4,1013.8,1013.2,1013.3,1012.5,1011.6,99.035802
2023-06-10,99.035802,,,,,,567.17,2316.71,4513.67,26668.71,14421.96,790.5,1792.5,2266.21,21.3,21.7,23.5,22.7,22.2,21.8,22.9,19.7,21.3,20.1,18.8,19.4,20.0,20.1,19.0,18.5,15.4,18.0,23.0,25.0,28.9,26.1,24.8,23.3,28.0,25.0,25.4,15.7,7.0,11.2,5.6,11.8,10.3,8.2,4.6,9.3,1011.2,1011.6,1012.2,1011.7,1012.0,1012.3,1011.6,1011.8,1011.1,94.396646
2023-06-11,94.396646,,,,,,558.25,2064.12,4330.79,24538.58,13143.38,794.46,1675.25,1972.33,21.1,22.4,24.9,23.5,21.8,22.8,22.5,20.7,21.8,18.5,17.0,18.8,17.0,20.3,21.0,16.8,14.8,18.0,24.0,28.0,31.3,28.0,23.5,24.4,29.0,27.0,27.0,15.6,7.4,16.8,7.8,11.3,7.4,11.0,5.9,9.9,1010.2,1011.7,1012.1,1012.1,1010.7,1011.8,1010.3,1012.3,1011.7,101.995626
2023-06-12,101.995626,71.84,134.0,67.12,2.4826,31.036,611.71,2751.25,5315.62,31905.83,18395.58,845.29,1852.46,2133.92,21.9,22.8,25.2,23.1,21.6,22.8,22.3,20.4,22.9,19.0,18.0,19.5,17.8,18.7,21.0,17.0,15.7,19.0,24.8,27.5,32.0,27.4,25.0,24.1,29.0,26.0,26.0,21.1,8.7,15.4,7.6,8.4,7.7,10.2,5.3,11.6,1009.3,1011.7,1011.6,1012.4,1010.3,1011.7,1009.8,1012.9,1011.8,105.92733
2023-06-13,105.92733,74.29,132.25,69.42,2.5579,36.051,626.0,2831.21,5381.71,33356.88,19379.21,852.33,2007.04,2279.38,22.1,20.0,24.3,21.5,21.3,23.0,20.4,18.1,20.5,18.9,16.0,19.6,18.8,18.9,20.3,17.8,16.5,16.7,24.7,25.0,29.6,24.0,23.8,25.0,26.0,22.0,24.0,14.3,9.6,12.5,11.3,7.4,12.4,8.3,7.6,11.5,1009.5,1009.8,1009.2,1010.3,1010.2,1010.4,1009.6,1011.0,1010.7,108.39149
2023-06-14,108.39149,73.2,132.0,68.27,2.5546,38.312,612.04,2954.12,5706.25,34101.46,19830.25,842.62,1999.54,2156.62,22.1,20.8,21.3,21.1,20.8,23.2,19.4,18.8,21.5,18.2,16.0,19.2,17.7,18.8,21.0,16.3,15.7,16.7,25.5,25.0,23.4,25.0,23.7,25.0,26.0,24.0,25.8,12.0,8.0,8.5,7.8,13.6,12.5,8.2,6.6,11.5,1010.1,1010.1,1008.6,1010.9,1010.4,1009.6,1009.8,1011.5,1010.6,112.374922
2023-06-15,112.374922,75.67,135.95,70.62,2.6417,41.145,666.08,2799.38,5440.17,33665.67,19703.29,785.71,1925.96,2345.08,20.9,22.0,23.6,22.9,20.0,22.5,21.5,20.8,22.5,18.9,15.9,17.8,18.0,18.8,21.0,17.6,14.9,18.0,26.0,27.0,30.7,27.3,21.3,24.0,27.0,27.0,26.0,18.7,7.9,18.8,7.6,10.6,16.6,9.8,5.9,12.9,1008.6,1013.0,1011.8,1013.6,1009.8,1010.3,1009.8,1014.1,1013.0,121.316655
2023-06-16,121.316655,76.35,128.45,71.78,2.6678,35.008,614.54,2779.54,5439.38,32949.04,19044.42,803.71,1995.88,2271.58,20.5,23.1,24.3,23.9,21.8,23.2,22.9,21.0,22.4,18.3,17.0,18.5,18.0,17.6,22.4,15.8,13.6,17.0,23.2,29.0,32.3,29.3,25.3,24.0,29.0,28.0,27.0,38.0,6.6,15.8,7.2,14.2,18.4,17.3,6.7,13.0,1008.8,1013.4,1014.3,1013.8,1010.9,1012.6,1011.6,1014.5,1013.4,106.223016
2023-06-17,106.223016,,,,,,641.96,2460.88,5240.58,28698.46,15514.29,809.75,1987.21,2043.79,22.1,23.3,23.3,24.2,22.4,22.7,22.7,21.6,22.3,20.4,16.0,18.0,18.0,15.9,19.0,14.4,13.9,16.0,23.7,30.0,30.2,30.0,27.4,25.0,31.0,28.0,26.1,32.6,8.4,13.1,7.8,15.9,8.0,11.5,7.5,9.1,1011.6,1014.0,1015.1,1014.3,1013.2,1014.8,1013.7,1014.7,1013.8,103.314276
2023-06-18,103.314276,,,,,,651.83,2104.12,4604.54,24385.25,12696.29,762.83,1777.04,1788.58,21.8,24.9,24.1,23.9,23.3,22.9,23.1,21.4,22.6,19.0,19.0,16.7,17.6,18.3,18.0,15.8,16.7,18.0,24.7,30.2,29.0,30.0,28.2,26.9,30.0,27.0,26.0,22.4,8.3,11.5,5.7,11.6,12.2,9.3,6.4,10.7,1015.7,1014.8,1015.7,1015.6,1016.4,1016.6,1016.4,1015.8,1015.3,124.942579
2023-06-19,124.942579,76.09,128.35,,2.6515,34.898,719.5,2943.58,5668.67,32197.0,18005.54,868.17,2064.96,1926.58,23.2,25.8,25.4,25.0,23.4,24.2,23.8,22.6,23.9,18.1,19.0,22.0,19.0,20.7,19.0,16.4,17.5,19.0,27.4,31.8,29.6,31.0,26.0,30.1,31.0,28.0,28.0,10.2,8.7,14.9,7.2,10.2,9.2,8.8,5.4,10.0,1016.8,1015.5,1015.6,1016.1,1017.7,1017.5,1017.5,1016.4,1015.5,119.286978
2023-06-20,119.286978,75.9,126.55,71.19,2.6092,38.708,732.29,3240.29,6010.54,34924.42,20011.96,883.04,2035.33,2010.96,24.0,26.3,25.6,26.1,23.6,24.2,24.0,23.1,25.5,19.1,19.5,23.0,19.0,19.1,20.6,16.6,18.7,21.0,27.3,31.6,29.0,30.0,28.2,28.0,32.0,28.0,29.0,8.8,9.0,19.2,6.8,8.4,12.2,7.6,4.7,10.2,1017.5,1016.5,1015.7,1017.2,1018.6,1018.1,1018.4,1017.7,1016.2,129.480223
2023-06-21,129.480223,77.12,124.15,72.53,2.6241,36.743,735.25,3101.29,5653.33,35331.5,20147.88,891.04,2176.04,2626.67,24.8,27.2,25.9,26.1,24.5,24.5,25.4,23.6,25.5,20.8,21.0,23.0,19.0,20.5,22.0,17.5,16.7,20.8,28.4,33.0,29.5,31.0,28.8,27.0,34.0,29.0,29.0,8.6,8.1,16.1,6.4,8.7,9.8,6.7,4.7,10.1,1017.6,1017.3,1016.3,1018.0,1018.8,1018.8,1018.6,1018.4,1016.7,129.137271
2023-06-22,129.137271,74.14,125.75,69.51,2.5501,34.097,718.83,3114.88,5658.71,36126.79,20708.79,913.33,2193.5,2818.75,25.3,28.2,27.2,27.5,25.1,25.6,26.3,23.7,26.5,20.4,21.5,23.5,21.8,21.3,22.0,18.0,18.2,22.0,29.7,34.0,32.2,33.0,29.3,30.0,37.0,30.0,29.6,8.0,8.7,13.3,5.8,8.5,6.7,7.3,7.3,7.8,1017.7,1016.7,1017.0,1017.6,1018.7,1018.8,1018.3,1017.9,1017.2,120.838689
2023-06-23,120.838689,74.1948,125.5,69.4417,2.5378,32.507,709.0,3137.25,5793.25,35856.46,20200.04,889.54,2215.38,2912.0,27.8,25.8,26.6,27.9,25.1,25.2,25.3,24.1,25.5,21.3,22.0,22.0,21.0,22.4,23.0,20.8,16.1,23.0,36.0,30.8,34.0,33.0,28.4,28.0,30.0,32.0,30.0,13.0,10.8,24.6,11.7,11.8,8.8,12.1,7.7,11.7,1014.0,1013.5,1017.8,1014.3,1016.7,1017.1,1015.9,1016.0,1013.2,113.055495
2023-06-24,113.055495,,,,,,584.21,2439.21,5153.08,29827.33,16384.08,905.29,1911.0,2450.46,25.3,24.7,25.6,26.5,24.1,24.5,25.2,23.8,24.7,22.7,19.0,19.6,20.0,21.8,23.5,19.8,16.4,20.0,27.2,29.2,32.1,32.0,26.7,26.0,31.0,30.0,28.0,22.2,9.6,13.1,7.5,12.0,9.2,9.9,7.9,10.3,1013.2,1017.0,1015.8,1017.4,1014.1,1014.6,1013.8,1018.3,1016.8,97.313223
2023-06-25,97.313223,,,,,,641.42,2160.12,4883.21,26405.29,13928.12,876.0,1944.08,1972.33,23.4,24.2,24.9,25.8,25.1,24.9,25.6,23.8,25.7,21.5,17.7,19.6,21.0,20.4,23.8,18.4,18.1,22.0,25.1,30.0,31.0,31.0,29.5,27.0,32.0,30.0,28.8,23.5,7.9,13.0,8.3,18.0,13.4,14.0,7.6,10.6,1012.8,1016.7,1015.5,1017.1,1012.9,1013.8,1013.4,1017.1,1016.4,116.290993
2023-06-26,116.290993,74.18,125.5,69.37,2.5375,31.975,759.33,3058.92,6079.54,35504.71,19976.88,970.71,2323.54,2335.79,23.8,25.9,27.4,26.9,25.5,25.1,25.6,25.0,25.2,21.3,19.0,18.8,19.0,21.8,23.1,17.9,16.8,20.0,26.3,32.5,35.8,33.0,30.0,26.3,33.0,32.0,28.4,27.6,9.9,13.5,5.9,10.8,10.7,12.4,6.4,9.9,1013.1,1014.6,1015.6,1015.2,1013.6,1015.2,1013.4,1015.4,1014.6,119.519318
2023-06-27,119.519318,72.26,127.9,67.7,2.5168,34.506,775.92,3154.04,6147.33,36875.42,20821.75,1012.71,2414.21,2549.46,24.5,27.6,26.7,27.6,24.8,24.9,25.6,25.6,25.0,21.2,22.0,21.0,20.0,20.6,22.6,18.7,18.4,20.9,27.6,34.0,34.3,33.0,28.3,27.0,32.0,32.0,29.0,14.2,9.9,16.7,5.7,9.2,12.7,10.3,6.9,13.5,1013.0,1011.5,1014.5,1012.2,1013.9,1014.5,1013.3,1012.5,1012.3,120.164757
2023-06-28,120.164757,74.03,127.9,69.56,2.6034,34.125,765.42,3188.25,6338.33,36880.21,20796.04,1014.92,2330.75,2446.5,25.6,22.9,26.4,25.0,25.0,25.1,24.9,24.2,22.6,21.3,20.8,20.4,20.0,22.7,21.0,19.0,20.0,20.0,29.2,26.0,34.3,29.0,27.2,28.0,30.0,28.0,25.0,13.3,11.1,20.7,13.9,14.9,11.0,10.2,10.3,15.6,1011.4,1013.5,1013.2,1013.8,1013.0,1013.2,1012.0,1013.6,1014.0,121.215119
2023-06-29,121.215119,74.51,127.9,69.86,2.5034,35.18,753.62,3250.58,6479.62,38022.29,21904.62,992.5,2246.33,2395.0,23.6,24.0,24.2,24.8,25.2,24.7,25.7,21.2,23.7,20.5,18.0,18.8,21.0,21.1,21.0,21.1,19.6,19.0,25.6,29.0,30.0,29.0,29.7,27.0,31.0,22.8,27.0,19.1,11.1,13.3,10.2,10.8,10.2,8.8,7.7,10.0,1014.7,1015.5,1013.8,1016.3,1014.0,1013.5,1013.7,1016.9,1016.0,119.68834
2023-06-30,119.68834,75.2748,128.05,70.4857,2.542,37.103,766.71,3214.96,6372.42,36037.58,20045.62,992.88,2261.42,2383.58,23.6,22.3,25.6,20.3,24.8,25.0,24.7,19.0,22.8,16.8,20.0,20.9,18.0,22.1,21.0,20.4,16.2,18.0,27.7,25.1,31.3,23.2,26.9,27.0,30.0,23.0,25.4,13.7,7.4,14.8,7.5,10.5,14.5,11.5,5.9,8.0,1013.2,1011.5,1013.3,1012.4,1013.3,1013.5,1012.6,1012.3,1011.7,102.820357
2023-07-01,102.820357,,,,,,715.17,2423.92,5272.67,29893.38,15898.21,936.92,2180.79,2465.71,25.0,22.3,24.5,22.1,23.7,25.2,21.7,21.0,21.1,22.0,18.0,20.8,18.0,21.6,23.0,18.2,15.9,18.9,29.1,27.3,30.4,27.2,25.9,27.0,26.0,27.0,24.0,17.2,8.2,25.5,4.2,21.5,16.7,11.2,6.2,10.2,1008.4,1008.1,1012.8,1008.9,1010.5,1011.3,1009.0,1008.7,1007.7,110.379509
2023-07-02,110.379509,,,,,,629.25,2205.71,4718.25,26454.0,13873.75,904.04,1932.71,2190.29,23.1,25.4,25.9,25.0,24.7,24.9,23.4,23.7,23.1,20.3,20.0,21.2,19.0,21.8,24.0,18.7,17.1,18.7,25.7,31.2,31.2,31.0,26.9,26.0,29.0,30.0,27.0,17.9,7.8,25.5,5.5,13.6,16.6,8.7,6.0,8.5,1010.0,1008.8,1013.7,1009.5,1011.0,1012.5,1010.6,1009.5,1009.4,115.750912
2023-07-03,115.750912,74.65,145.0,69.79,2.4624,33.929,695.5,3013.58,5862.0,35116.62,20045.54,988.58,2040.83,2470.58,24.2,25.3,25.9,25.8,24.8,24.9,24.1,23.8,23.6,18.7,19.8,19.9,21.0,22.6,21.8,19.2,17.6,21.0,28.0,31.0,33.2,30.1,27.1,27.4,29.0,30.0,27.0,11.1,9.2,22.3,6.6,13.4,9.1,11.2,7.7,14.8,1012.3,1010.9,1015.4,1011.5,1013.7,1014.5,1013.0,1011.7,1011.9,134.766538
2023-07-04,134.766538,76.25,142.5,71.154,2.5129,35.41,755.0,3199.54,6161.08,36715.29,20929.79,1039.67,2085.21,2545.0,25.1,23.8,25.7,25.0,24.6,25.5,24.5,22.1,23.6,21.0,18.0,20.6,20.5,22.1,22.0,18.3,16.6,18.0,28.6,29.3,34.4,30.0,26.4,29.0,31.0,28.0,28.0,15.4,9.6,16.9,10.1,12.9,14.1,8.7,7.0,10.6,1013.1,1013.7,1015.6,1014.1,1014.4,1014.9,1013.9,1014.5,1013.7,115.863889
2023-07-05,115.863889,76.65,144.8,71.79,2.5183,34.373,758.83,3310.71,6585.08,37238.17,21094.04,1004.12,2204.96,2280.42,24.6,24.9,27.3,23.6,24.9,26.0,25.4,22.4,23.6,21.2,18.0,20.8,19.0,21.3,23.0,20.0,17.9,18.1,27.6,31.0,36.3,29.2,28.3,30.0,32.0,28.0,28.0,13.0,8.9,14.3,7.4,10.2,16.6,8.5,6.2,11.3,1013.6,1013.4,1015.5,1014.0,1014.7,1015.6,1014.5,1014.7,1013.5,116.345512
2023-07-06,116.345512,76.51,139.65,71.8,2.5438,32.348,760.83,3225.12,6127.33,37618.42,21565.0,1059.92,2194.46,2685.75,25.8,23.3,25.6,22.4,25.6,26.0,25.4,21.5,22.0,21.6,20.0,19.9,16.6,22.2,21.6,19.2,17.3,18.6,29.6,26.0,32.0,25.0,28.5,30.0,32.0,26.0,25.3,13.8,9.0,11.6,11.1,12.8,14.3,8.9,7.2,11.3,1014.1,1015.4,1014.9,1016.0,1015.6,1015.5,1015.2,1015.6,1015.5,121.299685
2023-07-07,121.299685,78.33,138.0,73.86,2.5824,33.478,828.0,3200.33,6365.79,36842.29,20489.42,1108.92,2240.92,2608.92,25.3,24.2,28.7,24.0,26.5,26.6,26.3,22.2,24.2,21.9,18.0,24.0,17.0,22.3,22.0,19.7,15.1,19.0,28.4,30.0,35.2,29.0,31.2,31.0,34.0,29.0,28.2,24.5,8.8,13.7,6.2,9.8,12.8,8.4,5.2,7.7,1017.6,1019.8,1015.6,1020.5,1018.0,1017.1,1018.0,1020.5,1019.7,106.407327
2023-07-08,106.407327,,,,,,754.0,2652.21,5732.0,31252.29,16451.08,1033.71,2204.96,2424.33,24.8,25.2,28.3,26.3,27.1,28.4,27.7,23.9,24.6,21.9,17.0,25.3,22.0,22.2,25.0,21.0,18.1,19.0,27.9,31.2,33.4,31.0,32.1,32.0,34.0,30.0,29.0,21.1,8.9,15.8,6.9,11.1,9.5,7.7,6.4,8.4,1019.4,1019.8,1015.3,1020.8,1018.5,1017.6,1018.6,1021.3,1020.2,105.148177
2023-07-09,105.148177,,,,,,733.88,2306.33,5417.25,27660.58,14117.08,1011.42,1936.46,2138.17,24.7,27.6,26.8,27.2,28.5,27.6,29.0,25.8,25.9,19.0,21.0,23.0,20.0,23.6,26.0,22.1,18.9,21.0,29.4,34.0,30.1,33.0,35.0,29.6,37.0,32.0,30.3,15.9,7.5,15.2,4.9,10.2,11.0,7.7,6.8,6.8,1019.6,1019.9,1018.3,1020.6,1018.6,1018.4,1018.8,1020.8,1020.0,127.279948
2023-07-10,127.279948,77.69,133.7,72.99,2.5696,30.227,775.88,3153.96,6487.92,35684.08,19133.58,1103.17,2297.71,2731.88,25.9,29.2,26.9,28.8,28.4,27.2,29.3,28.0,27.3,21.7,23.0,23.7,22.0,23.1,25.0,21.9,21.7,22.0,29.3,35.5,30.5,35.0,34.3,30.6,37.0,34.0,31.0,13.0,8.1,13.3,4.1,10.2,12.7,7.8,7.5,8.3,1019.4,1018.8,1019.3,1019.7,1019.1,1019.0,1019.2,1019.9,1019.0,123.631511
2023-07-11,123.631511,79.4,131.0,74.83,2.6227,29.061,804.21,3478.67,6705.38,38554.96,21421.08,1085.08,2400.42,2660.12,27.0,30.3,26.9,29.8,28.4,27.2,29.1,28.2,27.5,20.4,24.0,22.5,24.0,25.6,24.0,23.0,22.5,23.0,32.4,37.0,31.1,35.0,32.0,32.0,35.0,34.0,30.3,11.5,8.9,12.4,4.9,10.3,10.6,7.4,8.5,9.6,1018.0,1016.0,1017.5,1016.9,1018.4,1018.3,1018.0,1017.0,1016.6,119.583568
2023-07-12,119.583568,80.11,129.05,75.75,2.667,26.639,856.42,3576.12,6899.67,41346.46,23175.0,1121.79,2503.38,3214.08,30.9,29.3,28.2,27.4,27.9,28.4,28.7,24.0,27.1,24.5,24.0,22.9,23.6,24.6,25.0,21.4,20.8,24.0,37.0,34.0,32.4,31.0,31.5,34.0,35.0,27.0,30.4,19.5,10.8,14.5,10.1,8.2,14.2,12.8,9.0,14.2,1016.0,1013.5,1015.0,1014.8,1018.2,1017.7,1017.1,1016.0,1014.7,112.16476
2023-07-13,112.16476,81.36,128.0,76.89,2.6786,26.607,879.83,3602.29,7003.33,42196.33,23746.88,1072.29,2568.58,3323.12,32.6,26.7,29.9,24.5,28.3,29.8,29.3,24.2,25.1,25.5,24.0,23.0,19.0,25.1,26.3,25.7,19.7,21.0,38.9,30.0,38.7,30.0,31.9,34.0,34.0,29.2,29.1,17.5,7.7,12.5,6.7,10.5,13.8,18.1,6.0,13.1,1013.9,1013.2,1013.2,1014.2,1017.2,1016.4,1015.2,1014.6,1013.2,102.295734
2023-07-14,102.295734,79.5792,131.65,75.1918,2.632,25.957,908.96,3644.46,7118.71,41724.92,23123.42,1055.79,2641.33,3232.25,28.9,27.0,27.8,23.9,27.9,27.6,27.7,23.2,25.8,25.8,23.1,22.9,20.0,24.6,25.0,21.9,19.8,20.5,33.3,32.0,33.4,28.0,31.6,30.0,34.0,26.7,30.2,16.7,9.2,11.7,9.2,10.3,12.6,10.5,8.7,11.9,1014.8,1015.6,1015.1,1017.0,1016.2,1015.9,1015.6,1017.0,1015.9,103.89487
2023-07-15,103.89487,,,,,,820.33,2780.25,6266.79,33182.71,17202.25,1131.12,2382.29,2599.67,27.9,27.6,27.6,27.0,27.9,27.0,27.8,25.5,26.2,23.7,21.0,21.6,22.0,24.2,24.0,21.4,19.8,21.0,31.7,34.3,31.6,32.0,31.5,30.0,34.0,31.0,30.0,10.5,9.0,16.3,4.4,8.7,11.5,7.4,6.3,9.2,1015.5,1014.9,1014.5,1016.0,1016.2,1015.7,1015.8,1016.0,1015.2,109.040641
2023-07-16,109.040641,,,,,,745.5,2561.29,5714.96,30171.17,15286.33,1074.12,2276.71,2512.25,28.6,30.0,28.6,28.1,28.4,28.5,28.6,26.5,27.2,23.2,22.0,21.8,22.0,22.8,23.7,22.3,20.6,23.0,33.3,36.2,35.5,33.0,33.9,34.7,36.0,32.0,30.1,8.5,8.7,11.5,4.3,9.2,11.0,7.4,7.6,8.2,1015.3,1014.2,1014.6,1015.3,1016.0,1015.2,1016.0,1015.4,1014.7,117.2593
2023-07-17,117.2593,78.5,131.1,74.15,2.6317,25.101,884.62,3564.62,7264.0,41428.54,22785.67,1171.96,2696.5,3061.17,29.5,30.0,29.3,29.4,29.0,28.6,29.5,27.6,28.7,22.9,22.0,24.4,24.0,23.3,25.0,22.4,20.3,24.8,34.9,36.1,35.0,35.0,35.3,34.1,39.0,33.0,33.0,8.9,8.4,10.7,6.4,9.8,12.6,7.3,6.7,9.8,1016.0,1015.6,1017.3,1016.5,1017.1,1016.9,1017.2,1016.7,1015.2,120.250817
2023-07-18,120.250817,79.63,134.35,75.75,2.6944,27.069,970.0,3774.33,7616.08,44404.88,24505.42,1234.46,2807.96,3496.62,29.5,30.0,29.4,28.8,29.3,28.4,30.4,27.6,29.3,24.7,24.0,22.5,23.0,25.9,25.0,22.1,21.3,25.0,34.1,37.0,39.7,33.0,33.4,31.0,40.0,32.4,33.0,13.1,10.0,10.5,6.5,8.9,11.0,6.8,5.8,12.2,1015.3,1015.6,1017.7,1016.6,1016.5,1017.1,1016.5,1016.6,1015.8,128.815225
2023-07-19,128.815225,79.46,131.0,75.29,2.7205,26.963,976.75,3679.83,7588.42,43487.88,23841.21,1262.42,2889.54,3249.71,30.6,30.0,31.7,29.2,29.1,28.8,29.8,28.1,27.7,23.0,24.5,22.0,25.0,26.2,25.6,23.6,23.1,23.0,36.1,36.0,43.5,33.7,32.5,33.2,37.0,33.0,33.0,13.0,8.6,11.6,7.1,14.0,10.2,8.9,7.8,10.4,1011.3,1010.5,1013.7,1011.4,1013.7,1013.7,1012.9,1011.9,1011.0,119.758264
2023-07-20,119.758264,79.64,132.0,75.65,2.7432,28.018,1020.17,3727.83,7719.79,44788.75,24573.04,1305.88,2993.33,3448.71,30.1,27.3,30.4,27.6,28.6,29.6,29.2,26.2,27.2,24.9,20.6,23.0,22.0,25.1,26.0,22.8,18.6,22.0,34.4,33.0,41.7,32.0,32.3,33.0,35.0,32.0,32.0,12.4,9.5,17.7,8.0,13.0,6.0,9.7,8.0,9.2,1008.3,1008.9,1010.5,1009.4,1010.5,1010.7,1009.9,1009.5,1008.6,114.052769
2023-07-21,114.052769,80.6112,133.0,76.6435,2.7981,28.164,1061.0,3653.96,7689.29,43934.96,23697.5,1331.83,3017.17,3484.21,31.2,27.3,31.2,24.6,29.3,28.6,29.9,24.7,25.0,24.4,21.8,25.4,20.0,25.7,25.0,24.2,20.4,19.0,37.4,33.9,40.0,28.1,32.8,31.0,36.0,29.0,28.2,13.9,11.7,13.9,10.4,17.1,6.9,12.8,8.4,15.5,1009.9,1007.6,1010.5,1008.4,1011.6,1011.8,1010.3,1008.7,1008.3,107.273531
2023-07-22,107.273531,,,,,,985.88,3019.79,6705.62,36652.54,18134.25,1271.0,2961.75,3574.25,31.4,25.1,28.7,23.7,29.7,31.8,29.9,24.1,24.1,27.1,21.0,25.0,18.7,27.1,28.0,26.0,18.0,20.0,36.9,32.0,33.4,29.0,32.5,36.0,34.0,29.0,28.0,13.2,6.5,13.9,6.1,18.7,12.2,12.9,6.8,10.5,1012.6,1012.4,1014.7,1012.9,1014.8,1015.0,1013.9,1012.9,1012.4,106.734012
2023-07-23,106.734012,,,,,,909.54,2497.62,5991.96,32146.21,15359.33,1186.46,2889.92,3311.38,29.4,25.4,30.1,26.0,29.2,30.1,29.1,24.7,25.0,22.9,17.9,25.3,22.0,25.9,27.0,23.8,17.9,19.6,34.7,33.0,36.0,31.4,32.3,36.0,36.0,30.0,29.1,9.6,7.5,13.6,7.4,12.6,11.4,8.0,7.3,11.7,1015.3,1014.4,1015.5,1015.1,1016.8,1016.3,1016.2,1015.2,1014.6,116.191008
2023-07-24,116.191008,82.74,133.1,78.74,2.8951,30.557,940.12,3486.71,7689.79,40477.58,20648.75,1263.25,2902.62,3546.33,32.4,26.3,32.8,23.6,30.5,36.5,31.2,22.3,25.7,25.2,20.0,22.8,20.0,24.8,27.0,24.6,20.0,22.0,39.4,31.7,43.8,27.0,35.4,43.0,38.0,24.4,29.0,18.9,9.7,11.3,10.7,17.7,17.5,16.2,7.9,14.3,1012.2,1009.5,1010.6,1010.8,1013.8,1013.0,1011.5,1011.2,1010.4,117.400809
2023-07-25,117.400809,83.64,134.0,79.63,2.8533,32.648,1048.21,3524.71,7652.83,42347.58,22315.5,1234.88,3113.83,3457.62,36.5,25.7,30.0,22.9,30.6,35.8,30.0,23.5,22.3,29.5,21.0,25.1,17.8,25.8,29.9,25.9,17.9,19.0,43.7,31.6,34.9,27.0,34.5,42.0,36.0,30.0,26.1,24.6,10.7,21.6,5.7,30.7,31.1,20.4,8.8,9.9,1004.5,1001.7,1007.7,1002.3,1006.9,1008.4,1004.8,1003.4,1001.7,103.879377
2023-07-26,103.879377,82.92,134.0,78.78,2.9072,29.275,1005.17,3490.0,7205.08,40655.25,21369.17,1167.92,3019.75,3398.17,28.6,24.1,26.1,24.8,27.1,27.6,26.3,23.1,21.8,24.3,18.0,22.8,21.0,25.6,26.6,23.0,16.9,18.0,33.2,29.2,31.0,29.0,29.5,29.0,29.0,28.0,27.0,26.6,7.8,24.8,12.5,35.6,20.4,12.4,10.7,13.0,1006.3,1007.1,1013.8,1007.8,1008.7,1012.2,1008.0,1009.2,1007.2,112.773836
2023-07-27,112.773836,84.24,134.0,80.09,2.9505,28.434,1036.83,3344.29,7079.04,37748.71,18722.46,1157.12,3002.42,3406.54,25.4,22.8,25.8,22.1,26.3,26.7,25.5,21.2,21.1,22.4,16.0,18.7,17.0,23.0,25.3,19.8,14.9,15.4,27.6,29.0,33.6,27.1,30.5,28.0,31.0,26.0,25.0,25.6,9.4,14.7,7.9,13.8,15.4,10.1,7.6,12.2,1013.4,1014.0,1015.4,1014.7,1013.7,1014.7,1013.5,1014.8,1014.7,107.998955
2023-07-28,107.998955,84.87,134.45,80.58,2.9453,25.841,1022.04,3232.88,6618.04,37038.33,19434.12,1162.12,2753.17,2815.96,26.0,24.1,26.2,23.4,26.3,26.0,25.1,23.2,23.3,20.7,18.0,21.4,17.1,23.4,22.5,19.3,16.8,17.8,30.2,30.0,30.3,29.1,29.0,28.6,31.0,29.0,27.0,16.3,7.7,12.0,5.0,11.2,12.5,8.3,7.0,9.2,1014.1,1012.8,1014.0,1013.4,1015.2,1014.7,1015.0,1013.2,1012.8,95.351256
2023-07-29,95.351256,,,,,,811.25,2598.71,5801.29,31166.33,15794.71,1054.38,2428.96,2677.04,26.5,27.0,26.3,25.6,26.4,27.5,25.8,24.1,25.0,23.4,21.0,20.8,21.0,22.9,24.0,19.7,19.1,20.0,29.5,33.0,30.9,31.0,30.3,30.6,32.0,29.0,28.0,14.6,8.9,13.3,5.8,12.3,18.7,8.9,5.9,11.2,1013.2,1012.4,1014.0,1013.0,1014.4,1013.4,1014.3,1013.2,1012.4,80.617895
2023-07-30,80.617895,,,,,,762.83,2281.46,5130.25,27773.54,13763.21,1019.58,2306.54,2509.67,27.3,27.2,29.1,25.0,27.0,27.4,26.6,24.6,24.4,21.3,22.0,22.0,19.0,24.1,24.0,21.3,19.0,19.0,32.0,32.0,37.1,31.0,30.8,30.5,32.0,31.0,28.0,10.2,8.5,14.0,5.6,14.3,15.6,9.0,6.2,10.4,1012.0,1011.6,1014.8,1012.3,1014.0,1013.9,1013.6,1012.4,1011.6,99.761512
2023-07-31,99.761512,85.43,137.3,81.8,2.8955,28.366,783.67,2895.75,5835.83,33064.79,16997.46,1026.04,2665.04,2861.0,27.0,26.3,28.1,26.4,27.1,27.1,27.5,24.8,25.0,24.2,21.0,23.8,22.7,24.9,23.0,22.4,19.4,20.0,29.9,32.0,35.0,30.0,29.6,29.4,34.0,30.0,28.2,14.8,8.0,25.3,7.7,12.0,9.4,8.9,7.4,9.8,1010.9,1011.5,1013.6,1012.1,1011.8,1012.8,1011.1,1012.2,1011.8,100.64464
2023-08-01,100.64464,84.91,135.0,81.37,2.873,27.123,888.29,3231.46,6306.58,37190.54,19810.21,1109.29,2774.83,3069.88,27.0,26.1,27.0,25.6,26.7,26.6,26.5,25.3,24.3,20.9,20.0,20.0,22.0,24.7,24.0,21.8,20.5,20.9,31.0,32.0,34.8,30.0,29.0,29.2,32.0,31.0,27.3,15.1,9.1,23.9,5.9,17.7,10.0,11.7,8.0,11.4,1007.5,1005.0,1011.4,1005.6,1009.3,1010.1,1008.3,1005.6,1005.1,107.993881
2023-08-02,107.993881,83.2,134.0,79.49,2.7758,28.742,912.79,3224.79,6420.92,37434.62,20060.08,1090.25,2687.62,3038.17,27.9,26.2,29.1,25.2,27.0,26.6,26.8,24.5,23.4,21.8,19.0,23.6,20.2,25.4,23.0,21.7,18.9,19.0,32.5,32.4,35.8,30.0,28.9,29.0,33.0,29.0,27.0,15.9,10.3,19.6,9.6,19.0,10.0,12.5,8.2,14.7,1007.2,1005.4,1010.6,1006.0,1009.4,1010.7,1008.0,1005.8,1006.3,111.663341
2023-08-03,111.663341,85.14,136.85,81.55,2.7647,30.473,906.88,3282.33,6641.29,37833.08,20293.12,1116.25,2571.17,3022.04,28.2,27.8,27.5,26.3,27.4,28.2,27.0,24.7,25.3,22.9,21.0,21.6,21.0,25.2,24.0,21.9,19.8,21.7,31.6,32.6,34.5,31.0,30.6,33.3,32.0,29.0,29.0,17.6,13.5,11.9,6.0,13.2,12.5,11.7,7.6,11.5,1008.9,1005.0,1009.6,1004.7,1010.7,1010.5,1009.8,1004.7,1004.9,106.751843
2023-08-04,106.751843,86.1,136.0,82.82,2.7839,28.853,903.04,3116.79,6515.62,36180.42,19006.38,1094.5,2553.42,2990.67,29.5,24.2,24.4,23.0,26.6,27.1,25.5,20.9,22.8,24.0,18.0,21.6,18.1,23.2,20.7,20.0,16.8,18.9,34.7,28.0,30.5,26.5,30.4,30.0,32.0,27.0,27.0,21.5,8.2,22.4,9.3,13.8,15.5,13.8,9.0,14.8,1007.2,1006.0,1010.8,1006.0,1009.4,1009.3,1008.6,1007.2,1006.2,98.943846
2023-08-05,98.943846,,,,,,1259.25,2516.29,5147.62,30155.12,14736.08,1046.79,2561.33,2887.75,24.7,18.4,24.4,21.3,23.1,24.3,20.6,21.6,19.0,22.2,16.0,21.5,16.0,21.1,21.0,16.0,14.5,17.0,28.4,22.0,28.0,28.1,25.0,25.5,24.0,29.0,22.0,15.5,13.5,27.4,9.5,24.6,32.9,9.8,9.3,13.3,1005.5,1006.4,1011.7,1006.6,1007.0,1010.0,1006.3,1006.7,1005.4,81.73609
2023-08-06,81.73609,,,,,,850.38,2168.88,4722.75,25631.29,12296.62,968.54,2232.08,2392.04,24.3,23.2,24.7,23.4,23.6,25.0,22.8,23.3,20.6,20.2,17.0,20.5,17.0,20.8,24.0,16.4,17.4,17.1,28.7,30.0,29.2,29.0,25.9,26.0,28.0,29.0,25.0,22.2,11.6,37.3,12.1,23.4,29.6,9.8,27.3,11.2,1006.7,1005.1,1012.6,1006.0,1008.5,1011.7,1007.6,1007.2,1005.0,92.940689
2023-08-07,92.940689,85.34,141.1,81.94,2.8044,30.487,945.62,2785.33,5567.29,31588.29,16153.21,1035.0,2437.5,2664.33,23.8,21.7,23.0,23.1,23.9,24.1,23.3,21.5,21.2,19.7,16.0,19.0,19.0,22.6,21.5,17.8,13.5,15.0,27.8,28.0,28.8,28.0,25.4,25.6,29.0,27.0,27.0,18.8,11.2,29.0,16.2,15.6,20.9,10.3,10.3,8.9,1010.3,1011.6,1014.9,1012.5,1011.4,1013.1,1011.0,1013.8,1010.8,84.809155
2023-08-08,84.809155,86.17,142.5,82.92,2.8451,31.066,988.92,2659.38,5471.79,30154.42,15032.04,1027.67,2431.83,2542.79,22.8,22.0,22.1,21.4,23.9,25.0,23.1,21.4,20.9,19.2,15.0,13.8,15.3,19.1,23.0,16.8,14.5,14.8,26.3,29.2,29.4,28.0,29.1,26.9,30.0,27.0,25.4,23.3,9.4,14.3,5.3,14.5,15.6,9.8,7.1,14.9,1015.6,1015.7,1017.3,1016.4,1015.8,1016.2,1016.0,1016.8,1016.4,99.486914
2023-08-09,99.486914,87.55,142.5,84.4,2.9284,39.823,1327.62,2680.12,5169.17,29467.88,14900.33,1057.83,2059.12,2273.67,23.0,22.9,24.2,22.9,23.9,24.5,22.6,22.8,21.6,18.5,16.0,16.6,15.0,19.2,21.0,16.8,15.7,17.9,27.1,30.0,33.1,30.0,28.0,27.0,30.0,29.0,25.0,14.6,7.9,13.0,3.6,12.2,12.6,8.7,7.0,10.0,1015.6,1015.2,1016.6,1015.8,1016.0,1016.5,1016.1,1015.6,1015.7,98.652575
2023-08-10,98.652575,86.4,143.0,82.82,2.9047,37.056,1264.46,2655.29,5258.5,29599.33,14952.42,1052.75,2146.0,2269.92,24.0,24.0,25.5,23.9,24.2,24.7,23.7,23.4,23.0,19.1,17.0,19.5,17.0,21.1,21.0,17.6,16.9,19.0,27.8,31.0,33.8,29.0,27.8,27.0,31.0,29.0,26.0,19.9,9.6,13.5,6.5,11.2,16.8,8.0,7.1,9.1,1016.6,1017.5,1017.7,1018.0,1017.5,1017.6,1017.2,1017.8,1018.0,107.601214
2023-08-11,107.601214,86.723,144.0,83.1939,2.9442,35.3,929.71,2411.54,5264.58,27443.58,13581.83,998.17,1974.0,2283.75,24.3,25.1,25.0,25.7,25.7,25.1,25.2,25.3,23.2,20.4,19.0,19.9,20.0,21.3,21.0,18.7,19.7,18.0,27.5,31.0,29.2,30.0,31.7,28.0,33.0,31.0,27.2,23.8,8.2,10.4,8.2,11.2,20.1,8.7,7.9,9.1,1019.3,1020.7,1019.2,1021.3,1019.3,1018.5,1019.4,1021.1,1021.1,89.484244
2023-08-12,89.484244,,,,,,869.54,2313.62,4907.38,26636.38,13269.83,993.83,2030.67,2251.5,24.3,25.4,25.2,26.2,25.6,25.6,25.6,25.8,23.7,21.4,18.0,19.9,20.0,21.2,22.0,18.5,21.1,19.0,27.0,32.6,30.7,32.0,31.3,28.0,33.0,30.0,28.0,21.7,7.5,9.3,5.6,18.1,14.9,9.6,6.8,6.8,1018.6,1020.0,1019.1,1020.5,1018.7,1018.3,1018.6,1020.4,1020.3,101.213651
2023-08-13,101.213651,,,,,,1028.42,2124.92,4332.12,24124.04,11773.38,971.75,1872.33,2021.12,23.7,26.7,26.3,27.7,25.2,25.3,25.5,26.0,25.6,19.3,21.0,19.6,21.0,19.4,22.0,18.6,21.3,20.0,27.6,33.1,31.6,32.3,30.5,28.0,32.0,32.0,30.0,16.2,6.6,11.0,6.4,14.2,11.2,9.5,7.4,5.6,1017.5,1017.9,1017.6,1018.4,1017.3,1017.2,1017.2,1018.6,1018.0,105.781051
2023-08-14,105.781051,86.21,146.5,82.51,2.9062,34.434,859.62,2623.88,5376.75,29235.83,14892.21,1035.5,2100.75,2347.12,24.3,26.6,25.6,28.0,25.4,25.0,25.8,25.4,25.8,19.5,18.5,19.5,22.0,20.7,21.0,19.1,21.1,21.8,28.3,34.0,30.0,33.0,30.0,28.0,33.0,31.0,30.0,14.1,8.5,10.6,6.4,9.7,9.6,7.9,5.4,8.5,1016.8,1017.1,1016.7,1017.7,1017.1,1016.9,1016.7,1018.4,1017.3,105.885462
2023-08-15,105.885462,85.03,147.15,80.99,2.8476,38.813,746.46,2102.96,4528.75,24706.12,12285.54,969.12,2009.5,2063.79,25.1,26.7,25.7,27.7,25.1,25.3,25.3,25.7,26.5,20.3,20.0,20.0,21.0,21.7,21.7,19.6,19.6,20.9,29.5,33.0,29.8,33.3,28.7,28.0,32.0,32.0,31.0,13.1,5.9,10.6,5.5,9.2,10.9,8.0,6.6,8.3,1016.2,1016.4,1017.0,1017.0,1017.5,1017.4,1016.9,1017.5,1016.6,109.693628
2023-08-16,109.693628,83.45,147.5,79.38,2.8671,37.784,843.88,2423.79,4907.21,28391.67,14800.33,991.0,2130.12,2295.33,25.2,27.5,25.9,28.4,25.7,25.3,26.6,25.5,26.8,20.1,21.0,21.4,23.0,21.6,22.0,21.2,19.8,23.0,29.8,33.4,30.6,33.0,29.4,27.7,33.0,31.0,31.0,11.3,6.7,10.7,7.7,11.8,13.5,8.4,6.1,9.2,1015.6,1016.5,1016.9,1017.1,1017.1,1017.1,1016.5,1017.5,1016.3,111.664895
2023-08-17,111.664895,84.12,147.0,80.39,2.8217,36.825,1087.79,2481.5,4883.5,29267.25,15113.62,1038.67,2279.04,2383.12,26.0,26.6,26.1,27.6,26.2,25.6,27.2,24.6,26.1,22.3,21.2,19.7,22.0,22.3,22.0,22.0,19.7,21.8,29.9,32.5,31.5,33.5,30.1,28.0,35.0,30.0,30.0,17.6,7.9,11.2,6.9,11.7,14.4,8.6,4.9,8.6,1014.5,1015.5,1015.5,1016.1,1015.6,1015.7,1015.1,1016.6,1015.5,112.069768
2023-08-18,112.069768,84.7918,149.5,81.5507,2.8119,36.41,974.62,2376.96,4909.08,27979.5,14385.79,990.33,2225.21,2117.5,26.7,27.3,27.7,27.3,26.8,26.3,27.5,25.0,26.4,22.9,21.0,23.5,20.0,23.2,22.0,22.0,19.0,22.0,30.7,33.2,31.2,34.0,30.9,31.0,36.0,33.0,30.3,21.6,7.2,12.2,5.0,10.2,11.5,8.5,4.7,8.6,1014.1,1015.2,1014.2,1015.8,1015.2,1014.8,1014.8,1016.2,1015.2,101.245275
2023-08-19,101.245275,,,,,,944.5,2377.71,4605.08,27891.67,14359.33,1024.29,2239.79,2340.96,27.0,28.1,26.7,29.0,27.3,26.5,29.2,26.9,26.9,23.3,22.0,20.4,23.0,23.7,23.9,22.0,21.4,22.0,31.0,34.0,32.3,34.0,31.4,30.0,39.0,34.0,31.0,21.8,7.7,11.3,6.7,9.2,12.6,8.6,5.8,7.8,1014.1,1016.1,1014.8,1016.6,1014.9,1014.2,1014.3,1016.9,1016.0,95.423367
2023-08-20,95.423367,,,,,,921.12,2351.29,4495.58,27039.62,13899.38,996.79,2105.17,2270.29,26.7,28.2,28.1,30.0,28.0,26.3,29.6,27.9,28.5,24.2,22.0,22.0,24.0,22.9,23.0,22.1,22.6,23.0,29.2,34.2,35.4,34.4,34.2,29.0,36.0,34.0,32.2,22.7,8.0,13.4,8.0,11.0,8.5,16.7,5.8,9.0,1014.5,1018.3,1016.0,1018.9,1014.7,1014.3,1014.3,1019.1,1018.3,119.396191
2023-08-21,119.396191,84.46,149.25,80.12,2.7726,40.782,947.67,2679.21,5055.29,32163.62,17372.75,1053.54,2365.88,2689.29,27.7,28.5,28.3,30.1,30.1,27.2,30.0,29.1,29.5,25.1,22.0,22.0,23.0,23.8,26.0,22.5,23.5,24.0,30.7,35.0,34.0,36.0,36.3,29.0,38.0,35.0,34.0,24.0,7.9,12.9,4.4,15.5,16.4,11.4,5.6,9.6,1016.1,1019.4,1016.4,1020.0,1015.5,1014.9,1016.2,1020.4,1018.8,138.421737
2023-08-22,138.421737,84.03,150.0,79.64,2.7891,42.908,1037.62,2842.17,5042.67,33260.79,18439.33,1072.83,2371.83,2454.33,27.6,29.0,29.2,29.8,30.0,27.4,30.1,29.1,28.7,24.6,22.0,21.4,23.0,23.7,24.9,23.7,23.5,24.0,31.0,36.0,37.3,37.0,37.4,31.0,38.0,35.0,33.1,18.0,8.8,11.7,4.8,14.3,13.1,10.4,5.4,8.2,1015.4,1017.3,1015.9,1017.8,1014.7,1014.2,1014.9,1018.4,1017.1,156.94955
2023-08-23,156.94955,83.21,150.0,78.89,2.7688,36.786,1479.29,3078.67,5548.54,36224.08,19890.42,1131.04,2431.54,2664.58,27.5,29.8,28.3,30.5,29.4,27.2,29.6,29.4,28.6,24.3,22.0,23.3,24.0,23.8,24.0,23.3,23.3,23.0,31.0,37.0,35.4,37.0,35.4,31.0,38.0,36.0,33.0,14.8,8.1,12.0,5.5,13.8,9.8,7.3,5.4,6.5,1014.3,1015.1,1014.2,1015.7,1013.8,1013.5,1014.0,1016.2,1014.9,163.109576
2023-08-24,163.109576,83.36,149.0,79.05,2.78,31.938,1114.0,3181.58,5767.5,37668.04,20901.71,1120.75,2556.75,3025.75,27.8,30.1,27.2,30.5,29.0,27.2,29.9,28.8,29.2,23.6,23.0,22.7,23.0,24.3,24.0,23.7,23.8,24.3,31.9,38.0,32.2,37.0,35.1,31.0,37.0,34.0,34.0,11.7,8.6,9.5,5.4,9.1,13.4,8.5,5.7,8.5,1014.2,1014.4,1014.9,1015.3,1014.5,1014.5,1014.4,1015.9,1014.6,143.118876
2023-08-25,143.118876,84.7987,149.4,80.2125,2.8554,34.777,1434.88,3108.46,5751.25,37848.96,20987.79,1128.83,2493.21,2944.54,27.7,30.6,27.4,30.1,28.1,27.0,29.1,28.0,28.0,22.4,24.0,21.4,23.0,25.6,23.6,23.0,23.3,23.0,32.2,38.0,34.3,36.0,31.4,30.0,36.0,34.0,32.0,10.4,8.5,8.8,5.9,12.1,12.6,8.5,6.4,9.3,1013.3,1012.0,1014.5,1012.6,1014.1,1014.3,1014.0,1013.0,1012.3,124.681017
2023-08-26,124.681017,,,,,,1019.17,2693.46,5070.25,32769.67,17719.71,1101.92,2392.0,2773.17,27.7,29.6,27.7,26.8,28.2,28.2,28.1,23.7,27.7,22.0,22.0,20.5,21.4,25.3,23.0,22.7,19.9,23.0,32.5,37.0,34.5,33.0,31.8,34.0,35.0,27.0,32.0,11.1,8.8,11.1,6.6,11.1,10.6,7.5,7.9,11.1,1011.8,1010.1,1012.7,1010.9,1013.3,1012.8,1012.8,1011.6,1010.1,117.981491
2023-08-27,117.981491,,,,,,947.25,2440.54,5218.25,29029.92,14611.67,1026.46,2264.79,2520.96,29.9,26.6,27.4,22.8,27.8,29.7,27.9,19.9,26.5,24.4,22.0,21.7,20.0,23.6,24.0,21.0,18.0,23.0,34.8,32.0,32.0,24.1,32.2,37.0,36.0,23.0,30.0,17.6,7.4,15.6,10.7,12.8,12.6,10.9,7.0,9.9,1008.8,1006.9,1006.8,1007.5,1010.1,1008.4,1008.5,1008.4,1006.9,120.360033
2023-08-28,120.360033,84.42,158.5,80.1,2.7957,38.414,1092.5,3073.62,6093.71,36181.38,19636.54,1022.88,2458.83,2803.29,29.9,23.6,23.3,19.7,26.4,27.0,25.0,17.0,23.9,24.8,19.0,21.2,16.0,23.9,24.0,19.6,15.0,20.1,36.5,29.0,27.2,23.0,28.8,36.0,29.7,19.0,27.0,20.8,13.8,25.1,14.3,30.1,33.7,24.2,9.9,16.1,1004.5,999.3,1008.6,999.8,1006.1,1009.4,1003.8,1000.7,1000.3,124.97058
2023-08-29,124.97058,85.49,158.5,81.16,2.7905,35.195,1062.58,3041.17,6167.79,35436.0,19469.42,1046.96,2374.83,2273.25,25.7,17.8,24.0,19.2,23.5,25.0,20.2,18.6,18.8,20.6,16.0,20.7,15.0,19.8,23.6,17.9,14.5,16.0,31.6,20.0,28.0,24.0,25.6,26.0,24.0,25.0,23.0,22.5,14.5,23.2,6.2,34.4,33.1,16.9,11.0,14.3,1004.0,1000.8,1008.4,1001.6,1005.0,1009.2,1002.2,1002.7,1000.0,111.055388
2023-08-30,111.055388,85.24,156.0,81.63,2.5671,35.992,843.04,3011.0,6179.75,35586.46,19641.96,1007.67,2391.29,2511.75,23.7,20.5,23.4,20.4,22.5,24.4,20.4,18.7,18.5,20.6,17.0,18.0,16.0,20.0,22.9,15.8,11.5,16.0,28.4,25.0,29.4,25.2,24.5,25.4,26.0,25.0,23.0,19.0,7.9,16.5,4.3,23.6,31.4,9.3,7.4,12.8,1006.7,1005.8,1010.5,1005.7,1008.1,1010.8,1007.2,1006.5,1005.3,124.840811
2023-08-31,124.840811,86.83,156.0,83.63,2.5659,35.029,789.88,2936.08,5963.75,33699.38,18593.25,985.58,2193.62,2237.21,23.3,21.4,23.2,21.4,23.8,23.6,21.2,19.4,20.3,19.5,17.0,16.7,16.0,21.7,20.0,15.7,13.0,16.0,27.1,27.0,30.5,26.5,25.7,26.0,28.0,26.0,24.1,18.4,9.2,14.5,5.5,16.5,10.6,8.5,6.5,7.8,1013.7,1012.6,1016.1,1012.8,1014.7,1015.8,1014.3,1013.0,1012.7,118.242953
2023-09-01,118.242953,89.0454,156.25,85.8253,2.594,35.617,764.71,2948.08,5891.92,33916.29,18813.08,982.5,2187.79,2328.21,22.8,22.9,23.3,22.3,23.3,24.4,21.9,19.7,21.8,19.6,16.0,16.6,16.0,19.5,22.0,16.2,13.4,17.0,26.5,28.7,30.5,27.2,26.8,26.1,29.0,25.0,26.0,10.0,8.4,13.1,5.5,10.7,21.5,8.1,5.0,9.4,1018.3,1017.6,1018.6,1018.1,1018.7,1018.5,1018.5,1018.2,1017.4,96.399788
2023-09-02,96.399788,,,,,,745.92,2418.04,4921.92,28469.38,14983.58,948.42,2086.67,2364.83,22.7,23.7,25.2,23.0,24.2,24.4,23.3,21.8,22.8,17.4,17.9,19.6,17.7,20.4,20.0,17.9,17.0,18.0,27.3,30.3,29.9,29.0,28.2,27.4,31.0,27.0,26.3,12.4,8.8,13.8,4.8,9.8,14.1,6.7,4.9,8.0,1019.3,1019.7,1017.7,1020.4,1019.4,1018.4,1019.6,1020.6,1019.8,93.562362
2023-09-03,93.562362,,,,,,696.79,2258.71,4648.29,26011.67,13369.46,907.83,1951.12,2179.46,24.3,25.0,25.3,23.2,25.0,24.9,24.6,22.4,23.2,19.6,19.0,22.9,17.0,18.6,22.3,19.0,15.6,19.0,28.4,31.0,29.4,30.0,31.3,27.0,33.0,30.0,27.0,22.9,8.1,16.1,4.7,13.0,13.9,7.9,5.9,6.0,1019.6,1021.3,1019.3,1022.0,1019.9,1019.7,1020.1,1022.4,1021.0,103.568572
2023-09-04,103.568572,89.0,156.55,85.9308,2.5924,33.571,752.96,2880.83,5459.46,33407.17,18558.62,976.17,2131.25,2647.88,24.8,24.0,25.4,24.5,24.6,24.7,25.0,22.9,23.8,23.1,18.0,19.0,20.0,20.2,21.0,19.5,17.9,20.0,26.0,29.0,30.5,29.0,29.1,27.0,32.0,29.0,26.1,42.5,12.0,11.5,7.8,26.3,14.9,17.3,6.0,9.9,1015.0,1021.7,1016.7,1022.0,1016.5,1015.8,1017.1,1022.0,1022.1,104.347275
2023-09-05,104.347275,90.04,160.5,86.69,2.581,34.449,696.29,3042.88,5963.67,35914.17,20500.67,1008.75,2213.42,2488.5,25.3,22.5,25.7,23.1,24.8,24.5,24.2,21.7,23.6,22.9,18.1,23.0,19.4,20.7,23.5,18.4,19.3,20.0,27.4,27.0,30.0,26.3,29.4,26.0,31.0,23.0,27.0,30.3,9.9,13.1,10.6,36.1,34.4,22.1,7.3,18.8,1012.1,1021.2,1014.4,1021.9,1012.5,1011.2,1014.6,1022.1,1021.4,106.936494
2023-09-06,106.936494,90.6,160.0,87.54,2.6014,31.075,989.29,3050.21,5877.79,35582.04,20124.25,996.38,2160.33,2383.79,25.6,21.6,23.9,21.6,26.2,24.1,24.1,21.6,22.9,23.2,15.0,16.5,14.0,22.2,22.3,17.4,16.3,17.0,28.1,29.0,30.8,29.0,31.1,26.0,31.0,28.0,28.3,23.1,7.3,13.6,4.0,29.9,26.9,14.2,4.7,11.9,1014.5,1020.7,1016.1,1021.5,1014.1,1012.2,1015.2,1021.9,1020.4,110.883674
2023-09-07,110.883674,89.92,157.65,86.87,2.623,32.755,728.62,3124.0,6152.67,35509.58,20181.75,943.88,2050.75,2327.92,25.1,22.4,23.9,22.5,26.2,24.3,25.1,21.7,23.5,22.6,15.6,16.5,15.0,20.8,22.0,17.6,16.2,19.0,27.6,30.0,30.8,28.5,32.2,27.0,33.0,28.0,29.0,20.9,9.4,10.1,5.5,20.6,16.2,13.1,5.2,14.1,1015.0,1019.8,1016.2,1020.7,1014.3,1013.2,1014.8,1021.0,1019.8,111.65208
2023-09-08,111.65208,90.2804,156.25,87.2969,2.6568,34.508,716.12,3050.75,5970.54,35078.25,19562.25,957.21,2150.88,2670.5,24.7,22.9,24.1,23.1,26.8,24.4,24.8,21.3,23.9,22.1,16.0,17.9,17.0,21.3,22.0,18.0,14.3,19.0,28.0,30.0,31.0,29.1,32.7,26.0,33.0,28.0,29.0,23.7,7.0,11.1,4.4,19.2,9.7,10.7,4.8,12.1,1015.2,1019.1,1016.0,1019.9,1014.7,1014.0,1015.1,1020.4,1018.7,101.067615
2023-09-09,101.067615,,,,,,725.83,2488.88,5131.62,29601.42,15924.92,949.33,1983.08,2397.75,24.6,23.1,24.4,23.0,26.4,24.6,25.1,22.6,23.8,21.8,16.0,18.0,17.0,21.1,21.0,19.0,15.1,19.0,28.1,30.7,30.0,29.7,33.1,27.0,32.0,30.0,28.3,19.5,7.2,11.6,4.3,15.8,10.1,8.8,4.9,10.3,1015.3,1018.1,1016.5,1018.7,1014.9,1015.1,1015.4,1019.1,1017.8,108.330043
2023-09-10,108.330043,,,,,,642.42,2222.5,4885.12,26691.21,13947.33,922.38,1985.29,2086.17,23.8,23.3,24.1,23.4,26.0,24.4,24.8,22.9,23.5,20.1,15.6,17.5,16.9,20.2,21.8,17.0,16.3,18.0,27.6,31.0,30.0,30.0,32.7,26.3,33.0,30.0,28.0,18.5,7.6,11.2,3.6,14.2,11.4,8.2,5.1,9.2,1016.3,1017.9,1016.9,1018.5,1015.9,1016.0,1016.2,1018.8,1017.6,126.495174
2023-09-11,126.495174,90.64,158.0,87.29,2.7187,35.848,708.88,2950.42,6159.04,33512.96,18438.79,980.5,2120.79,2154.54,23.7,24.5,23.9,23.8,25.8,24.3,24.1,23.0,22.8,19.7,17.0,17.5,17.0,21.1,21.0,17.0,17.9,17.0,28.3,31.8,30.0,31.0,31.8,27.0,32.0,30.0,28.2,12.4,8.3,9.4,3.4,9.8,14.2,8.6,5.5,6.8,1015.2,1015.1,1015.8,1015.6,1015.2,1015.1,1015.3,1016.0,1014.9,126.033779
2023-09-12,126.033779,92.06,159.0,88.84,2.7279,34.701,707.54,3082.21,5979.58,36457.5,21050.5,967.0,2187.83,2482.83,24.1,25.2,24.4,23.7,25.0,24.4,22.8,22.8,22.7,17.0,19.0,17.0,17.0,22.2,20.0,15.0,18.8,17.0,29.5,33.0,31.1,30.0,29.1,27.5,31.0,29.0,27.0,13.2,8.7,10.7,4.3,12.7,12.7,7.7,6.6,7.4,1014.8,1013.9,1015.5,1014.6,1016.0,1015.7,1015.9,1014.7,1014.2,128.174005
2023-09-13,128.174005,91.88,162.25,88.52,2.7384,36.817,743.29,3163.25,6004.33,36871.58,21163.12,994.96,2271.08,2531.54,24.9,24.4,24.9,22.4,24.0,24.6,23.0,19.7,22.7,18.8,20.7,20.4,18.9,21.1,21.0,17.0,16.9,19.0,29.8,29.2,28.4,26.3,28.3,28.0,31.0,24.0,26.0,11.5,7.7,12.2,6.9,8.8,11.6,5.9,7.2,7.5,1016.1,1015.3,1017.0,1016.2,1018.0,1017.5,1017.8,1016.8,1015.3,128.173205
2023-09-14,128.173205,93.7,160.5,90.16,2.7427,35.521,726.04,3104.17,5960.62,36304.58,20713.0,988.42,2237.08,2575.25,23.5,23.6,24.8,21.8,24.3,24.6,23.9,20.1,22.8,20.9,18.9,20.7,16.8,21.2,21.6,19.2,14.9,19.6,26.8,30.0,29.5,28.0,28.7,27.0,30.0,26.0,26.0,11.1,7.8,8.2,4.8,8.8,8.6,8.6,4.8,9.4,1017.0,1017.1,1016.7,1017.4,1017.8,1017.5,1017.9,1018.0,1016.8,130.622195
2023-09-15,130.622195,94.0678,160.5,91.1298,2.717,36.483,715.5,3026.33,5949.92,35635.75,20114.88,987.29,2253.83,2588.0,23.3,21.9,25.2,21.3,23.9,25.5,23.8,19.3,21.5,19.9,19.0,20.3,18.0,21.6,22.0,18.7,16.4,19.0,26.9,26.0,30.2,25.3,27.9,28.6,31.0,24.0,26.0,10.2,6.6,11.8,6.4,8.7,12.5,8.5,5.2,8.8,1016.9,1017.8,1015.6,1018.5,1017.2,1016.8,1016.7,1019.3,1017.9,119.938862
2023-09-16,119.938862,,,,,,672.46,2441.0,5145.67,29742.46,15906.38,945.21,2158.83,2472.92,22.9,21.9,27.1,21.9,23.6,25.4,22.9,19.0,21.2,19.4,18.0,25.0,18.0,19.8,23.0,18.1,16.4,17.0,26.2,27.0,31.0,27.0,28.4,28.5,29.0,22.0,24.7,9.8,9.0,14.0,6.6,8.2,10.6,7.4,4.6,8.0,1018.3,1018.0,1015.2,1018.4,1018.4,1017.2,1017.9,1019.2,1018.1,109.372834
2023-09-17,109.372834,,,,,,615.46,2229.25,4963.33,26587.04,13707.96,916.04,2018.62,2136.38,23.6,23.5,26.8,22.4,25.3,25.1,24.4,19.9,22.0,20.2,19.0,25.0,19.0,22.0,22.0,18.8,15.8,18.0,27.4,28.3,29.3,26.0,30.9,30.0,31.0,24.0,26.0,8.4,6.5,16.5,4.6,9.3,10.0,6.8,4.1,6.4,1018.8,1018.3,1015.7,1019.0,1018.8,1017.9,1018.6,1019.6,1018.4,122.677562
2023-09-18,122.677562,94.43,160.75,91.48,2.6979,34.475,682.38,3005.58,5970.38,34155.08,18808.62,966.21,2222.25,2499.67,24.6,23.5,27.0,22.2,25.4,25.4,24.6,20.0,22.7,19.7,20.0,20.6,18.9,22.3,22.0,19.0,18.5,19.2,29.0,27.0,35.5,25.6,30.5,30.0,32.0,23.0,25.0,11.1,6.8,9.5,9.2,8.6,7.3,9.0,5.4,8.6,1016.8,1014.9,1015.4,1014.6,1017.8,1017.0,1017.2,1015.1,1015.0,124.622993
2023-09-19,124.622993,94.34,160.75,90.48,2.6581,36.782,701.54,3057.5,5849.17,36211.04,20567.29,1002.42,2341.75,2691.38,27.1,24.5,26.0,21.6,25.1,26.7,24.4,20.2,22.7,22.2,19.6,21.9,17.3,22.2,23.0,20.3,16.4,19.2,34.1,30.0,34.1,27.6,29.1,29.0,30.0,27.0,27.0,11.3,7.7,10.6,3.5,11.1,15.7,9.5,4.9,10.7,1014.4,1012.9,1016.0,1013.7,1016.6,1015.8,1016.0,1014.3,1012.7,127.284546
2023-09-20,127.284546,93.53,160.75,89.66,2.6192,37.284,702.88,3011.5,5812.96,35934.42,20579.42,1036.83,2357.08,2433.75,25.1,21.2,25.4,21.0,24.7,25.9,23.2,18.9,21.4,21.5,17.0,22.9,18.0,21.2,23.0,20.0,15.7,17.0,28.3,26.0,31.1,25.3,28.3,29.0,29.0,23.0,26.0,10.8,6.3,10.6,6.5,8.3,6.4,7.3,7.3,10.0,1016.2,1015.1,1014.6,1015.3,1016.4,1015.2,1016.0,1015.2,1014.8,118.662909
2023-09-21,118.662909,93.3,160.5,89.63,2.6199,39.105,684.54,3080.29,5929.67,36190.0,20587.79,1019.25,2345.88,2542.58,27.5,22.9,24.8,20.3,25.0,29.2,23.9,18.0,21.3,21.8,18.9,19.7,18.7,23.2,25.0,19.9,16.5,18.0,32.4,28.0,31.4,24.0,28.5,35.4,29.0,21.0,25.1,16.5,7.1,8.7,8.5,20.3,16.9,12.3,7.1,9.8,1012.6,1009.5,1010.9,1009.7,1013.3,1012.0,1011.8,1009.1,1009.7,123.055159
2023-09-22,123.055159,93.3801,160.0,90.3466,2.5742,39.791,688.54,2946.62,6167.92,35044.79,19398.0,984.71,2384.33,2474.67,28.6,23.9,24.7,20.5,26.5,32.1,24.7,18.5,21.6,22.6,22.0,20.9,18.4,24.2,24.0,21.0,15.2,18.8,34.8,26.0,30.4,25.0,30.5,36.0,29.0,24.0,24.3,19.0,12.8,10.5,16.7,22.2,29.1,16.9,5.7,10.0,1010.8,1005.7,1009.9,1004.8,1011.6,1010.1,1010.1,1004.6,1006.2,115.209795
2023-09-23,115.209795,,,,,,640.96,2304.12,5189.42,28786.0,15364.0,913.75,2227.12,2146.62,25.4,21.2,22.4,18.5,22.3,26.3,21.3,15.4,20.6,20.3,14.6,18.6,14.2,19.9,23.9,16.2,11.9,16.0,31.1,27.0,27.7,23.0,25.3,32.0,27.0,21.0,25.0,16.6,9.4,20.3,9.7,18.9,19.1,11.9,8.5,12.2,1010.8,1009.8,1014.8,1010.4,1012.1,1012.5,1011.4,1012.0,1009.5,96.354037
2023-09-24,96.354037,,,,,,589.54,2103.83,4868.62,25150.33,13088.88,869.71,1960.54,1669.21,20.3,17.7,21.5,16.6,21.9,23.5,18.9,15.8,18.8,17.8,14.0,18.0,10.0,19.7,22.0,15.0,8.9,15.0,23.3,23.0,27.0,24.0,25.0,24.0,25.0,23.0,23.0,23.8,9.8,19.6,3.6,16.5,22.4,16.6,7.2,10.8,1013.6,1019.3,1018.8,1019.4,1014.4,1016.6,1015.4,1020.2,1018.8,113.615127
2023-09-25,113.615127,93.29,160.0,89.68,2.5439,44.442,668.38,2844.71,5857.62,32792.33,18421.75,952.46,2072.88,1974.54,19.5,18.7,20.1,18.4,20.9,21.9,19.7,15.6,19.6,16.4,12.0,13.5,11.0,18.8,19.0,14.6,9.8,14.4,22.5,25.0,28.0,25.3,24.1,23.0,26.0,23.0,26.0,23.3,8.1,12.4,5.0,19.9,24.4,23.1,5.0,9.0,1014.9,1021.3,1018.5,1022.1,1015.3,1014.6,1016.2,1022.4,1020.8,121.285592
2023-09-26,121.285592,93.96,160.35,90.39,2.5622,40.322,712.46,2807.5,6099.08,33667.67,19123.67,927.5,2163.21,1834.25,22.5,20.0,21.3,18.5,23.3,22.2,22.2,17.2,21.7,18.8,13.0,14.4,11.0,19.7,18.0,15.2,10.4,16.0,25.7,26.4,29.4,26.0,28.1,24.5,30.0,25.0,27.0,28.6,7.5,12.0,3.2,25.0,26.6,17.3,4.9,13.1,1014.2,1021.0,1017.7,1021.9,1014.3,1013.3,1015.3,1022.0,1020.4,128.382848
2023-09-27,128.382848,96.55,160.35,93.68,2.5986,39.296,707.04,2965.42,6193.0,34977.54,20062.88,937.04,2118.38,1993.79,22.3,21.0,22.3,20.5,23.9,24.0,22.2,18.2,22.3,20.0,15.0,15.6,13.8,19.4,21.5,15.0,12.0,16.0,25.5,28.0,30.0,27.0,29.8,25.2,31.0,26.0,28.1,26.8,8.4,12.7,4.3,20.0,17.9,12.5,4.4,14.8,1015.2,1019.4,1017.4,1020.7,1014.8,1014.9,1015.4,1021.2,1019.0,113.492587
2023-09-28,113.492587,93.1,159.75,91.71,2.4662,39.736,656.67,3026.33,5963.58,34135.88,19516.04,919.75,2022.88,2030.62,21.5,20.4,22.3,20.5,23.1,22.6,21.3,18.7,21.8,18.1,14.8,15.9,15.0,19.0,20.0,15.0,12.6,17.0,25.3,27.0,30.7,27.0,28.0,25.0,30.0,26.0,27.0,15.6,7.4,11.1,4.4,9.9,10.7,8.3,4.9,11.1,1016.6,1019.1,1017.7,1019.9,1016.3,1016.9,1016.3,1020.1,1018.6,130.377749
2023-09-29,130.377749,92.2942,160.1,90.7358,2.3981,41.859,635.79,2937.29,5799.58,33699.0,19110.25,913.33,2077.12,2225.62,20.9,20.4,22.4,20.0,22.7,22.6,21.6,19.5,21.2,17.7,14.0,17.0,13.0,19.0,20.0,15.0,14.4,15.0,24.4,27.0,28.3,27.0,27.5,25.0,30.0,26.0,26.2,14.2,7.0,11.8,3.3,9.2,10.2,8.6,4.6,8.0,1019.4,1021.0,1020.2,1021.4,1019.2,1019.1,1019.0,1021.5,1020.3,112.0825
2023-09-30,112.0825,,,,,,597.17,2242.04,5025.88,27271.42,14562.29,842.54,2002.46,1999.04,21.3,21.2,22.8,20.5,22.9,22.8,21.0,19.5,20.6,18.0,15.7,16.5,14.7,17.8,20.0,14.8,13.6,16.2,24.9,28.4,29.6,28.0,28.7,25.0,29.0,27.0,26.0,21.7,8.7,11.3,3.2,13.1,7.9,8.0,5.2,6.1,1020.1,1021.3,1021.3,1021.9,1020.2,1020.9,1020.4,1022.2,1021.2,94.26485
2023-10-01,94.26485,,,,,,548.75,2072.71,4490.42,24628.21,12877.5,844.67,1782.21,2011.96,21.8,21.0,21.9,20.3,23.2,22.0,21.0,19.9,20.6,18.9,15.0,16.0,14.4,18.0,19.0,13.0,15.3,16.0,24.8,28.0,27.0,27.1,30.0,24.4,30.0,26.0,25.0,28.6,8.2,10.0,3.3,14.3,11.4,7.3,4.2,8.5,1021.3,1023.5,1022.2,1024.0,1021.6,1021.8,1022.0,1024.2,1023.3,119.504151
2023-10-02,119.504151,90.71,155.0,88.82,2.4122,39.335,600.08,2843.92,5534.83,32263.21,18196.29,886.08,1963.12,2238.88,21.8,21.4,21.1,20.2,23.4,22.5,21.2,20.0,19.6,19.0,16.0,14.8,14.0,18.7,19.0,14.5,15.3,16.0,24.3,28.4,27.8,28.1,30.0,25.2,30.0,26.0,24.0,26.7,8.4,9.0,2.6,17.2,14.1,8.1,4.2,7.6,1023.0,1024.5,1024.0,1024.9,1023.1,1022.8,1023.7,1025.1,1024.3,137.082326
2023-10-03,137.082326,90.92,150.0,89.23,2.3601,36.987,630.75,2920.88,5698.71,33502.42,19102.71,898.08,1989.92,2261.38,21.7,21.5,21.2,20.7,22.8,22.1,21.5,20.1,19.9,18.8,15.6,14.3,15.0,17.9,18.4,15.0,14.9,15.0,25.9,28.1,27.6,27.0,28.5,25.0,30.0,26.0,24.3,15.4,8.2,8.8,4.1,9.6,11.7,8.0,4.1,6.5,1022.8,1021.4,1023.6,1022.1,1023.0,1022.9,1023.0,1022.2,1021.4,118.019725
2023-10-04,118.019725,85.81,145.0,84.22,2.198,38.441,630.75,2806.0,5340.62,33453.62,19256.71,867.92,2041.54,2510.08,21.4,21.0,22.6,21.4,23.1,21.7,21.0,19.7,20.3,16.6,17.0,14.4,18.0,21.2,17.9,15.6,15.0,17.8,26.3,26.0,33.4,25.0,26.3,25.0,29.0,25.0,24.7,11.7,9.5,14.1,6.6,9.3,9.0,7.5,5.8,12.5,1021.6,1022.6,1023.0,1022.9,1022.6,1022.9,1022.4,1023.1,1022.9,114.793471
2023-10-05,114.793471,84.07,140.0,82.31,2.189,36.207,666.38,2839.96,5424.58,33204.04,19223.5,890.42,1906.42,2252.79,20.9,20.5,22.4,20.8,22.5,21.6,21.1,19.3,19.2,17.8,16.0,16.6,15.8,18.9,18.0,17.7,16.2,15.0,24.5,26.0,29.0,26.0,26.5,25.0,27.0,24.0,24.0,9.3,4.1,17.0,4.8,8.8,7.5,7.5,4.9,9.0,1022.5,1023.4,1023.2,1024.0,1022.6,1022.3,1022.5,1024.4,1023.3,130.390305
2023-10-06,130.390305,83.13,138.5,81.28,2.1616,38.231,664.38,2904.88,5607.38,33754.21,19450.08,905.75,1972.0,2249.75,21.2,20.5,21.6,20.1,22.5,22.4,20.9,18.5,19.5,18.7,16.9,15.0,16.0,18.1,19.4,15.0,14.3,15.0,24.1,26.0,28.2,25.0,27.1,25.1,29.0,24.0,24.2,15.1,6.0,11.0,3.2,9.8,16.2,6.6,4.5,9.8,1023.0,1024.0,1023.6,1024.5,1022.6,1022.2,1022.7,1024.8,1024.0,124.533206
2023-10-07,124.533206,,,,,,620.71,2314.17,4848.12,27918.88,15201.96,874.75,1916.42,2142.75,20.6,20.5,21.4,19.3,22.5,22.5,21.2,18.7,18.7,17.8,15.8,15.0,14.0,18.4,19.0,15.0,13.7,13.1,24.0,27.0,27.5,26.0,27.3,25.0,28.0,25.0,24.0,17.2,7.7,9.4,4.2,11.9,14.7,8.1,4.9,6.9,1023.1,1023.3,1023.6,1023.8,1022.8,1022.4,1022.9,1024.2,1023.2,101.21343
2023-10-08,101.21343,,,,,,546.67,1995.54,4415.54,24606.92,13103.46,806.58,1782.29,1956.83,20.8,22.5,21.2,20.6,23.2,22.1,21.3,20.3,19.5,17.2,16.0,15.7,13.9,18.5,19.0,13.0,15.0,14.7,24.5,30.3,27.8,29.8,29.1,25.0,30.0,30.0,24.1,21.4,9.2,9.3,5.9,10.3,9.7,6.5,5.3,6.2,1021.8,1022.4,1023.8,1023.1,1022.3,1022.6,1022.5,1023.6,1021.9,128.919475
2023-10-09,128.919475,86.5,141.35,84.6,2.2151,43.953,640.67,2756.83,5420.62,32233.0,18332.21,868.79,1950.92,2262.96,22.1,24.2,21.3,21.2,23.5,22.3,22.2,20.7,19.5,18.7,16.0,14.8,13.9,19.4,19.0,14.0,15.1,15.8,26.3,32.0,28.1,30.0,29.0,25.0,33.0,29.0,23.5,15.4,10.2,9.5,6.4,9.0,11.8,7.6,5.0,6.8,1021.6,1020.5,1024.2,1021.4,1022.3,1023.0,1022.6,1021.9,1020.4,140.426716
2023-10-10,140.426716,86.23,141.9,84.13,2.2312,49.455,660.25,2794.96,5483.21,33221.42,19029.33,882.38,2010.79,2360.5,21.9,22.4,21.4,21.7,23.2,22.2,21.7,19.5,20.7,17.7,18.0,14.5,14.0,19.7,18.2,13.0,13.7,18.0,26.6,29.0,30.6,28.6,27.0,25.0,31.0,28.0,24.0,9.8,7.5,10.7,5.1,14.7,10.9,7.0,5.2,7.5,1019.8,1019.9,1022.3,1020.0,1021.1,1021.7,1021.0,1020.1,1019.7,150.606602
2023-10-11,150.606602,84.69,141.5,82.07,2.1937,46.068,694.62,2905.58,5470.21,33416.88,19008.83,880.83,2007.83,2448.96,20.6,19.7,21.1,20.2,22.4,22.1,21.0,18.5,19.8,16.7,14.7,13.9,15.0,18.7,19.7,15.0,14.6,15.0,24.8,25.0,28.4,25.4,26.2,25.0,30.0,25.0,25.0,9.7,6.6,8.9,2.7,12.5,8.5,7.3,5.3,6.7,1021.2,1021.4,1022.0,1021.8,1021.5,1021.4,1021.2,1021.9,1021.0,147.066126
2023-10-12,147.066126,84.81,142.65,81.8,2.151,53.002,714.71,2873.33,5490.75,33576.5,19300.79,887.38,1995.71,2313.83,20.8,20.6,21.7,20.7,22.3,21.6,20.4,17.6,19.5,16.2,17.3,15.6,17.0,19.1,18.0,12.0,12.1,15.0,26.3,26.0,31.8,25.3,26.6,24.5,30.0,25.0,24.0,11.6,8.2,9.5,4.7,9.0,8.0,6.4,4.6,6.1,1020.8,1020.5,1021.6,1020.8,1021.4,1021.2,1021.1,1020.8,1020.3,157.609512
2023-10-13,157.609512,89.34,143.85,86.35,2.253,53.982,678.62,2843.0,5532.71,33463.83,19212.29,872.79,1963.92,2360.5,20.3,20.3,21.4,21.2,22.3,21.6,20.0,18.4,20.8,15.8,14.0,13.3,18.6,19.5,18.0,13.0,14.2,18.0,24.8,26.0,28.4,25.3,25.9,24.0,28.0,24.0,23.2,11.1,7.8,11.1,4.5,9.7,11.3,6.8,4.8,6.6,1020.9,1020.6,1021.8,1020.7,1021.8,1021.6,1021.7,1020.7,1020.1,153.324166
2023-10-14,153.324166,,,,,,625.38,2328.04,4800.62,27992.38,15223.12,817.71,1900.96,2296.54,21.2,20.4,21.8,20.3,21.9,20.8,19.9,17.2,19.9,16.5,14.8,15.0,15.8,19.3,16.9,13.0,12.9,14.3,26.2,27.0,29.7,25.0,25.2,25.0,26.0,23.0,25.0,11.6,6.8,8.2,5.8,9.7,6.5,8.4,4.3,7.7,1017.0,1014.8,1018.6,1015.2,1019.0,1019.1,1018.2,1015.3,1014.1,139.172261
2023-10-15,139.172261,,,,,,586.71,2058.5,4428.29,24891.38,13133.42,797.08,1812.88,2074.5,22.3,19.7,21.7,18.8,22.9,24.9,21.8,15.9,17.0,18.0,15.3,14.4,13.0,20.4,20.0,19.2,11.1,12.0,26.6,25.0,30.6,26.0,25.4,30.0,26.0,22.0,23.0,16.3,7.2,14.8,9.2,18.2,16.3,13.2,8.1,15.2,1011.3,1010.7,1015.1,1011.1,1013.9,1014.8,1012.7,1012.0,1011.1,175.761822
2023-10-16,175.761822,88.27,143.75,85.26,2.2577,48.467,658.75,2735.25,5232.75,32278.62,18484.42,834.46,1963.17,2369.83,19.2,14.4,21.9,15.3,20.3,23.4,18.4,12.7,12.7,16.2,10.0,16.9,12.8,17.6,21.8,15.0,9.8,9.9,22.1,17.1,28.4,18.0,23.1,25.8,22.0,14.0,16.1,17.1,8.2,8.6,10.9,17.0,16.3,9.0,8.9,14.0,1015.5,1018.9,1013.9,1019.3,1014.6,1014.6,1013.9,1019.8,1019.8,161.090262
2023-10-17,161.090262,88.56,142.25,85.44,2.2725,48.896,652.04,2928.96,5540.54,34522.42,20075.67,871.88,2032.17,2421.17,16.6,14.2,22.6,12.5,18.7,24.3,18.7,11.5,11.0,15.3,10.0,18.6,7.0,16.4,21.0,15.0,6.9,6.0,17.5,19.0,26.5,18.0,21.8,26.5,24.0,17.0,16.0,17.4,7.2,10.3,4.0,19.8,19.6,8.9,5.5,9.5,1016.1,1017.8,1013.9,1018.2,1014.6,1013.9,1014.6,1018.2,1018.3,151.66954
2023-10-18,151.66954,90.22,139.5,87.27,2.3348,50.833,716.79,2792.04,5528.58,33675.46,19595.62,874.88,1960.67,2206.88,17.6,11.9,23.7,12.8,19.5,23.1,19.0,12.4,10.0,13.0,10.0,21.0,11.7,16.3,19.0,16.0,9.8,7.0,21.4,14.0,27.2,14.0,22.7,26.0,23.0,15.0,13.0,15.8,5.3,13.1,5.8,16.0,8.2,7.7,4.3,13.0,1015.4,1014.9,1011.0,1015.2,1014.4,1012.5,1013.5,1014.9,1015.1,152.272274
2023-10-19,152.272274,91.01,136.5,88.37,2.343,50.172,698.79,2869.67,5413.08,33504.75,19449.92,861.79,1986.46,2225.04,22.7,11.6,23.9,12.6,22.7,28.7,21.7,11.9,13.9,18.9,10.0,18.5,11.7,19.7,24.0,17.0,9.5,11.0,27.4,13.1,31.4,14.0,25.7,34.0,27.0,14.0,16.2,28.5,5.9,7.6,3.2,31.0,23.3,18.9,4.3,8.5,1009.6,1005.1,1006.5,1005.3,1009.3,1007.8,1006.6,1005.2,1004.8,138.010705
2023-10-20,138.010705,90.89,138.0,88.08,2.3538,51.112,687.92,2798.67,5442.0,33608.29,19612.92,872.42,2017.96,2176.42,24.6,19.3,24.4,16.0,24.5,29.9,23.4,12.3,17.7,22.3,12.0,20.8,13.0,21.4,24.2,19.0,10.7,15.5,28.6,27.0,28.8,20.2,27.5,34.0,28.0,15.0,20.5,38.4,12.3,18.2,10.8,36.9,34.1,19.2,5.2,11.6,1003.9,993.6,998.9,992.5,1002.5,1002.0,999.2,992.4,994.3,136.626666
2023-10-21,136.626666,,,,,,611.92,2298.17,5173.58,28027.96,15421.29,828.67,1863.38,1830.96,23.0,18.3,20.6,17.2,20.2,22.7,19.2,14.0,17.7,18.6,16.0,16.4,14.0,17.6,19.0,16.2,10.0,14.5,27.4,24.0,23.6,21.0,23.4,24.0,23.0,19.0,22.0,26.5,9.8,11.9,6.2,16.5,14.8,15.3,5.4,10.2,1005.8,1000.7,1005.7,1000.4,1006.4,1006.9,1004.7,1000.7,1000.9,129.195591
2023-10-22,129.195591,,,,,,557.5,2051.08,4721.33,24669.38,13143.08,792.17,1738.83,1665.38,20.7,17.9,20.1,16.5,20.8,22.0,18.4,13.6,16.3,16.4,14.0,13.4,12.2,19.1,19.0,14.0,6.8,12.0,25.9,23.0,25.0,21.0,23.1,25.0,24.0,18.0,20.0,14.0,9.1,11.1,5.4,17.4,12.6,9.0,4.7,6.1,1013.2,1010.6,1013.2,1010.8,1014.0,1014.7,1013.4,1011.4,1010.7,144.637445
2023-10-23,144.637445,88.69,138.35,85.49,2.3116,51.276,609.58,2706.17,5523.88,31821.67,18138.0,848.96,1962.0,2033.08,19.2,16.2,23.8,15.4,20.8,22.3,18.2,13.2,16.7,15.0,11.0,21.9,13.0,18.1,19.0,12.0,11.7,12.6,23.2,22.0,26.4,18.0,24.1,27.0,25.0,14.0,20.5,13.0,8.1,20.7,4.6,7.3,9.5,9.2,4.3,8.0,1017.8,1016.3,1013.2,1016.8,1017.8,1015.7,1017.1,1016.9,1016.2,142.176946
2023-10-24,142.176946,87.16,136.5,83.74,2.2527,49.264,611.96,2886.92,5565.79,33479.25,19463.83,829.25,1990.88,2130.62,21.1,15.5,22.6,14.6,21.3,23.4,18.7,12.4,16.7,16.3,13.2,20.2,13.8,17.2,19.6,13.0,9.0,14.8,26.9,17.0,27.0,15.1,25.0,29.0,24.0,15.0,20.0,17.6,7.8,18.2,4.0,20.2,12.2,15.7,5.0,13.9,1014.7,1008.1,1013.9,1008.9,1015.1,1015.2,1013.3,1009.2,1008.3,134.408099
2023-10-25,134.408099,89.12,133.5,85.39,2.2688,49.924,588.5,2818.08,5352.12,33822.54,19912.58,870.33,1977.17,2303.75,21.0,15.2,20.6,13.6,20.6,22.8,19.3,11.0,15.8,17.4,11.0,18.6,11.0,18.6,21.6,16.0,6.8,13.8,24.1,20.0,24.9,17.0,22.5,24.0,23.0,15.0,19.1,20.5,6.2,12.1,4.3,29.6,13.9,13.3,5.9,14.0,1010.1,1004.4,1011.8,1004.7,1011.5,1013.1,1009.8,1004.7,1003.8,143.458101
2023-10-26,143.458101,87.05,135.7,83.21,2.2371,50.809,590.96,2841.92,5465.17,33752.62,19840.33,871.46,1926.62,2216.17,20.2,14.7,21.4,14.3,20.5,22.5,18.6,12.2,15.2,16.8,12.8,17.7,12.0,18.0,21.0,14.0,9.2,12.4,25.3,17.0,27.0,16.0,22.6,24.0,23.0,16.0,18.0,15.9,6.2,12.8,5.7,18.4,24.3,12.3,4.5,6.0,1006.8,1001.4,1009.1,1001.6,1008.4,1010.4,1006.7,1001.6,1001.4,124.261864
2023-10-27,124.261864,89.2,135.2,85.54,2.2952,50.532,602.83,2786.29,5581.46,33457.12,19502.5,877.29,2027.46,2079.29,21.7,18.7,22.2,16.3,22.4,23.6,20.6,14.8,17.0,16.9,15.0,19.0,13.0,20.8,22.0,17.8,8.6,14.6,27.5,24.0,25.7,22.3,23.6,26.0,23.0,22.0,22.0,24.1,13.4,17.0,8.7,38.8,31.7,19.7,13.2,14.6,1003.9,995.2,1007.2,995.4,1005.8,1008.7,1003.7,995.9,994.3,107.312983
2023-10-28,107.312983,,,,,,568.79,2324.38,5172.0,28044.17,15339.67,825.04,1960.46,1853.83,20.7,17.6,20.2,13.6,20.7,22.4,19.2,12.4,16.2,17.4,11.1,15.7,8.7,19.5,20.0,16.0,7.9,11.1,25.7,23.8,25.1,19.0,22.4,24.3,23.0,18.0,21.0,16.1,8.3,9.2,4.3,17.9,18.0,13.2,8.7,8.8,1009.7,1005.3,1011.9,1005.3,1011.1,1012.8,1010.2,1005.4,1005.1,121.386408
2023-10-29,121.386408,,,,,,577.72,1992.68,4525.92,24084.12,12796.08,772.12,1721.16,1698.44,18.8,14.5,20.1,14.6,19.8,22.4,18.5,11.3,14.2,15.9,9.7,13.0,12.0,17.0,19.0,13.0,7.5,11.0,23.2,21.0,26.3,16.0,22.8,26.0,24.0,14.0,18.0,12.9,6.3,9.9,9.0,14.9,10.9,14.3,4.7,9.6,1016.1,1012.3,1013.1,1012.4,1016.8,1015.9,1015.5,1012.2,1012.9,120.94631
2023-10-30,120.94631,86.35,131.0,82.31,2.2168,50.547,624.5,2694.29,5399.33,31422.38,17902.83,808.83,1847.5,2145.08,20.6,15.8,23.4,14.9,21.1,26.2,21.5,11.8,16.8,16.7,12.0,20.0,14.0,16.9,19.0,17.2,9.7,13.3,25.6,23.0,26.5,17.0,25.4,31.0,27.0,14.0,20.0,22.4,9.5,19.1,6.8,31.3,27.2,23.7,4.6,18.5,1015.4,1007.7,1008.4,1007.8,1014.3,1011.7,1011.4,1007.9,1009.2,122.308777
2023-10-31,122.308777,85.02,123.5,81.02,2.2173,48.006,614.33,2706.96,5446.54,32568.96,18868.33,858.21,1927.54,2147.04,22.4,17.6,20.3,14.4,21.6,23.7,19.2,12.2,16.0,17.8,13.5,16.0,10.0,19.4,21.9,14.6,8.0,11.0,26.5,22.0,25.0,19.0,23.2,27.0,22.0,19.0,18.8,28.1,14.5,13.9,13.6,32.0,24.7,14.0,7.1,17.3,1010.6,1005.1,1014.5,1004.8,1012.1,1014.1,1011.2,1005.8,1003.9,98.040002
2023-11-01,98.040002,84.63,117.45,80.44,2.1855,47.757,520.12,2046.83,4543.17,24571.21,13258.33,810.33,1696.0,1696.42,19.0,12.2,17.0,11.5,18.8,21.6,14.9,9.1,12.6,16.1,8.0,14.7,8.0,16.8,19.0,12.0,6.3,8.8,22.6,16.0,21.0,14.0,21.1,24.1,20.0,12.0,17.0,15.4,6.1,8.4,5.2,16.9,19.5,7.0,4.7,6.5,1014.6,1012.5,1015.2,1012.8,1015.2,1015.2,1014.7,1012.5,1012.7,111.053612
2023-11-02,111.053612,86.85,118.0,82.46,2.246,48.564,568.0,2672.46,5390.67,31818.67,18599.67,876.75,1830.25,1880.88,18.8,15.4,21.6,12.2,19.4,22.0,17.1,8.8,14.2,14.5,10.0,14.7,10.7,16.1,18.0,12.0,6.8,11.0,22.9,21.7,25.7,14.0,22.1,25.0,21.0,10.0,19.0,20.2,11.4,17.3,12.8,27.3,26.2,18.0,6.0,16.5,1008.8,997.8,1007.1,997.3,1009.3,1010.3,1006.0,997.3,998.8,77.157942
2023-11-03,77.157942,85.17,122.5,80.51,2.1975,48.057,601.17,2727.75,5555.58,32286.42,18481.17,863.12,1899.21,2158.42,20.6,13.1,16.2,11.7,18.5,21.4,16.4,9.2,12.6,15.5,9.0,12.0,8.0,13.8,17.0,11.7,4.1,9.0,24.4,17.0,21.3,17.0,21.8,25.5,21.5,17.0,15.9,31.1,12.6,18.5,9.1,38.0,35.1,26.5,9.4,19.2,999.2,988.5,1001.2,987.8,1000.1,1002.8,996.8,988.6,987.7,74.511544
2023-11-04,74.511544,,,,,,587.21,2227.67,4826.75,27165.88,15004.21,828.5,1768.17,1923.38,17.4,11.4,16.5,8.6,17.1,19.4,14.6,6.9,10.3,14.8,4.0,10.5,4.5,13.5,17.0,10.1,2.4,5.0,20.9,16.3,21.7,12.1,21.0,20.4,19.0,12.0,14.2,24.5,6.8,10.1,6.7,26.6,33.2,11.8,6.8,8.8,1001.7,996.2,1004.8,996.4,1003.2,1006.4,1001.4,996.4,996.8,66.03772
2023-11-05,66.03772,,,,,,569.67,1857.88,4368.96,23775.83,12797.12,809.21,1602.58,1770.42,20.2,13.6,20.8,10.9,20.7,21.9,18.8,7.1,12.9,16.3,10.0,17.0,7.0,19.7,20.0,16.0,3.7,9.0,25.5,18.0,24.5,16.0,21.8,24.4,21.0,14.0,18.0,31.0,11.2,20.9,6.5,45.7,37.0,24.6,5.8,19.3,1003.7,993.1,1006.5,994.1,1005.0,1008.4,1002.2,995.0,992.0,103.238754
2023-11-06,103.238754,85.18,119.0,80.82,2.2359,44.832,673.75,2567.54,5390.12,31612.83,18128.67,854.25,1847.46,2151.04,18.2,12.5,18.0,10.5,19.9,20.6,16.6,8.5,12.0,14.3,5.9,12.0,5.0,18.5,17.3,11.0,2.5,8.0,23.5,21.0,23.0,16.2,21.0,22.5,21.0,15.0,16.4,15.7,5.1,8.7,5.8,25.0,16.9,11.9,6.2,7.9,1014.4,1010.1,1015.9,1009.8,1015.6,1017.1,1014.6,1009.8,1010.0,124.110157
2023-11-07,124.110157,81.61,120.1,77.37,2.1677,46.057,671.92,2705.79,5579.38,33053.79,19301.29,913.79,1813.12,2068.5,18.6,13.7,16.7,10.8,19.0,20.8,14.9,7.5,12.0,14.0,6.7,13.0,7.5,17.2,17.7,11.7,2.0,8.0,23.0,20.0,20.0,15.4,20.9,26.0,17.0,15.0,16.4,15.3,7.2,9.7,3.5,20.1,11.8,7.7,5.9,7.5,1018.2,1015.4,1019.5,1015.7,1018.9,1018.4,1018.2,1016.2,1015.2,133.230742
2023-11-08,133.230742,79.54,122.5,75.33,2.1285,45.777,612.58,2743.0,5249.17,33831.21,20078.79,875.17,1942.21,2330.29,15.9,10.3,15.1,8.2,16.9,18.9,13.3,6.6,10.5,12.3,6.9,10.5,4.0,13.2,17.3,10.2,0.7,6.0,18.4,16.0,20.8,14.0,19.0,20.0,18.0,14.0,15.1,19.1,6.7,8.4,3.1,15.1,16.1,10.8,6.8,6.8,1019.4,1019.7,1022.8,1019.8,1020.0,1021.3,1020.3,1019.8,1018.8,136.178111
2023-11-09,136.178111,80.01,123.0,75.74,2.1608,48.129,648.96,2752.42,5665.33,33645.83,19851.92,872.88,1921.0,1933.33,14.6,10.7,14.8,8.1,15.6,17.8,11.9,7.3,9.2,10.9,5.0,10.6,6.0,12.5,15.7,6.0,3.7,4.9,18.5,17.0,21.3,9.3,18.2,20.0,19.0,9.0,13.0,17.1,7.5,8.8,4.2,13.3,11.1,10.6,4.1,7.1,1019.7,1016.5,1018.4,1017.2,1019.5,1019.4,1018.8,1017.1,1017.0,125.945416
2023-11-10,125.945416,81.63,123.25,77.17,2.183,46.632,652.75,2696.38,5496.75,33421.33,19684.75,899.83,1904.58,2086.29,17.2,10.2,15.9,9.3,16.9,18.9,13.9,5.8,10.5,13.8,9.0,13.0,7.0,15.8,17.0,11.5,2.9,9.4,21.7,11.2,20.8,12.0,18.9,20.2,18.0,11.0,12.0,21.0,8.0,10.6,6.2,30.5,29.5,12.4,6.6,10.1,1010.5,1006.5,1013.5,1007.0,1011.3,1013.6,1009.6,1007.4,1005.7,105.527525
2023-11-11,105.527525,,,,,,598.83,2264.58,4952.5,28258.29,15820.96,865.38,1813.0,1943.04,16.0,8.8,15.6,8.2,17.1,19.7,12.5,6.3,7.6,13.7,4.0,11.8,3.2,14.1,18.0,7.0,1.4,6.0,19.7,15.0,21.1,16.0,18.6,20.4,19.0,15.0,9.0,24.3,5.9,7.0,6.3,32.1,31.2,6.7,6.5,7.2,1008.0,1006.2,1013.5,1006.2,1009.9,1013.4,1009.2,1006.9,1005.7,122.55955
2023-11-12,122.55955,,,,,,582.0,2108.46,4669.67,25190.42,13673.04,828.83,1666.5,1661.92,15.5,7.4,18.3,8.1,16.9,20.0,13.0,6.4,8.3,13.0,4.0,13.8,4.0,15.1,18.0,9.8,1.5,5.0,19.9,12.0,23.1,11.8,19.3,21.2,19.0,11.0,12.0,12.9,5.0,12.9,5.2,21.1,27.5,7.9,5.6,9.7,1011.2,1010.7,1015.0,1011.0,1012.0,1014.5,1011.2,1011.3,1010.2,127.101041
2023-11-13,127.101041,82.52,122.0,78.26,2.2359,47.873,646.75,2786.88,5514.67,32808.12,19133.92,906.67,1821.33,1997.92,15.2,8.8,19.9,8.6,16.3,20.3,13.3,8.2,7.8,12.1,4.2,16.0,3.0,12.7,18.0,8.0,4.2,3.0,18.8,14.0,24.8,14.0,19.5,21.1,21.0,14.0,11.4,17.8,4.9,16.4,4.0,11.7,17.4,8.7,4.8,5.0,1017.5,1016.0,1021.4,1015.9,1018.6,1020.7,1018.4,1015.9,1015.8,125.837606
2023-11-14,125.837606,82.47,122.5,78.26,2.2228,47.608,697.54,2826.12,5664.38,34017.21,20144.5,904.42,1861.08,1919.17,17.6,9.6,18.7,11.2,19.8,20.6,17.3,9.3,9.0,13.6,5.8,14.3,9.0,19.4,18.0,14.0,6.7,6.0,22.5,15.0,24.4,13.0,20.9,24.0,22.0,12.0,11.1,14.7,4.5,16.4,4.4,16.6,19.7,11.5,4.9,4.9,1017.5,1014.0,1021.2,1014.1,1019.6,1021.2,1018.5,1014.0,1014.0,120.950973
2023-11-15,120.950973,81.18,123.25,76.66,2.2018,47.037,689.71,2868.5,5659.33,33814.96,19867.08,920.29,1819.17,1990.88,18.6,11.3,18.5,12.1,19.5,20.5,17.9,10.7,11.0,15.3,8.0,15.0,8.5,17.0,18.7,13.9,3.7,7.0,23.6,17.0,23.0,17.6,21.1,23.0,23.0,20.0,17.0,21.1,8.7,18.0,9.3,17.1,22.5,12.6,10.9,6.6,1013.6,1014.4,1019.9,1015.1,1016.0,1018.2,1015.1,1015.8,1013.3,137.232029
2023-11-16,137.232029,77.42,123.1,72.9,2.1011,45.849,669.75,2888.04,5548.42,34200.17,20131.33,914.92,1846.12,2201.58,16.4,10.0,16.8,9.7,17.6,18.4,13.7,7.4,9.7,13.6,6.0,11.7,4.9,14.5,14.9,8.4,3.8,5.0,18.9,14.0,22.2,13.3,20.3,20.1,20.0,14.0,14.0,20.1,5.1,14.8,3.2,19.8,8.2,9.4,5.3,7.6,1018.8,1016.3,1021.7,1016.7,1019.0,1020.3,1018.5,1016.7,1016.0,124.971525
2023-11-17,124.971525,80.52,123.25,75.89,2.1767,45.064,723.67,2884.79,5823.33,33628.0,19598.46,908.62,1843.38,1845.75,17.2,10.2,17.9,11.4,18.6,19.3,16.2,9.3,9.8,14.1,5.0,15.0,5.0,16.2,16.0,11.8,2.3,5.0,22.8,19.3,22.5,18.5,19.5,21.0,20.0,18.0,16.0,25.3,8.7,21.0,11.5,36.4,26.1,12.6,9.2,7.5,1011.9,1012.2,1019.7,1013.5,1014.3,1018.1,1013.6,1014.6,1011.4,128.713909
2023-11-18,128.713909,,,,,,633.38,2258.96,4949.29,28478.58,15960.08,874.58,1785.33,2016.96,14.0,8.9,15.9,9.1,14.7,18.3,11.6,7.0,7.7,13.1,4.0,12.9,3.5,12.8,15.1,6.0,1.2,2.0,14.9,16.0,21.1,16.0,16.4,20.0,18.0,14.0,14.0,44.0,8.3,12.8,5.8,25.5,23.9,10.6,6.5,6.4,1019.7,1022.1,1023.1,1022.2,1021.1,1020.6,1021.8,1023.3,1021.6,122.33619
2023-11-19,122.33619,,,,,,561.38,2000.46,4644.79,25322.75,13875.75,853.12,1658.88,1728.38,13.0,8.8,15.5,7.7,14.9,16.3,10.8,7.8,7.6,9.7,4.0,10.5,2.6,10.5,12.0,5.0,4.0,3.0,16.8,15.0,22.4,14.0,18.4,20.0,18.0,14.0,13.0,15.6,5.2,9.0,3.0,12.7,10.9,8.4,4.9,4.8,1021.4,1019.6,1023.3,1019.6,1022.2,1023.0,1021.8,1019.8,1019.4,134.439777
2023-11-20,134.439777,82.32,122.5,77.83,2.226,45.821,636.12,2625.79,5561.42,32775.96,19339.0,908.33,1776.83,1928.46,14.9,8.9,16.2,7.5,17.9,18.4,15.7,6.3,7.2,11.4,5.0,11.5,2.0,16.2,16.0,11.0,3.0,3.0,18.7,14.0,23.0,11.0,19.0,23.0,20.0,12.0,12.0,12.1,4.7,14.0,4.1,16.4,14.1,8.3,5.3,4.4,1016.4,1014.7,1017.4,1014.8,1017.0,1017.5,1016.1,1014.5,1014.9,128.451134
2023-11-21,128.451134,82.45,122.3,77.77,2.2338,44.065,657.83,2886.83,5722.12,34674.33,20536.83,888.42,1865.0,2117.29,17.2,9.5,14.5,10.5,18.0,20.0,15.7,7.8,9.7,14.0,8.0,11.0,6.0,15.2,15.6,12.4,3.6,6.0,20.8,11.0,21.1,13.0,19.7,22.0,20.0,13.0,13.0,18.7,7.2,14.5,5.8,24.5,25.0,12.1,4.7,12.7,1007.2,1008.8,1009.2,1009.5,1007.5,1008.4,1006.1,1009.8,1008.6,134.92375
2023-11-22,134.92375,81.96,122.15,77.1,2.2324,44.616,724.79,2819.96,6006.79,34730.83,20494.38,910.92,1883.79,1890.21,15.9,9.6,13.6,8.1,15.7,16.7,12.8,6.7,10.2,14.5,7.0,9.5,2.9,14.4,14.8,10.0,0.8,6.0,17.8,14.0,17.7,15.0,17.4,18.0,17.0,17.0,15.0,17.0,8.0,14.4,4.0,18.0,17.8,18.8,6.3,15.0,1005.3,1014.9,1004.7,1015.7,1004.7,1003.5,1005.6,1016.1,1014.8,132.931666
2023-11-23,132.931666,81.42,122.15,76.1708,2.2177,46.834,708.46,2951.46,6027.96,34945.25,20666.38,913.83,1865.04,1812.12,15.7,7.3,15.6,6.8,16.5,17.1,13.9,6.9,7.9,12.9,2.8,10.9,2.1,15.3,14.4,10.2,2.9,4.8,17.8,13.0,19.2,13.1,17.0,20.0,20.0,13.0,13.0,24.8,7.7,21.5,2.9,41.8,19.6,21.2,5.0,8.9,1014.5,1020.7,1010.5,1021.1,1011.3,1005.7,1012.8,1021.0,1020.3,132.690416
2023-11-24,132.690416,80.23,122.0,76.16,2.16,46.657,645.04,2857.0,5765.92,34500.75,20379.83,926.08,1848.42,2078.46,15.0,6.7,16.3,7.1,15.4,15.5,11.2,7.5,5.1,12.7,3.0,13.0,1.0,12.7,12.0,7.0,2.6,1.6,18.9,13.0,20.4,15.0,17.4,18.4,16.0,14.0,9.0,13.9,5.9,14.6,4.7,15.3,12.3,8.2,9.1,5.5,1005.8,1004.4,1006.6,1004.3,1006.3,1006.0,1006.1,1004.9,1004.2,122.680695
2023-11-25,122.680695,,,,,,688.75,2439.62,5536.17,29514.54,16423.38,870.04,1816.88,1739.71,10.5,6.4,14.1,9.1,12.3,15.8,9.6,7.2,6.8,6.7,3.0,8.4,5.0,8.3,14.3,4.3,1.1,3.0,13.3,11.3,18.2,11.3,15.4,18.2,12.5,12.0,12.0,39.8,13.1,27.8,19.5,32.5,39.9,25.4,16.7,15.0,994.0,1004.6,1004.2,1006.8,997.2,999.7,1000.6,1007.6,1003.0,135.152916
2023-11-26,135.152916,,,,,,644.21,1970.75,4758.0,26435.71,14564.17,843.29,1745.83,1909.46,7.3,7.9,10.1,6.3,9.8,14.0,5.3,2.6,4.2,4.1,4.5,4.6,0.0,7.0,12.7,-2.0,-2.4,-1.0,10.8,13.2,16.0,13.0,12.8,15.3,14.0,10.0,10.3,33.3,12.4,10.1,10.8,14.4,21.0,7.6,7.2,8.4,1011.8,1011.5,1015.7,1011.8,1013.6,1014.9,1014.1,1013.2,1010.6,136.803882
2023-11-27,136.803882,79.98,128.0,74.86,2.1799,43.984,711.83,2871.17,5953.21,33712.0,19418.21,918.79,1907.58,1931.21,9.2,4.8,12.3,4.2,13.1,15.4,8.0,2.6,4.1,3.5,2.0,5.8,1.1,8.8,13.0,3.1,-1.0,0.0,14.1,8.0,17.0,6.0,16.5,18.0,15.0,8.0,8.8,21.6,5.5,3.9,3.6,20.8,24.2,13.0,4.8,6.0,1015.3,1010.1,1014.0,1010.4,1014.5,1015.2,1012.8,1010.0,1010.0,130.220653
2023-11-28,130.220653,81.68,127.45,76.41,2.23,42.774,723.58,3062.42,6086.75,36616.79,21639.08,954.75,1974.75,2175.46,14.0,5.2,15.7,6.4,16.1,18.1,12.7,4.4,5.1,10.9,1.0,12.8,3.0,15.0,16.8,8.4,-2.0,3.8,18.1,10.0,19.0,10.1,17.3,19.0,17.0,14.0,8.4,29.7,7.9,15.8,11.9,48.4,36.7,14.5,16.3,7.6,999.0,996.6,1005.6,997.3,1000.4,1005.4,998.8,998.2,995.9,143.701582
2023-11-29,143.701582,82.88,129.0,77.86,2.2473,40.36,727.88,3088.38,6224.33,36557.38,21481.33,959.88,1892.0,2183.58,12.1,4.2,14.2,6.2,14.6,17.2,8.7,3.0,5.2,9.9,-1.0,11.0,0.0,12.4,15.6,2.0,-2.7,1.0,15.3,9.0,19.5,11.0,15.7,18.0,16.0,11.0,9.9,14.9,4.8,8.0,7.0,22.2,25.9,8.2,5.3,12.1,1006.7,1006.2,1009.6,1006.2,1007.2,1009.8,1006.7,1006.9,1006.3,155.348916
2023-11-30,155.348916,80.86,132.15,75.96,2.1758,42.091,685.5,3004.04,6249.71,36177.21,21441.75,964.5,1860.88,1970.83,14.5,4.5,16.7,4.5,17.6,20.1,14.1,2.1,5.1,9.6,4.0,10.2,3.6,15.4,17.0,9.5,0.7,4.0,18.1,5.0,24.0,7.0,19.0,23.0,18.0,4.0,6.0,24.4,5.8,8.4,5.3,32.6,34.6,14.7,4.9,9.8,1011.8,1005.4,1009.7,1005.9,1011.9,1011.7,1008.8,1006.2,1005.2,143.105666
2023-12-01,143.105666,79.19,133.5,74.07,2.1222,43.496,701.92,2927.42,5900.46,35413.96,20923.67,936.29,1891.08,2133.12,18.8,6.3,14.9,5.3,19.0,21.6,17.2,3.2,7.0,16.5,4.0,8.7,4.0,18.5,20.8,15.0,0.2,5.0,21.9,19.0,21.5,7.0,20.1,23.0,21.0,7.0,10.0,24.4,5.7,6.8,4.6,35.5,41.7,21.5,5.4,7.7,1008.7,998.7,1005.8,998.6,1009.0,1008.4,1005.3,998.6,999.0,114.739296
2023-12-02,114.739296,,,,,,657.42,2426.0,5549.46,30186.5,16948.88,924.58,1857.04,1823.12,17.5,12.7,15.7,7.7,17.5,19.2,15.0,5.6,9.6,13.3,5.0,11.0,5.0,14.9,17.6,10.3,-0.7,7.0,21.8,19.0,20.0,13.0,19.4,21.0,17.0,12.0,14.0,25.5,19.6,15.9,12.6,35.8,32.6,25.1,15.8,12.6,1005.4,995.7,1009.4,996.0,1007.3,1009.7,1004.7,998.0,995.5,114.392851
2023-12-03,114.392851,,,,,,634.0,2207.83,5172.96,27258.0,14914.17,861.25,1759.04,1708.75,12.3,5.4,10.4,4.4,13.6,15.8,10.5,1.2,5.1,10.1,1.8,7.0,1.9,11.1,12.0,6.1,-4.1,1.0,15.4,9.0,15.3,8.2,15.1,17.0,15.0,9.0,8.0,24.3,6.6,18.5,5.3,25.4,17.6,13.4,6.2,14.4,1015.2,1019.0,1019.2,1019.1,1015.8,1017.1,1015.5,1019.7,1019.3,135.983509
2023-12-04,135.983509,78.03,135.0,73.04,2.1342,40.104,733.92,3037.04,6284.71,35804.62,20897.33,952.21,1939.46,1959.96,9.8,1.4,10.5,1.8,12.1,14.6,7.5,0.6,1.6,7.7,-2.6,3.0,-0.1,9.1,12.7,3.0,-1.4,-1.0,12.7,3.0,15.5,4.0,14.5,16.0,13.0,2.0,4.1,17.1,5.3,8.6,3.8,16.9,10.4,9.8,5.0,10.0,1021.3,1021.6,1020.0,1021.8,1020.6,1020.5,1020.2,1021.6,1022.0,133.389723
2023-12-05,133.389723,77.2,134.15,72.32,2.1103,38.133,680.04,3127.62,6469.88,37446.79,22204.88,960.0,1968.46,2035.92,12.6,2.1,12.6,3.2,13.7,15.4,10.6,0.8,3.8,10.0,0.0,9.0,1.9,12.2,14.0,7.3,-1.7,1.5,15.7,4.0,17.0,6.0,15.3,16.3,14.0,5.0,6.0,19.1,9.8,13.7,5.9,28.4,28.6,12.2,6.5,11.5,1012.7,1013.6,1013.7,1013.5,1012.0,1013.5,1010.9,1013.7,1012.4,130.80332
2023-12-06,130.80332,74.3,140.45,69.38,2.0302,39.313,693.58,3144.96,6250.67,37501.04,22304.58,973.42,1971.42,2162.42,11.0,3.9,11.3,2.3,12.0,15.4,7.0,1.2,5.2,9.4,1.0,7.5,-1.5,9.3,15.0,4.4,-3.8,2.8,13.5,8.0,15.3,8.2,13.8,16.0,12.0,10.0,9.1,19.0,8.5,8.0,4.0,16.7,21.8,7.7,6.9,6.2,1010.7,1013.0,1015.2,1013.1,1011.4,1013.8,1012.2,1013.3,1012.2,121.958442
2023-12-07,121.958442,74.05,148.75,69.34,2.0012,39.968,688.92,3082.25,6386.92,36180.54,21088.96,925.04,1982.08,2026.38,10.1,3.7,10.3,2.0,10.9,14.6,6.1,2.3,4.1,7.4,0.5,5.4,-3.0,7.9,12.7,1.0,-2.4,0.0,12.8,9.0,16.4,9.0,13.3,16.0,13.0,9.0,10.0,29.8,7.9,11.4,3.1,14.4,19.8,10.1,4.6,5.9,1016.3,1019.1,1019.8,1018.9,1017.3,1017.8,1018.1,1019.1,1018.6,119.686072
2023-12-08,119.686072,75.99,151.0,71.23,2.0574,38.598,602.04,2425.71,5448.12,28769.08,15912.04,885.29,1794.42,1701.46,9.0,2.4,10.7,3.6,11.1,14.1,5.2,1.9,3.8,5.1,-1.0,5.0,1.0,8.0,10.6,1.0,0.3,0.0,12.6,4.0,15.2,5.0,14.2,16.0,9.4,3.0,7.0,16.6,7.4,10.8,4.1,15.2,10.3,10.8,4.6,7.9,1016.8,1017.4,1012.3,1017.5,1016.1,1014.5,1015.8,1017.8,1017.0,118.295416
2023-12-09,118.295416,,,,,,619.17,2346.58,5323.29,28726.29,15665.04,882.12,1917.96,1972.12,8.7,4.5,13.1,3.6,12.2,14.6,8.7,0.3,5.2,4.9,2.9,10.8,2.0,10.7,12.0,5.0,-1.4,2.0,12.4,7.0,17.0,6.0,14.1,17.0,16.0,2.0,9.0,9.1,5.7,12.6,5.8,17.5,17.6,7.7,3.7,7.0,1016.3,1017.3,1015.5,1017.3,1015.3,1012.8,1015.8,1017.4,1016.6,102.33595
2023-12-10,102.33595,,,,,,588.79,2319.54,5174.62,27309.25,14843.92,809.58,1817.17,1755.62,10.5,5.6,14.8,5.2,14.3,15.6,12.3,2.1,3.9,7.6,2.0,11.0,2.9,12.6,11.0,7.9,-0.9,1.8,12.4,11.0,19.3,10.0,15.7,18.0,18.0,6.1,6.0,27.6,9.3,20.2,9.4,29.9,22.8,13.0,5.7,5.5,1013.8,1015.0,1020.1,1015.4,1014.7,1017.7,1015.1,1015.8,1014.7,121.10125
2023-12-11,121.10125,76.03,152.5,71.32,2.0431,36.118,700.29,2989.42,6032.0,35383.5,20617.42,931.17,1970.12,2143.08,11.7,3.5,13.4,5.6,13.7,16.2,10.1,5.5,5.1,8.5,2.9,7.9,4.0,9.3,13.0,5.0,3.0,1.1,15.9,5.0,20.1,7.0,16.8,18.0,15.0,11.0,9.0,18.5,4.5,13.5,5.5,17.8,17.2,9.4,4.8,7.4,1016.8,1013.9,1019.6,1014.0,1018.2,1019.3,1017.2,1013.5,1013.5,119.447241
2023-12-12,119.447241,73.24,146.0,68.61,1.9797,34.703,687.42,3094.79,6196.17,37004.0,21744.12,959.46,1977.92,2344.12,14.4,4.9,15.8,6.1,16.8,18.1,14.4,3.5,5.5,10.6,0.9,12.2,4.0,15.7,16.8,11.9,1.0,1.9,19.5,8.5,21.5,8.0,17.8,20.0,17.0,7.0,11.0,16.6,3.9,14.2,3.7,20.2,25.3,10.5,4.2,6.4,1014.3,1012.3,1016.3,1012.4,1015.6,1016.6,1014.4,1012.4,1011.9,110.215747
2023-12-13,110.215747,74.26,146.25,69.47,2.0249,35.812,714.79,3008.12,6293.21,36263.25,21274.38,955.38,1993.21,2024.17,16.8,6.8,15.8,7.3,17.3,21.3,14.6,5.0,7.5,13.8,5.9,9.5,6.0,16.5,18.0,10.0,2.6,6.8,20.9,8.3,20.5,8.0,18.6,24.1,18.0,9.0,8.3,23.3,7.4,14.5,4.2,29.4,31.5,15.4,4.3,6.4,1007.1,1003.0,1010.0,1003.1,1008.9,1010.9,1007.0,1003.2,1002.5,119.46625
2023-12-14,119.46625,76.61,145.5,71.58,2.1188,34.85,715.25,2982.62,6303.38,36159.42,21166.92,964.92,1990.33,2036.0,13.2,7.3,12.7,6.9,14.0,15.2,12.4,5.5,6.2,10.5,1.9,10.0,4.0,11.7,12.0,8.5,1.3,2.7,15.0,10.0,16.0,10.0,16.3,18.0,16.0,12.0,12.0,14.7,7.9,15.1,5.1,19.5,16.6,12.4,6.1,7.3,1009.3,1011.3,1012.6,1011.4,1010.4,1011.8,1009.0,1012.0,1010.6,105.967993
2023-12-15,105.967993,76.78,145.25,71.43,2.1353,33.189,696.33,2943.75,6475.17,36197.17,21113.46,963.67,1995.17,2009.62,12.1,4.4,11.6,4.6,12.3,13.2,10.6,4.5,5.9,9.8,0.0,8.4,0.0,11.0,11.0,7.4,0.7,1.0,13.6,11.0,17.2,11.0,13.9,15.1,17.0,12.0,12.0,34.4,4.8,16.5,3.5,34.3,18.4,25.6,7.6,6.5,1018.0,1027.2,1022.2,1027.1,1018.8,1016.8,1021.0,1028.1,1027.0,89.03627
2023-12-16,89.03627,,,,,,708.71,2436.17,5576.46,30286.79,16634.92,919.96,1952.12,2058.46,11.0,3.8,9.4,3.7,10.4,13.8,9.2,2.8,5.1,10.1,-1.0,6.0,0.0,9.6,12.9,5.3,-1.3,2.0,12.0,10.0,15.1,9.0,11.3,15.0,14.0,9.0,10.0,41.7,6.1,15.2,3.6,43.5,35.7,24.4,5.8,11.3,1026.2,1037.7,1029.4,1038.0,1027.2,1023.8,1029.1,1038.2,1037.9,105.740838
2023-12-17,105.740838,,,,,,602.42,2185.71,4985.33,27045.12,14458.62,892.46,1851.88,2068.71,9.9,4.0,9.2,1.4,11.3,14.1,7.2,3.2,4.7,7.3,0.0,5.7,-2.0,9.7,12.0,2.0,-1.7,0.0,12.7,11.0,15.2,5.0,13.6,16.0,16.0,9.0,9.2,16.5,6.8,11.0,5.5,24.8,22.7,11.1,5.4,7.4,1035.8,1039.6,1033.8,1040.1,1034.5,1030.3,1035.3,1040.0,1038.7,109.248236
2023-12-18,109.248236,77.95,144.75,72.82,2.159,35.522,682.08,2935.88,5986.58,35178.71,20152.12,980.25,2057.75,2384.04,9.9,6.1,9.7,3.9,10.5,14.1,6.1,6.1,4.9,7.1,1.0,3.8,-1.0,7.3,11.4,0.0,0.0,1.0,13.8,13.0,16.0,11.0,15.0,17.0,15.0,12.0,12.0,21.6,9.7,10.0,4.4,14.3,12.6,8.0,4.9,5.4,1033.3,1034.5,1032.3,1034.7,1032.6,1030.1,1033.1,1034.4,1033.6,107.780876
2023-12-19,107.780876,79.23,145.25,73.94,2.2008,32.568,698.17,3006.54,6326.92,36028.46,20618.75,1000.21,2132.04,2245.83,9.8,7.3,8.3,4.2,11.3,12.4,6.6,6.7,4.7,6.7,2.0,3.0,-1.0,7.9,10.0,-1.0,2.0,-0.3,14.8,14.0,16.0,12.0,14.8,15.0,16.0,14.0,10.0,12.6,8.9,8.2,3.0,7.8,9.3,7.1,4.7,4.5,1025.8,1025.4,1026.2,1025.5,1025.6,1024.3,1025.7,1025.1,1024.8,119.992083
2023-12-20,119.992083,79.7,144.25,74.22,2.2007,33.521,692.88,3041.88,6424.08,35430.38,20281.67,971.75,2025.54,1992.58,10.3,4.4,9.9,3.5,12.2,11.5,7.2,4.4,3.7,6.5,1.0,3.0,1.0,10.0,8.8,2.0,-2.2,-0.1,15.7,9.0,16.6,8.0,14.8,15.0,15.0,10.0,8.0,13.3,5.7,14.7,3.4,8.2,7.3,6.4,5.6,7.1,1014.0,1014.2,1016.0,1014.2,1014.6,1014.6,1014.5,1014.2,1013.8,104.24257
2023-12-21,104.24257,79.39,145.25,73.89,2.1585,34.203,727.5,3006.67,6197.79,34847.46,19751.42,1004.67,2098.67,2060.75,10.5,5.2,13.5,3.6,11.7,13.3,7.7,3.2,4.7,7.2,2.0,11.0,-1.3,8.4,10.0,2.0,-3.0,1.0,14.1,11.0,16.0,9.0,14.8,15.6,15.0,11.0,9.0,19.8,5.6,19.9,4.9,14.6,12.5,7.2,7.0,7.9,1010.1,1009.4,1014.4,1009.7,1011.4,1012.2,1011.5,1009.8,1008.5,101.346062
2023-12-22,101.346062,79.19,145.5,73.56,2.1225,34.174,691.46,2966.04,6129.42,34332.92,19317.46,1050.33,2169.38,2008.83,12.8,13.2,15.6,12.5,14.6,15.9,10.5,13.8,4.9,9.0,2.0,13.0,7.7,13.3,14.0,5.0,7.2,1.0,17.8,19.3,16.8,18.1,16.4,17.0,17.0,20.0,11.0,24.8,17.6,39.6,13.4,18.6,30.0,8.4,28.5,6.9,1004.0,1001.4,1013.2,1003.0,1006.6,1010.4,1006.5,1003.6,1000.4,101.467055
2023-12-23,101.467055,,,,,,639.08,2333.21,5231.67,27701.67,14725.88,941.96,1978.79,1851.08,13.7,14.1,14.8,12.4,14.9,15.3,8.8,11.4,4.3,10.0,5.0,13.7,6.6,13.7,12.9,3.9,6.0,0.0,20.1,23.0,17.1,18.2,16.4,17.0,16.0,22.0,10.0,18.6,11.4,35.2,9.7,16.6,16.7,9.8,15.7,5.6,1009.4,1005.9,1016.9,1008.0,1012.7,1015.0,1012.7,1009.3,1005.5,116.328572
2023-12-24,116.328572,,,,,,624.67,2022.92,4651.29,23671.42,11853.04,884.29,1896.38,1738.83,11.6,9.1,13.6,12.4,14.1,15.5,12.4,8.9,6.3,6.4,3.0,11.0,9.7,13.1,13.0,9.8,4.3,2.0,17.7,15.0,17.7,17.0,15.4,16.1,15.0,15.0,11.5,12.2,6.6,20.6,15.3,10.3,25.9,10.8,8.2,7.9,1015.6,1012.9,1021.0,1013.3,1018.6,1019.5,1018.1,1014.4,1012.6,116.013333
2023-12-25,116.013333,,,,2.1247,,567.83,1806.29,4094.25,20849.17,10227.71,842.71,1736.38,1574.0,10.3,7.1,11.9,8.1,13.7,14.8,12.3,7.2,6.4,6.4,1.0,8.0,3.0,11.7,13.0,8.2,3.1,3.0,16.1,15.0,18.2,14.0,15.0,17.0,15.0,13.0,11.0,9.1,4.4,14.6,3.1,12.8,12.8,9.5,5.7,4.6,1019.2,1017.8,1022.4,1017.7,1020.8,1021.6,1020.2,1017.5,1017.7,117.265
2023-12-26,117.265,81.07,145.5,75.57,2.1583,34.174,562.46,1758.71,4182.75,21432.08,10613.46,896.25,1724.42,1694.04,10.4,7.6,11.4,8.8,14.1,13.5,10.5,5.7,7.6,6.1,0.6,7.0,5.0,11.9,10.0,7.0,1.7,6.0,16.4,15.0,17.0,13.0,15.4,16.0,15.0,11.0,9.0,9.5,5.0,10.0,3.5,10.1,8.5,5.7,5.2,3.7,1021.1,1020.2,1022.5,1020.2,1021.9,1022.3,1021.8,1020.5,1019.8,133.917083
2023-12-27,133.917083,79.54,146.0,74.11,2.155,35.513,726.21,2508.67,5353.04,27619.62,14177.0,968.29,1947.83,1938.58,10.4,9.5,9.7,8.6,12.6,14.4,10.7,5.3,8.7,7.2,7.0,3.7,6.4,9.7,13.0,7.0,0.4,7.0,14.6,12.0,16.6,11.0,15.6,16.2,16.0,9.0,10.7,14.9,5.5,9.3,2.9,7.9,8.7,6.5,3.3,4.5,1025.9,1025.9,1025.7,1025.9,1025.7,1025.1,1025.9,1026.0,1025.8,101.217962
2023-12-28,101.217962,77.15,145.45,71.77,2.0997,33.105,650.71,2515.83,5391.38,27870.46,14479.21,934.0,1985.46,1913.88,9.9,8.1,11.3,8.6,13.1,13.9,7.9,6.7,8.5,5.6,3.0,7.9,7.9,9.8,11.0,3.0,4.2,7.0,15.2,13.0,16.6,10.0,14.8,15.2,12.0,10.0,11.0,10.4,5.4,6.4,3.5,9.2,8.0,6.7,3.6,3.1,1027.6,1026.7,1027.4,1026.7,1028.0,1028.0,1028.4,1027.0,1026.4,121.600261
2023-12-29,121.600261,77.08,146.4,71.65,2.1174,32.35,691.88,2411.29,5354.29,27165.46,13811.62,946.25,2021.12,1929.0,9.9,8.9,12.7,8.5,13.8,14.2,10.7,5.6,7.5,6.7,5.9,9.0,8.0,12.9,12.0,7.6,2.3,6.0,14.6,13.0,17.0,10.0,15.2,16.4,15.0,10.0,8.2,9.1,4.9,7.4,5.2,8.7,7.2,5.6,4.6,4.2,1024.5,1022.8,1024.2,1022.8,1024.9,1024.8,1024.7,1023.0,1022.6,111.061273
2023-12-30,111.061273,,,,2.1174,,598.5,2097.5,4842.5,24718.62,12299.96,945.58,1940.58,1994.0,10.2,8.8,12.2,8.5,13.6,14.4,11.5,5.0,8.2,7.4,7.0,8.8,7.0,11.9,13.0,8.6,1.8,6.6,14.1,10.0,16.0,10.0,15.1,16.2,17.0,11.0,11.0,8.7,3.7,7.3,3.5,7.4,5.3,5.7,4.6,3.9,1021.7,1021.0,1020.7,1020.8,1021.9,1021.2,1021.4,1020.7,1020.8,112.136641
2023-12-31,112.136641,,,,,,663.62,1905.79,4561.83,22815.54,11255.42,880.71,1868.12,1680.04,11.4,8.5,13.7,7.9,14.0,14.5,10.7,4.6,8.0,7.3,7.9,8.6,7.4,13.3,12.0,7.0,2.2,6.0,16.5,10.0,19.4,8.3,15.2,17.0,16.0,8.0,10.0,13.2,5.2,6.3,6.5,16.7,6.8,9.3,4.0,6.5,1019.1,1014.9,1018.5,1015.2,1019.3,1019.0,1018.1,1015.2,1015.3,105.714583
2024-01-01,105.714583,,,,2.1236,,610.71,1866.67,4269.29,21484.25,10616.92,871.21,1688.08,1561.38,13.9,7.7,12.6,6.1,14.6,15.2,12.1,2.4,6.8,11.6,4.1,8.9,4.6,13.6,13.0,9.5,-1.2,4.0,18.3,11.0,17.3,8.0,16.0,18.0,16.0,7.0,8.6,17.0,8.8,11.7,7.1,19.6,20.0,10.1,5.9,8.3,1015.2,1013.1,1017.6,1013.4,1016.3,1017.8,1014.8,1013.5,1012.0,107.2975
2024-01-02,107.2975,75.89,131.9,70.38,2.0949,30.572,669.42,2364.88,5219.42,26753.79,13653.29,943.96,1951.62,1951.21,11.9,4.7,11.2,4.1,14.5,14.6,9.3,1.8,4.3,9.6,2.9,6.0,3.0,13.6,11.0,3.0,-2.2,2.0,15.2,7.4,17.6,5.5,15.8,16.5,16.0,7.0,7.0,16.0,6.3,9.9,4.3,18.7,12.0,8.6,4.1,7.0,1017.1,1014.8,1020.7,1014.9,1018.2,1020.0,1017.9,1014.7,1014.5,94.006008
2024-01-03,94.006008,78.25,128.5,72.7,2.1581,32.795,763.12,2463.33,5504.92,28741.58,15101.25,953.33,2033.92,1921.71,12.9,6.6,14.6,6.1,15.4,15.1,13.6,3.1,6.6,9.3,4.0,9.5,3.9,14.3,11.0,10.7,-1.0,5.0,18.4,11.0,19.0,9.0,16.5,18.0,17.0,9.0,8.0,16.3,6.1,12.9,5.7,24.6,29.5,12.8,5.2,5.9,1013.8,1009.0,1016.9,1008.9,1015.9,1017.9,1014.4,1009.2,1008.8,91.171742
2024-01-04,91.171742,77.59,130.9,72.19,2.1101,33.41,697.21,2482.38,5461.21,28473.71,15116.75,955.12,1937.58,1823.46,13.5,8.1,13.3,6.4,15.7,15.9,12.7,8.0,5.9,9.3,3.0,9.0,1.8,14.6,14.0,8.9,2.4,4.0,19.4,16.0,20.1,13.3,17.1,18.0,19.0,16.0,8.0,16.4,8.0,10.4,4.9,19.8,17.6,7.7,13.5,7.9,1011.9,1009.0,1015.5,1009.4,1014.0,1016.1,1012.8,1009.0,1008.9,104.05439
2024-01-05,104.05439,78.82,131.55,73.81,2.1105,34.551,694.96,2543.0,5591.0,28845.38,15156.58,959.08,1942.04,1958.71,13.2,7.0,11.6,5.6,15.3,16.9,12.5,4.1,8.1,8.4,3.0,6.1,4.0,14.3,14.0,7.0,2.1,3.9,17.4,11.0,17.1,6.4,16.4,19.5,17.0,6.0,11.1,19.0,11.1,6.0,6.7,29.6,25.0,16.8,5.9,14.4,1012.0,1007.1,1007.5,1007.5,1011.2,1009.6,1009.2,1007.6,1008.5,100.735416
2024-01-06,100.735416,,,,,,603.58,2045.33,4578.12,23921.25,12277.71,890.46,1757.5,1768.54,14.6,7.1,12.3,5.8,14.0,15.6,12.8,3.5,9.6,12.0,6.5,11.0,4.9,12.0,11.7,9.3,0.0,8.9,17.0,8.0,14.4,6.4,16.3,19.0,17.0,8.0,10.0,31.0,15.1,16.8,6.2,25.4,31.6,16.5,7.1,17.9,1000.0,999.2,999.2,1000.0,998.8,998.1,997.5,1000.4,998.7,97.11214
2024-01-07,97.11214,,,,,,610.96,2033.83,4659.96,23859.33,12153.08,894.83,1771.33,1735.33,11.3,7.2,10.3,7.4,11.9,13.9,10.3,5.8,8.9,10.0,6.9,9.0,5.9,10.6,13.0,8.2,2.2,8.0,13.8,8.0,13.0,9.0,13.1,14.0,12.0,11.0,10.0,17.6,13.3,26.7,4.2,26.4,54.1,7.4,7.6,11.9,995.4,1000.2,1003.8,1001.5,996.0,1002.6,995.0,1002.3,999.6,108.112292
2024-01-08,108.112292,76.12,131.5,70.77,2.0278,31.58,719.88,2797.38,6006.04,32207.54,18071.5,961.33,1965.04,1686.38,10.4,7.7,10.1,8.2,11.2,12.2,9.1,5.2,7.6,8.9,6.7,8.6,7.0,9.8,10.0,6.7,4.2,6.0,12.9,10.1,12.0,10.0,12.9,14.5,14.0,7.0,9.0,13.8,8.4,22.9,4.8,22.8,40.2,15.6,5.4,12.7,1003.7,1010.3,1008.4,1010.6,1003.4,1004.5,1003.6,1011.7,1010.7,108.683182
2024-01-09,108.683182,77.59,134.5,72.24,2.0768,30.641,870.96,3138.12,6520.17,35308.12,19899.83,1004.38,2110.92,1763.75,9.9,4.8,8.8,6.7,10.4,13.8,7.8,4.2,3.8,7.8,2.0,5.0,6.0,8.1,12.1,4.5,3.2,1.0,11.3,8.0,13.7,8.0,12.5,14.2,12.0,5.0,7.0,23.6,5.9,16.7,10.2,24.9,17.5,12.9,7.1,18.4,1016.4,1022.1,1019.2,1022.4,1016.2,1015.8,1016.6,1022.6,1022.7,113.25864
2024-01-10,113.25864,76.8,133.5,71.37,2.0673,30.942,768.88,3182.58,6259.12,36023.54,20566.46,1027.71,2136.21,2082.58,9.0,2.6,7.3,4.4,9.9,11.5,7.5,2.9,2.3,7.3,1.0,1.9,3.0,7.3,8.9,5.6,0.6,0.5,10.7,4.0,12.4,6.0,13.1,15.0,10.0,4.0,5.0,16.3,5.9,8.1,6.0,20.8,10.8,12.4,4.2,16.2,1024.7,1027.8,1020.2,1027.7,1023.0,1021.4,1022.6,1027.7,1027.6,108.335659
2024-01-11,108.335659,77.41,130.75,72.02,2.1143,30.817,687.12,3394.08,6096.96,37476.25,21461.46,967.79,2087.17,2781.67,8.2,3.3,10.3,2.8,10.6,12.3,7.0,3.0,1.8,5.6,1.0,7.8,-1.1,9.5,9.8,4.1,-0.2,-3.0,11.1,7.0,15.3,8.0,12.1,14.0,13.0,7.0,7.0,9.5,8.5,9.2,3.6,28.9,14.5,13.6,3.6,5.0,1021.6,1024.8,1015.6,1024.8,1019.0,1015.4,1018.9,1025.0,1024.2,110.111147
2024-01-12,110.111147,78.41,130.85,72.68,2.1258,31.991,739.75,3152.42,6165.62,36758.42,21400.25,979.46,2090.88,2230.04,9.2,2.7,10.6,2.2,9.9,12.4,5.9,1.6,2.6,7.3,-1.0,7.0,-2.0,8.1,10.8,0.0,-3.0,-1.4,11.3,8.0,16.0,8.1,11.9,14.0,14.0,8.0,8.3,28.6,7.4,14.8,2.2,33.0,14.6,15.4,3.5,9.7,1018.0,1023.5,1019.3,1023.5,1018.2,1015.8,1018.7,1023.6,1023.5,99.790939
2024-01-13,99.790939,,,,,,723.79,2517.96,5476.12,30179.88,16611.75,944.83,2032.5,1872.92,7.6,2.2,9.3,0.2,8.8,13.0,5.3,0.9,1.4,5.6,-1.8,2.9,-3.0,7.0,12.0,0.0,-2.7,-2.0,9.7,7.2,15.8,6.0,11.2,14.0,13.0,8.0,6.0,25.7,7.3,11.3,4.9,17.6,17.0,10.9,4.9,6.1,1021.0,1022.4,1024.3,1022.5,1022.0,1021.7,1022.2,1022.7,1022.2,104.187083
2024-01-14,104.187083,,,,,,585.62,2262.54,5039.33,27289.21,14732.38,894.5,1898.88,1875.96,8.5,-0.2,11.1,0.4,11.6,12.4,7.4,-0.1,1.3,3.6,-5.0,5.0,-3.0,8.4,9.0,1.0,-3.2,-2.2,13.9,2.4,17.0,5.0,14.0,15.1,14.0,6.0,6.0,15.5,4.3,5.7,4.1,17.9,20.9,10.4,5.1,6.4,1016.1,1013.4,1017.1,1013.0,1016.8,1018.4,1015.3,1012.9,1013.2,100.955664
2024-01-15,100.955664,78.15,129.85,72.6122,2.1242,29.923,738.83,3110.12,6051.88,36012.67,20913.79,958.04,2055.17,2184.83,11.5,3.1,14.2,3.2,14.1,15.4,11.0,2.3,3.8,8.6,-0.2,10.8,0.0,13.1,14.0,7.4,-2.1,1.9,14.9,8.2,18.4,9.4,14.8,17.0,16.0,8.0,7.0,20.7,5.4,12.8,5.6,28.0,31.1,8.6,4.7,6.3,1004.7,1002.7,1008.8,1002.5,1005.5,1008.7,1004.1,1002.8,1002.2,107.472311
2024-01-16,107.472311,78.29,129.0,72.4,2.1219,29.656,703.42,3329.67,6251.79,37574.88,21917.25,963.29,2049.21,2360.25,11.6,2.4,14.9,2.3,14.3,15.6,9.4,1.1,3.6,8.6,-2.0,10.6,-0.3,12.6,13.8,3.0,-2.6,0.0,15.5,7.0,19.5,8.0,15.3,18.0,17.0,6.0,8.0,15.0,4.9,7.2,5.6,22.4,19.5,9.3,4.7,11.1,1008.7,1009.0,1011.6,1009.1,1009.4,1012.1,1008.4,1009.6,1009.1,101.77643
2024-01-17,101.77643,77.88,129.5,72.56,2.1354,27.708,783.21,3188.75,6422.0,37751.58,22145.0,1009.92,2048.92,2153.79,14.2,4.4,15.1,3.5,15.5,19.2,13.6,1.8,4.1,10.1,3.0,10.3,2.0,14.8,15.0,9.3,-1.2,3.0,18.1,5.2,21.4,4.0,16.5,23.0,16.0,5.0,5.0,22.9,6.6,8.0,4.1,28.8,33.6,15.7,6.3,7.9,1010.8,1005.6,1009.8,1005.7,1011.8,1011.8,1008.5,1005.8,1005.3,97.41155
2024-01-18,97.41155,79.1,128.9,74.08,2.1835,27.893,763.96,3141.46,6285.17,36876.08,21650.62,997.58,2000.79,2036.5,17.0,5.2,17.6,4.6,16.5,18.4,14.9,2.0,5.5,14.7,1.9,14.1,3.0,15.8,16.0,12.8,-0.9,4.0,20.1,10.0,21.0,6.0,18.0,20.3,18.0,6.0,6.4,30.5,8.0,18.0,6.5,35.6,32.7,18.7,5.2,8.6,1004.7,998.0,1009.4,998.4,1006.7,1011.3,1003.8,998.4,997.5,92.585191
2024-01-19,92.585191,78.8,128.0,73.25,2.1714,28.429,693.21,3188.17,6106.5,37445.75,22197.96,947.21,2031.79,2280.92,15.9,4.8,15.4,5.2,16.0,18.6,14.1,1.8,5.0,12.2,3.0,13.0,4.0,15.2,16.0,11.6,-1.0,2.0,19.9,8.0,19.6,7.0,17.4,21.0,18.0,6.0,6.7,18.9,10.3,13.1,9.3,20.1,30.1,11.5,6.8,16.0,1007.7,1008.8,1010.4,1008.8,1009.5,1011.3,1008.0,1009.5,1008.9,89.57
2024-01-20,89.57,,,,,,718.08,2638.0,5618.58,31735.42,17796.88,928.04,1960.12,2075.71,9.1,2.3,9.8,3.2,9.4,15.3,7.9,1.4,2.4,7.4,-2.0,5.6,-0.4,6.9,12.0,3.0,-4.9,-2.0,14.6,7.0,12.2,8.5,15.3,21.0,12.0,9.0,7.0,35.4,8.6,10.2,4.8,42.6,18.9,28.6,6.6,11.5,1017.1,1028.5,1017.7,1028.8,1015.8,1014.3,1016.8,1029.2,1028.6,83.36606
2024-01-21,83.36606,,,,,,552.29,2252.88,5113.0,27837.42,15364.75,868.12,1817.92,1868.46,8.8,1.2,6.6,0.5,8.1,11.4,5.6,0.3,2.0,7.0,-3.5,1.7,-3.1,5.3,10.0,0.0,-5.4,-3.0,10.2,8.0,12.3,5.0,11.6,12.0,15.0,5.0,8.0,31.5,7.3,10.3,4.1,25.7,24.2,13.1,6.0,6.9,1027.0,1033.8,1030.2,1033.8,1027.8,1026.4,1028.5,1033.5,1033.0,102.116257
2024-01-22,102.116257,80.06,127.45,74.76,2.2378,27.264,726.96,3126.58,6123.75,36108.79,21005.58,967.38,1971.96,2186.58,8.0,2.1,6.4,2.1,8.6,11.4,4.9,1.4,1.4,4.0,-2.9,0.0,-3.5,4.3,8.0,-1.0,-2.0,-2.9,12.2,8.0,14.3,9.0,12.3,14.5,14.0,7.0,5.0,18.3,7.3,12.4,4.3,14.0,11.7,8.5,5.2,4.8,1031.1,1030.8,1033.8,1030.4,1031.9,1031.4,1031.9,1030.2,1030.3,90.414812
2024-01-23,90.414812,79.55,127.3,74.37,2.2101,27.227,723.67,3161.96,6099.17,37231.5,21851.38,1023.12,2048.08,2324.12,9.2,5.2,12.4,4.0,11.6,12.1,9.5,4.3,3.7,4.8,0.0,4.6,-1.0,9.6,7.9,4.7,-2.3,-1.0,11.9,11.0,17.4,8.6,14.3,15.0,16.0,14.0,10.0,28.2,5.9,21.0,5.9,16.5,18.1,12.6,5.8,5.0,1027.3,1028.7,1031.1,1028.6,1028.5,1029.1,1028.3,1028.6,1028.7,96.378015
2024-01-24,96.378015,80.04,127.2,75.09,2.2095,28.929,702.67,3202.88,6333.46,37914.33,22460.04,1015.04,2030.58,2169.67,10.7,4.3,11.4,4.8,10.7,13.6,8.1,5.0,3.3,7.1,0.2,5.8,-1.0,6.8,9.8,2.0,0.0,0.0,13.0,10.0,17.5,12.3,14.5,16.0,17.0,13.0,8.0,22.9,4.7,13.9,4.0,11.8,18.2,8.0,5.6,4.7,1029.3,1029.1,1032.7,1029.0,1030.9,1031.1,1031.0,1028.9,1028.9,94.80562
2024-01-25,94.80562,82.43,126.8,77.36,2.2644,27.784,673.04,3141.96,6304.96,36763.79,21559.46,999.54,1953.92,2130.92,9.6,3.6,14.5,4.5,12.3,13.9,9.1,6.1,4.7,3.9,-1.0,11.6,1.0,8.9,12.0,3.9,0.6,0.0,14.3,10.0,19.4,9.5,14.5,16.0,16.0,16.0,11.0,17.0,3.5,25.5,6.3,7.6,17.2,8.5,7.5,6.2,1024.8,1025.1,1027.8,1025.0,1026.2,1026.4,1025.9,1024.9,1025.1,101.604081
2024-01-26,101.604081,83.66,127.1,78.01,2.2934,28.079,711.25,3235.62,6138.29,36798.71,21573.08,935.17,1994.62,2210.67,9.6,4.2,15.0,3.3,11.2,12.3,9.3,3.0,4.6,4.5,-0.4,10.5,-1.0,7.9,9.0,4.0,0.0,0.4,14.8,9.0,21.2,8.0,14.6,15.0,15.0,8.0,10.0,11.4,6.0,25.1,3.0,8.2,10.2,7.3,5.2,5.5,1025.8,1026.3,1026.2,1026.3,1026.2,1025.9,1026.3,1026.4,1025.9,92.05375
2024-01-27,92.05375,,,,,,668.17,2506.04,5539.38,30386.29,16923.12,907.83,1882.79,1958.96,10.4,4.5,13.7,4.3,12.2,13.2,10.2,6.6,1.7,5.9,-2.0,8.6,-0.4,9.3,10.0,5.4,-0.4,-0.6,13.7,10.2,18.5,13.0,16.0,15.1,17.0,17.0,5.3,23.5,6.2,9.7,6.8,16.5,12.3,7.0,7.3,4.3,1028.0,1029.7,1028.0,1029.3,1027.8,1026.7,1028.0,1029.7,1029.7,76.640947
2024-01-28,76.640947,,,,,,622.92,2247.67,4949.58,27261.92,14895.5,900.75,1780.25,1865.25,10.5,2.5,11.7,2.7,11.3,13.1,7.8,5.1,2.1,9.2,0.7,5.3,1.0,8.7,11.0,1.0,0.3,-1.0,11.5,5.0,17.0,5.1,13.4,15.2,17.0,12.0,7.0,30.8,6.2,8.6,4.9,28.5,14.4,7.8,5.5,7.8,1033.4,1037.0,1032.5,1036.8,1033.7,1031.5,1033.9,1036.8,1036.6,95.133466
2024-01-29,95.133466,81.83,116.0,76.78,2.2285,28.174,672.17,2985.46,6055.04,35118.38,20340.46,979.75,1977.75,2107.75,9.5,1.5,10.1,1.7,9.6,11.1,6.7,4.4,1.8,6.5,0.0,4.0,0.0,5.5,8.0,0.0,-0.3,-2.0,12.0,5.4,16.1,4.0,14.2,14.2,16.0,11.0,7.1,21.2,5.4,9.4,4.1,14.4,13.3,8.1,3.4,7.1,1034.5,1037.1,1033.7,1036.9,1034.6,1033.0,1034.8,1036.3,1036.5,98.937642
2024-01-30,98.937642,82.5,118.0,77.82,2.2968,29.391,672.29,3077.25,6116.83,36800.75,21610.33,1015.75,2051.88,2256.42,7.4,1.2,8.7,2.0,9.3,10.8,6.3,4.2,2.7,2.6,-4.0,2.4,-1.4,5.3,8.0,-1.0,0.2,-2.0,11.6,9.0,15.4,7.6,13.7,14.0,15.0,11.0,9.0,10.6,4.0,9.8,4.0,14.8,12.7,8.5,4.1,6.8,1035.4,1036.3,1034.4,1036.2,1034.8,1033.3,1035.1,1035.8,1035.8,100.078322
2024-01-31,100.078322,80.55,116.5,75.85,2.2312,30.235,667.0,3249.08,6327.54,37140.25,21632.46,952.54,2077.58,2234.04,7.6,5.0,7.9,3.7,9.5,9.7,6.4,5.0,3.6,3.0,0.9,1.0,-2.0,5.9,5.0,-1.0,1.0,-0.5,12.4,12.0,15.7,10.2,13.4,14.0,16.0,11.0,9.0,16.7,5.8,8.9,2.6,11.4,11.1,7.5,3.9,5.2,1033.3,1033.8,1034.1,1033.7,1033.5,1033.2,1033.7,1033.6,1033.6,99.730839
2024-02-01,99.730839,78.7,116.0,73.82,2.1948,28.991,708.25,3169.54,6144.29,36809.58,21434.25,973.83,2073.08,2306.33,7.5,5.3,9.5,3.2,10.8,10.0,6.9,4.5,3.0,4.4,1.9,2.5,-1.2,8.9,7.0,0.0,1.2,-1.0,12.4,11.0,15.1,9.0,13.3,13.0,15.0,10.0,7.0,10.9,7.6,10.6,3.6,8.7,5.1,6.5,5.9,5.7,1028.3,1028.1,1030.3,1028.1,1028.8,1029.5,1028.6,1028.1,1027.7,104.81473
2024-02-02,104.81473,77.3,116.0,72.28,2.1422,29.304,686.25,3047.46,5896.71,36477.92,21201.25,989.38,2133.04,2523.83,10.1,6.5,13.0,5.5,10.4,11.8,7.9,5.6,4.7,5.1,0.0,9.0,-2.0,5.4,7.0,1.0,-1.8,0.0,13.7,15.0,18.4,13.5,15.4,14.3,19.0,15.0,10.0,26.4,6.1,8.1,4.4,19.9,10.5,8.5,6.3,4.9,1026.2,1028.7,1026.8,1028.6,1026.7,1025.3,1027.0,1028.8,1028.6,89.251541
2024-02-03,89.251541,,,,,,678.12,2428.33,5299.67,30509.38,17039.54,935.38,1995.08,2133.25,10.9,8.9,10.1,8.6,11.2,13.2,8.8,9.3,4.7,8.3,3.5,3.0,1.0,6.6,10.0,1.0,4.0,0.0,15.1,17.0,18.6,17.0,15.4,15.0,20.0,18.0,11.1,17.0,5.1,13.4,7.0,9.9,11.3,7.2,6.8,4.1,1026.9,1025.8,1030.6,1026.0,1028.3,1028.9,1028.3,1026.2,1026.1,81.802916
2024-02-04,81.802916,,,,,,597.0,2220.71,4896.67,26595.54,14387.25,888.12,1821.92,1783.88,10.7,8.0,12.7,8.0,14.0,12.5,8.9,8.8,4.9,6.7,2.0,7.5,2.0,13.1,8.0,1.0,0.8,1.0,16.2,17.0,19.5,14.0,15.3,16.0,19.0,20.0,10.0,10.9,4.8,19.4,3.9,12.9,14.7,7.4,6.5,4.1,1025.1,1024.0,1029.5,1023.9,1027.1,1028.4,1026.9,1024.0,1024.1,94.568044
2024-02-05,94.568044,77.99,119.0,72.78,2.2092,28.341,701.25,3022.58,6103.12,34796.0,19986.33,977.17,1985.83,2019.71,9.9,7.7,13.2,10.0,13.6,12.4,9.5,8.1,6.3,5.0,0.4,9.0,4.0,11.5,8.9,5.5,2.9,1.4,16.7,15.0,20.6,15.4,15.3,16.0,15.0,17.0,12.0,11.8,4.1,15.9,6.5,10.7,10.4,7.6,9.2,6.1,1025.1,1023.5,1028.6,1023.1,1027.5,1028.3,1027.1,1023.2,1023.7,95.924783
2024-02-06,95.924783,78.59,119.0,73.31,2.2173,28.607,694.12,3163.71,6175.12,36396.46,21228.58,991.33,2005.88,2137.71,10.7,6.9,11.4,8.4,14.1,12.3,11.7,4.8,5.6,5.6,1.0,5.9,3.0,12.9,8.0,6.0,1.8,0.9,16.2,14.0,21.4,13.1,15.7,16.7,18.0,7.3,9.2,12.5,4.0,10.8,4.1,16.3,5.7,9.4,5.4,6.6,1023.3,1022.1,1024.9,1022.1,1025.1,1025.3,1024.1,1022.0,1022.0,106.875757
2024-02-07,106.875757,79.21,120.5,73.86,2.263,28.186,716.12,2969.75,5906.38,36037.96,21161.92,987.54,1979.88,2316.38,12.1,9.0,13.1,10.6,13.3,13.5,10.3,7.8,7.9,8.6,6.0,8.2,9.0,11.7,8.0,6.0,4.9,6.9,17.6,14.0,18.2,14.2,15.5,19.0,16.0,13.0,9.1,14.0,6.1,14.7,5.6,25.0,12.8,10.1,5.1,5.1,1016.4,1014.5,1018.6,1014.4,1018.0,1018.5,1016.9,1014.6,1014.7,93.922512
2024-02-08,93.922512,81.63,120.0,76.22,2.342,27.812,692.92,2947.25,5908.21,35699.29,21053.08,1005.38,2018.62,2073.83,11.8,8.5,12.3,10.7,13.7,14.5,11.8,7.0,8.6,7.2,3.6,5.0,6.6,12.3,12.0,7.0,3.3,7.0,17.6,15.0,19.1,13.4,15.4,17.0,17.0,12.0,11.0,12.1,5.3,8.9,3.2,20.3,18.9,11.2,5.0,5.0,1012.8,1009.4,1015.5,1009.4,1014.8,1016.1,1013.5,1009.3,1009.7,91.728159
2024-02-09,91.728159,81.9,120.6,76.84,2.3345,27.117,610.79,3005.12,5973.33,35905.75,21101.92,956.75,2031.25,2226.58,13.2,12.9,13.6,9.9,14.7,18.7,13.7,7.3,9.3,8.5,5.0,7.7,9.0,13.9,14.8,10.5,6.1,8.0,18.3,16.2,18.0,11.0,16.0,22.0,17.0,8.0,11.0,20.1,11.1,8.9,15.5,32.5,31.4,23.5,5.5,8.5,1009.9,1002.1,1005.5,1001.4,1010.2,1008.9,1007.2,1000.6,1003.4,82.866787
2024-02-10,82.866787,,,,,,640.79,2498.83,5494.08,30001.96,16549.12,928.0,1925.88,1965.25,15.1,11.2,14.4,9.7,14.7,17.1,14.5,7.3,10.3,13.5,10.0,11.6,8.9,13.5,13.7,12.5,6.4,8.9,16.8,13.3,16.6,10.4,16.3,20.0,17.0,8.0,12.0,28.0,12.9,10.6,12.5,45.0,37.9,25.4,8.3,11.5,1002.3,993.6,995.0,993.4,1000.1,999.9,995.9,992.8,995.3,68.734004
2024-02-11,68.734004,,,,,,573.54,2142.58,4933.08,26321.29,14174.96,894.12,1794.75,1808.25,13.8,10.4,12.4,9.5,12.8,13.8,11.4,7.5,10.9,9.3,9.5,9.4,7.0,11.0,11.9,8.1,1.7,9.6,17.8,12.0,16.4,11.1,14.1,15.0,14.0,12.0,12.2,25.8,8.3,20.3,6.1,35.3,33.2,12.8,7.6,10.4,998.1,992.8,1002.4,993.2,998.5,1002.6,995.6,993.5,992.2,93.06588
2024-02-12,93.06588,82.0,120.0,76.92,2.3673,25.729,708.12,2906.83,5894.04,34082.5,19545.88,952.29,1980.62,2094.71,10.8,10.2,12.3,7.7,12.6,14.2,9.4,5.7,9.5,7.9,7.0,7.8,4.0,10.5,12.3,4.8,-0.1,8.0,14.6,14.0,18.1,12.0,14.9,15.0,17.0,12.0,11.2,13.4,5.4,10.0,3.7,16.1,29.0,7.2,7.1,13.0,1004.3,1004.4,1008.7,1004.5,1004.9,1008.9,1004.9,1004.5,1003.8,89.152689
2024-02-13,89.152689,82.77,120.5,77.87,2.3946,25.436,691.71,3053.08,6037.0,35469.12,20545.5,967.75,2018.96,2155.12,10.4,9.3,12.2,7.8,11.9,13.3,10.4,6.1,9.5,7.7,5.4,8.0,3.3,9.4,10.0,6.0,0.1,5.0,12.6,14.4,17.4,15.1,15.9,15.0,17.0,15.0,14.6,26.5,8.4,17.2,4.6,13.7,14.2,14.3,7.5,6.6,1013.4,1016.9,1017.8,1017.1,1014.1,1015.4,1014.8,1017.5,1016.2,86.089979
2024-02-14,86.089979,81.6,119.75,76.64,2.3169,24.857,718.58,3043.42,6101.38,35234.67,20212.08,967.21,2037.38,2154.62,11.7,9.0,10.8,8.8,11.2,14.4,9.7,6.8,6.8,9.7,4.0,5.4,3.0,7.3,14.0,3.0,0.6,3.0,13.0,15.3,18.3,15.2,15.3,15.1,18.0,15.0,12.0,37.0,6.1,13.2,3.0,18.5,20.4,11.9,4.4,6.2,1021.0,1024.1,1025.2,1024.1,1022.6,1022.6,1023.1,1024.1,1024.0,91.840969
2024-02-15,91.840969,82.86,119.25,78.03,2.3183,24.966,702.62,2889.33,5871.67,34798.25,20141.62,982.0,2017.58,2193.42,11.3,9.0,10.9,7.7,11.3,13.2,9.1,8.0,5.6,8.8,5.0,4.0,3.0,6.4,10.0,2.0,4.5,4.0,14.7,15.0,16.0,13.0,17.2,15.2,20.0,13.0,8.1,24.8,7.7,12.0,2.4,11.5,11.4,7.4,3.5,3.6,1022.6,1023.4,1023.2,1023.6,1023.1,1023.2,1023.2,1023.3,1023.7,90.19729
2024-02-16,90.19729,83.3,119.25,79.19,2.3234,24.822,677.88,2917.75,5860.42,34853.17,20170.42,952.25,2031.25,2243.21,10.7,8.4,15.6,9.3,12.6,12.8,10.1,8.4,4.8,5.6,3.0,13.0,5.4,9.4,9.0,3.0,3.8,3.0,15.9,14.0,19.2,14.1,16.4,16.2,19.0,13.0,7.1,10.8,4.1,12.8,2.7,8.8,8.3,7.3,4.2,3.8,1021.6,1021.7,1018.3,1021.7,1021.4,1020.3,1021.3,1021.6,1021.9,87.168906
2024-02-17,87.168906,,,,,,631.17,2369.71,5203.83,28990.5,15834.29,894.0,1943.5,2114.0,10.1,10.1,14.9,9.6,12.4,12.9,10.7,9.8,6.0,6.3,6.0,13.0,3.4,9.3,9.8,4.0,5.7,3.8,14.7,16.0,18.2,16.0,17.8,16.0,20.0,17.0,8.3,9.8,4.6,11.3,2.3,8.5,7.7,6.5,3.9,4.2,1026.0,1026.6,1023.8,1026.6,1025.2,1024.3,1025.3,1026.6,1026.8,83.752721
2024-02-18,83.752721,,,,,,605.04,2172.38,4869.96,25344.54,13289.75,872.38,1765.83,1769.21,11.2,9.3,13.3,9.8,12.4,12.4,10.4,9.7,10.6,8.4,5.5,8.0,3.5,8.7,9.4,4.0,5.4,7.6,15.2,15.0,21.5,15.0,17.1,15.0,19.0,16.0,15.0,16.5,7.0,12.9,3.0,8.1,5.8,8.0,4.9,5.0,1029.6,1029.9,1030.5,1030.0,1029.5,1030.0,1029.2,1029.8,1030.0,90.57625
2024-02-19,90.57625,82.73,119.6,,2.3103,23.704,677.42,2792.0,5781.88,33047.08,18854.5,953.79,1927.88,2059.62,11.5,9.9,13.5,10.3,13.3,13.2,11.3,9.5,10.6,7.0,6.0,10.0,5.6,12.2,9.0,7.3,3.6,8.0,16.0,15.1,19.0,15.7,14.7,16.0,17.0,18.0,14.5,9.0,6.0,14.8,4.6,10.0,17.2,6.3,6.8,5.3,1023.7,1024.3,1025.2,1024.4,1024.1,1024.6,1023.6,1024.5,1024.1,84.510257
2024-02-20,84.510257,81.5,119.6,77.04,2.5086,24.168,662.54,2794.46,5845.71,34491.38,19817.88,960.42,2027.04,2383.33,11.4,10.0,11.0,11.0,13.2,13.0,9.7,8.8,10.3,8.3,4.9,6.0,6.0,11.1,12.0,4.8,2.2,6.0,13.7,16.0,17.0,16.5,16.6,15.0,19.0,17.0,15.0,14.9,6.1,9.0,5.0,21.6,9.6,10.8,7.7,6.4,1021.8,1024.4,1021.8,1024.4,1020.7,1018.6,1021.2,1024.6,1024.3,83.424929
2024-02-21,83.424929,82.11,115.0,77.91,2.5308,23.977,676.92,2918.58,5957.71,34777.62,20149.5,952.54,1982.92,2139.46,10.9,10.3,11.8,9.3,12.9,14.0,9.6,8.0,9.9,6.6,5.0,5.3,4.5,9.8,12.0,3.0,2.3,5.7,14.9,16.8,20.0,15.0,16.9,16.0,19.0,14.0,14.0,13.8,7.0,11.7,3.6,19.6,18.6,9.4,6.2,7.7,1023.5,1023.7,1024.2,1023.8,1022.8,1021.2,1023.4,1023.5,1023.7,90.258887
2024-02-22,90.258887,82.7,119.4,78.61,2.5675,23.193,650.08,2888.62,5955.04,34961.88,20364.88,972.88,2007.21,2123.17,11.7,11.6,11.4,9.4,12.5,12.2,9.8,7.9,8.7,6.1,6.0,4.0,9.0,8.8,7.6,3.0,5.0,6.0,17.5,17.0,18.0,10.6,15.0,15.0,16.0,11.0,10.5,19.3,9.6,12.8,8.4,16.1,11.0,11.7,6.3,9.3,1018.9,1011.9,1018.5,1011.5,1019.6,1020.0,1018.2,1010.8,1012.6,78.70141
2024-02-23,78.70141,80.8,119.4,76.49,2.5093,22.934,644.5,2836.67,6006.62,34708.54,20122.58,973.54,2040.67,2083.96,13.8,12.2,14.8,8.7,14.6,15.7,13.5,7.3,11.0,10.5,8.0,9.0,7.0,13.8,14.0,9.8,2.4,9.0,18.1,16.3,19.4,11.0,15.7,17.0,16.0,13.0,13.0,21.9,14.7,16.9,8.5,43.6,44.1,26.2,5.0,19.0,1010.7,998.3,1006.4,998.0,1009.9,1009.6,1005.6,997.8,999.2,74.48045
2024-02-24,74.48045,,,,,,628.29,2256.54,5304.75,28582.75,15634.25,914.5,1952.75,1891.67,13.3,8.3,10.2,7.8,12.8,12.7,10.1,4.8,8.7,9.4,1.0,5.0,5.0,11.8,10.0,5.0,-1.4,4.6,15.7,15.0,16.2,12.0,13.4,15.0,15.0,10.0,13.0,19.0,8.0,8.7,8.7,16.2,10.2,10.8,8.0,7.8,1010.8,1006.4,1009.9,1005.9,1011.2,1011.5,1010.0,1005.7,1006.8,72.239705
2024-02-25,72.239705,,,,,,604.12,2098.92,4900.75,25708.46,13794.08,876.42,1777.38,1656.79,10.8,9.6,10.6,9.0,12.1,12.1,10.3,6.3,8.9,9.1,5.7,5.0,6.5,10.1,10.0,6.7,3.4,5.4,12.3,14.0,16.0,12.0,15.1,14.0,16.0,11.0,13.0,12.2,5.5,15.1,5.2,16.1,18.5,10.4,6.2,8.0,1009.7,1009.6,1012.1,1009.7,1009.6,1010.0,1009.8,1009.8,1009.8,81.189874
2024-02-26,81.189874,81.67,127.5,77.58,2.5572,24.009,699.92,2844.33,5877.54,33523.75,19202.79,978.67,1975.33,1945.17,11.9,8.5,14.9,7.0,11.7,14.2,9.6,4.4,7.4,8.8,5.0,9.7,5.7,7.4,9.0,3.5,3.0,4.0,15.1,11.1,18.6,9.0,14.7,18.0,14.0,5.1,11.0,14.5,10.8,13.0,13.4,18.1,15.0,14.9,8.6,13.8,1008.6,1005.4,1005.5,1006.3,1008.9,1009.3,1007.1,1006.6,1007.2,84.590345
2024-02-27,84.590345,82.66,129.2,78.87,2.5944,24.392,664.33,2708.67,6128.17,35010.83,20490.92,998.42,2056.71,1963.62,14.4,9.8,13.6,7.7,14.4,14.9,13.8,6.0,9.7,11.0,8.0,10.0,6.0,10.4,12.0,12.0,3.9,8.0,18.2,12.0,17.9,9.0,17.7,19.0,17.0,8.5,11.0,25.8,7.0,14.0,8.5,29.5,10.0,22.1,9.2,25.5,1010.5,1006.3,1004.1,1007.5,1008.4,1006.3,1006.6,1008.1,1009.0,84.533479
2024-02-28,84.533479,82.15,131.0,78.54,2.5512,25.619,665.83,2892.83,5978.96,35598.12,20986.83,972.96,2057.38,2043.33,15.6,11.0,10.4,11.4,15.6,12.9,13.7,9.0,12.0,13.8,9.0,6.5,8.9,13.2,10.9,9.7,6.7,10.0,18.3,13.0,16.0,15.0,19.7,15.0,19.0,12.0,15.5,30.4,7.8,10.0,5.3,27.5,14.8,12.5,6.6,18.6,1012.8,1014.6,1005.7,1015.9,1008.3,1005.4,1008.2,1016.2,1015.6,85.158273
2024-02-29,85.158273,81.91,131.0,78.26,2.581,24.865,671.0,2899.21,5919.38,35242.29,20636.67,964.21,1983.75,2168.08,14.7,11.2,11.8,11.7,13.4,13.0,12.2,9.1,12.9,12.6,10.0,8.0,9.0,12.1,10.0,8.8,3.8,11.0,16.9,13.0,17.3,14.0,15.4,15.2,16.0,13.0,15.0,35.4,7.2,8.9,5.3,17.2,13.1,9.1,5.6,14.6,1009.7,1013.1,1006.2,1014.2,1007.5,1006.7,1007.6,1014.4,1013.5,94.70125
2024-03-01,94.70125,83.39,132.0,79.97,2.6103,25.809,697.29,3017.79,5855.83,35294.12,20665.75,966.58,1981.83,2109.04,12.9,11.9,10.4,10.7,12.0,12.3,10.0,9.1,11.5,9.6,10.8,5.8,10.0,10.9,9.0,7.0,7.3,10.0,17.2,14.0,14.8,11.2,13.7,16.4,14.0,11.0,13.0,21.2,9.2,11.3,7.0,17.8,16.8,10.5,4.6,15.5,1007.4,1004.8,1007.3,1006.1,1007.7,1007.4,1006.0,1006.9,1006.4,84.466567
2024-03-02,84.466567,,,,,,640.75,2433.54,5234.88,28934.21,15787.88,912.88,1951.25,1973.04,11.8,11.2,12.8,10.4,12.8,14.2,12.3,8.4,10.7,6.7,9.0,7.9,9.0,10.0,12.5,9.8,6.2,9.0,16.2,14.0,18.1,12.0,15.2,15.3,17.0,11.0,12.5,12.4,7.4,9.7,8.8,20.7,23.2,10.6,7.2,11.0,1011.2,1008.2,1013.0,1008.2,1012.2,1013.7,1010.7,1007.8,1008.9,74.12638
2024-03-03,74.12638,,,,,,539.33,2010.42,4959.96,25532.04,13847.83,899.88,1728.25,1546.38,12.4,12.2,12.3,10.8,14.4,16.4,12.0,7.3,10.9,7.6,7.8,7.0,9.8,13.0,12.0,7.0,6.0,8.5,17.5,15.0,19.2,12.0,15.9,20.4,17.0,8.0,14.0,19.1,15.5,12.7,19.5,27.0,22.4,19.6,17.4,13.0,1011.5,1006.2,1007.2,1005.6,1011.1,1010.2,1008.7,1003.9,1008.3,89.131467
2024-03-04,89.131467,82.8,136.0,78.74,2.5857,26.885,606.5,2893.58,6022.04,34023.29,19655.0,976.42,1967.04,1902.71,11.3,9.1,10.2,10.6,11.4,11.5,10.3,9.7,11.5,7.1,7.0,6.2,9.0,9.7,8.7,7.8,5.6,10.0,14.1,11.0,13.6,13.3,12.6,14.0,15.0,15.0,14.6,19.6,10.1,18.7,8.4,20.7,32.9,10.4,11.3,16.8,1005.6,1006.5,1009.3,1007.5,1006.3,1009.1,1005.7,1007.5,1006.7,88.400647
2024-03-05,88.400647,82.04,137.45,78.15,2.5328,27.468,612.58,2997.58,6011.17,35407.79,20829.83,979.54,1940.79,2036.29,10.5,12.2,11.7,9.9,12.3,14.0,11.2,8.5,11.8,6.1,7.2,7.4,5.0,8.7,12.0,6.7,4.5,7.0,14.8,17.0,17.6,14.3,15.4,15.0,17.0,15.0,16.0,16.3,9.5,17.8,6.8,13.7,27.0,10.1,5.8,7.6,1011.0,1011.0,1017.1,1011.2,1012.1,1014.7,1012.1,1011.3,1010.3,92.524651
2024-03-06,92.524651,82.96,136.75,79.13,2.5539,26.572,658.21,2985.04,5786.58,34629.12,20179.5,974.21,1947.12,2098.46,11.9,10.7,11.2,9.4,13.0,13.4,10.1,7.2,11.3,8.1,5.0,6.1,6.0,10.9,11.0,6.3,2.8,9.9,16.4,14.4,17.6,13.0,14.8,15.0,15.0,14.0,13.0,13.8,9.8,12.6,6.3,27.8,16.5,10.8,10.1,13.4,1015.4,1013.9,1021.5,1014.3,1017.4,1020.6,1016.3,1014.8,1014.4,95.626139
2024-03-07,95.626139,82.96,135.5,78.93,2.5548,25.992,720.04,3007.54,5980.96,34793.12,20004.33,1000.79,1958.83,2120.62,10.2,10.1,10.7,9.7,12.1,13.1,9.1,6.8,10.2,7.1,6.0,2.5,4.9,10.5,11.0,4.0,0.5,8.0,13.6,14.0,19.3,14.3,14.0,15.0,16.0,15.0,12.2,18.0,10.3,10.8,4.9,13.5,15.1,8.3,8.6,7.1,1016.3,1016.7,1018.0,1016.5,1017.0,1018.5,1016.8,1016.6,1016.8,99.144893
2024-03-08,99.144893,81.9,134.4,78.01,2.5243,26.392,669.54,2893.04,5929.79,34630.08,20014.21,990.25,1989.21,2144.04,10.9,8.2,13.3,8.5,11.8,15.2,9.5,5.6,7.3,7.7,3.0,7.4,6.9,7.7,9.0,3.2,1.9,6.0,13.7,13.5,17.2,10.3,15.3,21.0,17.0,8.0,8.2,17.1,9.9,10.7,12.2,17.4,15.5,12.3,9.2,18.2,1016.9,1015.0,1012.9,1015.1,1016.1,1013.9,1015.3,1015.3,1016.8,91.444583
2024-03-09,91.444583,,,,,,666.58,2339.79,5227.83,28522.33,15498.08,929.92,1940.67,1919.46,13.7,9.5,13.6,7.7,12.9,16.5,11.6,5.9,8.4,11.2,7.8,9.8,6.0,10.5,14.0,9.5,4.8,6.5,17.5,12.0,16.3,9.0,13.8,21.0,15.0,7.0,10.6,21.0,8.2,13.8,6.3,27.4,19.6,16.7,7.9,17.1,1013.7,1010.7,1010.0,1010.8,1012.8,1011.5,1011.2,1010.6,1011.5,77.277139
2024-03-10,77.277139,,,,,,564.38,2024.67,4598.71,25737.62,14103.92,881.08,1738.71,1826.17,15.1,11.0,14.2,9.0,14.8,19.4,13.5,6.7,9.8,12.8,9.0,9.8,6.0,12.3,14.0,9.4,5.7,7.8,17.2,14.0,17.2,10.0,17.4,23.0,18.0,10.0,13.0,43.8,14.8,15.7,15.9,39.4,35.8,20.6,10.4,16.7,1009.3,1002.5,1004.1,1001.4,1007.8,1006.4,1005.2,1001.2,1004.5,95.958962
2024-03-11,95.958962,82.21,133.0,77.93,2.5805,24.93,691.42,2785.17,5653.79,33583.25,19566.75,957.58,1920.33,2008.21,14.0,9.8,12.7,9.5,12.7,14.3,11.0,7.7,9.7,10.0,4.1,8.1,7.0,11.4,10.3,8.5,3.4,5.7,17.1,15.1,18.3,13.0,14.6,16.0,16.0,13.0,15.0,24.8,7.3,13.2,7.2,22.9,25.8,8.3,5.7,8.7,1006.8,1005.7,1009.9,1005.7,1007.5,1011.0,1006.8,1006.1,1005.2,87.401359
2024-03-12,87.401359,81.92,130.65,77.56,2.5864,24.775,739.92,2864.83,5767.58,34653.17,20212.58,955.42,2012.75,2100.08,11.2,11.6,13.1,11.6,12.6,14.2,11.0,10.2,10.2,8.2,6.0,8.5,4.0,10.9,12.0,6.1,3.2,7.0,14.5,18.3,17.1,20.3,14.6,15.0,17.0,19.0,13.1,24.1,10.5,19.4,7.7,16.3,29.9,10.0,9.5,7.0,1011.7,1011.9,1017.1,1011.8,1012.8,1015.8,1012.6,1012.8,1011.6,91.456666
2024-03-13,91.456666,84.03,131.1,79.72,2.6615,24.903,718.75,2745.88,5941.46,33231.5,18651.54,966.79,2111.08,2096.0,12.4,10.8,12.8,11.7,12.6,13.4,10.6,9.8,10.7,10.1,7.6,9.0,6.3,8.9,11.0,4.6,1.9,7.0,14.9,15.7,18.2,17.0,17.0,15.5,19.0,19.0,15.0,28.8,6.3,13.0,4.9,9.8,9.2,8.6,6.3,8.0,1015.8,1016.2,1018.7,1016.2,1017.1,1018.0,1017.3,1016.7,1016.6,95.597867
2024-03-14,95.597867,85.42,131.5,81.26,2.7033,26.049,742.92,2932.67,5709.17,33938.46,19253.21,979.96,2032.0,2288.54,12.2,11.4,11.7,11.9,13.0,13.1,11.2,10.7,10.5,9.2,5.8,4.4,6.0,9.6,9.0,5.6,5.1,8.0,16.3,17.7,18.0,18.0,16.1,16.0,19.0,18.0,14.2,18.5,6.8,9.3,5.4,10.3,14.4,8.5,6.0,5.7,1018.1,1017.5,1019.7,1017.7,1019.2,1019.3,1019.1,1017.4,1017.6,89.768558
2024-03-15,89.768558,85.33,131.0,81.04,2.7085,27.026,662.96,2799.04,5704.46,33647.5,19359.46,946.08,2024.17,2151.33,12.3,12.8,12.9,13.2,13.6,13.1,11.3,11.0,11.4,6.5,7.0,5.7,10.2,10.7,9.4,6.4,6.0,9.0,16.9,17.0,19.8,17.0,16.3,16.0,18.0,17.0,14.0,10.6,7.9,11.5,7.0,12.4,6.8,7.0,5.0,5.7,1018.2,1017.6,1020.7,1017.4,1020.2,1020.7,1019.9,1017.0,1017.5,81.044712
2024-03-16,81.044712,,,,,,623.29,2264.75,5307.08,27975.46,15117.5,902.17,1950.21,1810.46,13.1,13.9,14.4,14.4,13.8,13.4,12.3,11.3,12.8,10.6,10.0,8.3,9.8,11.9,9.3,7.8,3.6,10.0,15.9,20.0,21.0,20.0,15.8,16.0,18.0,20.0,17.0,14.3,5.1,16.2,7.1,12.9,10.7,7.2,6.1,7.4,1019.2,1019.0,1022.1,1018.6,1020.2,1021.2,1019.9,1018.7,1018.8,76.372415
2024-03-17,76.372415,,,,,,569.5,2072.5,4695.79,25274.75,13622.79,861.38,1701.5,1751.29,12.8,14.3,15.3,13.5,13.8,14.7,12.7,11.1,11.2,10.0,9.8,9.3,8.9,9.3,13.0,6.6,6.1,8.0,15.9,20.0,22.0,18.1,19.1,16.0,21.0,18.0,14.0,19.0,8.3,12.9,4.3,11.7,10.5,8.1,6.8,5.5,1021.2,1020.5,1023.1,1020.9,1021.7,1022.4,1021.6,1020.8,1020.7,92.460559
2024-03-18,92.460559,86.89,129.75,82.72,2.7573,28.822,599.92,2840.33,5678.83,32043.0,18167.5,915.04,1922.38,1919.0,14.0,13.7,14.8,14.3,14.3,13.7,12.9,11.3,12.4,8.5,10.0,8.6,11.5,12.4,10.0,8.9,6.7,10.0,19.2,16.3,23.5,19.0,15.9,16.2,18.0,19.0,14.0,10.7,6.9,11.7,6.8,13.7,8.3,8.9,5.5,5.4,1016.2,1015.1,1017.7,1015.0,1018.2,1018.7,1017.1,1014.9,1015.2,93.65828
2024-03-19,93.65828,87.38,129.4,82.73,2.7622,28.866,659.75,2850.62,5697.92,32920.46,18745.71,941.92,1929.46,2095.08,13.2,12.9,14.9,13.1,15.7,16.0,15.0,11.6,11.5,11.9,10.0,10.2,11.0,13.1,14.0,10.4,5.6,9.2,14.9,18.0,20.0,18.0,19.5,17.0,21.0,20.0,15.0,23.2,8.6,12.1,7.8,16.3,13.8,7.5,6.5,6.5,1014.6,1017.2,1015.8,1017.2,1014.8,1014.5,1014.7,1016.8,1017.6,100.295466
2024-03-20,100.295466,85.95,128.9,81.27,2.7332,27.742,619.42,2855.62,5471.17,33184.67,19152.83,912.12,1955.17,2218.33,11.6,11.3,14.6,13.1,14.5,14.8,13.2,11.8,12.9,7.6,6.8,10.4,8.0,11.4,12.0,7.9,8.8,9.0,14.5,17.0,19.0,18.0,19.0,17.3,21.0,16.0,16.0,17.6,6.0,11.1,5.6,17.7,10.8,8.8,5.1,8.6,1021.4,1021.9,1020.2,1022.1,1020.8,1020.0,1020.9,1022.1,1021.9,95.754261
2024-03-21,95.754261,85.78,128.25,81.07,2.7271,26.402,647.21,2940.62,5684.58,32748.21,18656.58,904.38,1916.25,1998.58,11.5,14.2,15.6,14.9,13.9,13.9,13.2,12.6,12.5,5.5,9.0,11.4,8.0,9.6,9.7,8.9,6.0,8.0,17.0,20.1,19.0,21.0,17.6,17.0,20.0,21.0,15.2,11.4,8.4,11.4,7.5,11.8,8.1,8.5,5.5,7.4,1022.2,1020.9,1023.5,1020.8,1023.6,1024.0,1023.4,1021.1,1021.1,94.445039
2024-03-22,94.445039,85.58,127.7,80.63,-0.9991,27.776,602.67,2873.96,5408.08,32941.83,18976.17,888.62,1941.75,2250.58,13.2,14.0,15.8,14.7,14.7,14.4,14.2,12.2,14.4,10.2,7.0,11.7,9.9,12.3,11.0,9.9,5.8,8.8,15.7,20.0,21.7,20.3,18.8,17.0,21.0,20.0,20.0,20.0,5.2,12.7,6.1,10.6,13.3,6.8,7.0,8.0,1018.2,1019.5,1018.2,1019.6,1018.4,1018.0,1018.4,1019.5,1019.0,80.82875
2024-03-23,80.82875,,,,,,566.83,2258.0,4897.08,27062.04,14598.04,875.38,1904.08,1962.62,14.1,15.7,15.4,13.8,14.4,14.4,13.8,12.1,13.7,7.8,9.6,10.6,7.0,11.0,10.0,10.0,6.5,8.0,20.3,21.2,22.5,20.0,17.1,17.1,19.0,21.0,17.0,17.8,10.9,13.4,8.5,15.2,9.1,10.0,13.6,10.8,1015.1,1009.8,1017.9,1010.3,1016.8,1017.6,1015.9,1011.0,1009.5,55.659818
2024-03-24,55.659818,,,,,,511.54,2073.42,4452.96,24268.08,12926.17,812.79,1687.17,1804.04,15.6,12.9,15.0,13.2,15.6,18.3,14.1,10.2,11.2,10.8,7.2,10.5,7.0,14.2,15.0,10.4,4.0,8.0,21.2,17.0,21.3,18.0,17.3,22.0,19.0,16.0,14.0,21.4,11.2,20.2,11.9,27.8,32.0,15.9,20.8,13.9,1007.8,1007.2,1013.9,1007.4,1010.7,1012.8,1008.7,1008.2,1007.4,98.842083
2024-03-25,98.842083,86.75,128.95,81.95,2.7484,28.489,625.58,2752.92,5319.42,30891.38,17337.71,885.17,1876.79,2093.79,12.7,10.7,14.3,11.3,14.2,16.6,12.1,8.4,10.3,10.3,3.9,10.5,4.0,10.1,15.0,6.2,0.2,5.0,16.0,16.3,17.9,16.0,17.5,19.0,19.0,14.0,15.0,19.8,10.6,16.0,6.6,17.4,14.4,10.8,7.4,9.4,1008.8,1007.8,1005.6,1008.0,1007.9,1006.9,1007.2,1007.9,1008.3,98.786396
2024-03-26,98.786396,86.25,128.9,81.62,2.7006,27.132,626.12,2909.88,5500.79,32513.88,18582.92,887.17,1871.42,2135.58,14.0,8.7,15.6,9.3,14.1,19.6,12.6,6.9,9.0,11.4,6.0,12.7,8.1,11.3,15.0,8.5,5.5,6.9,16.6,10.0,22.0,12.0,16.2,24.6,16.0,8.0,11.0,26.8,8.6,11.3,6.3,20.9,29.3,14.9,7.3,19.7,1002.8,1001.6,997.5,1002.6,1000.9,999.3,999.4,1002.8,1003.0,96.645401
2024-03-27,96.645401,85.41,129.0,81.35,2.6719,27.687,643.38,2845.62,5776.38,32961.96,19018.08,918.17,1870.12,1890.21,16.2,10.8,13.4,9.4,15.1,16.3,12.6,6.5,11.0,11.5,8.0,10.5,7.0,12.9,14.0,10.3,4.0,9.0,21.9,15.0,18.0,12.0,18.5,22.0,15.0,10.0,14.0,22.7,12.1,12.3,9.0,26.3,27.8,14.6,7.7,18.3,999.1,994.3,1001.0,993.9,1000.0,1001.8,998.4,994.2,994.4,88.951588
2024-03-28,88.951588,87.0,129.1,83.17,2.7206,27.34,625.62,2762.42,5554.88,32171.58,18572.42,891.54,1842.21,1922.5,16.0,10.8,17.4,8.5,15.7,18.4,14.3,6.7,9.5,9.8,3.0,11.0,6.1,13.5,15.0,8.8,2.0,8.0,22.8,17.0,21.0,10.0,17.9,22.0,18.0,12.0,11.0,21.7,9.8,18.8,5.1,27.7,30.8,17.9,6.1,16.3,1010.8,1000.1,1010.1,1000.7,1012.1,1013.6,1009.0,1000.7,1000.8,91.328996
2024-03-29,91.328996,86.9719,,83.1235,2.7209,,601.12,2736.58,5519.0,31128.71,17810.88,887.5,1802.04,1771.58,17.6,13.3,18.0,10.3,17.7,21.8,17.3,8.2,12.0,12.2,6.0,15.0,8.6,14.7,17.0,13.5,5.6,7.0,23.9,23.0,22.0,13.1,22.1,28.0,22.0,10.6,17.0,21.1,9.2,14.5,5.4,22.8,20.9,20.5,4.8,14.3,1016.1,1010.4,1009.8,1011.1,1016.0,1013.7,1013.7,1011.1,1011.8,76.771335
2024-03-30,76.771335,,,,,,548.12,2211.25,5010.21,25438.62,13454.29,859.83,1745.21,1609.71,17.1,14.4,17.8,13.3,18.0,23.2,18.1,9.1,14.6,13.0,11.0,13.0,9.0,14.8,16.0,13.6,7.5,13.0,21.4,20.0,22.0,17.3,22.0,27.0,23.0,11.0,16.0,37.7,11.1,16.5,15.7,39.9,26.9,23.1,4.9,19.0,1011.6,1006.7,1004.0,1006.8,1010.1,1005.8,1007.8,1006.7,1008.9,85.723001
2024-03-31,85.723001,,,,2.7244,,523.52,1882.78,4033.91,20465.39,10153.57,765.57,1584.52,1521.52,18.4,16.7,16.8,13.4,18.4,24.1,18.1,10.5,14.5,15.8,10.0,11.0,11.0,15.2,19.0,14.3,6.8,13.0,22.1,22.0,21.0,16.4,21.9,29.0,22.0,14.0,16.0,42.3,11.0,10.6,11.4,34.1,20.7,20.3,7.1,10.3,1011.2,1005.4,1006.9,1005.5,1010.7,1008.3,1008.6,1004.7,1006.9,68.078079
2024-04-01,68.078079,87.6387,132.0,83.8916,2.7141,27.34,491.33,1963.75,4156.54,21300.75,10877.62,795.21,1527.83,1488.46,18.6,16.0,13.6,14.4,16.9,21.5,16.7,12.1,13.8,15.6,12.5,12.7,10.3,12.8,16.6,10.9,7.5,11.5,23.6,18.0,20.7,19.3,21.7,29.0,22.0,20.0,15.0,35.2,12.3,17.2,16.5,30.6,24.7,21.2,11.5,10.0,1010.4,1003.8,1010.8,1002.5,1010.8,1011.6,1009.0,1001.9,1004.2,76.543454
2024-04-02,76.543454,89.2827,132.25,85.4379,2.7763,26.465,596.67,2807.12,5176.67,30389.54,17315.21,845.5,1783.62,1864.75,15.5,14.8,11.6,12.8,14.9,16.1,13.9,11.7,12.7,11.8,5.0,11.0,5.4,12.8,14.0,10.4,3.4,8.4,19.4,21.0,22.0,20.1,17.2,17.0,19.0,20.0,16.0,16.3,13.2,11.3,5.4,18.3,13.1,12.6,11.4,9.3,1016.4,1011.8,1019.7,1011.9,1019.0,1020.3,1017.4,1011.8,1011.3,95.972658
2024-04-03,95.972658,89.5565,129.65,85.588,2.7603,25.975,606.42,3101.38,5575.96,33215.38,19327.12,850.12,1808.62,1945.75,13.9,14.6,15.3,12.2,15.1,14.7,12.8,11.6,12.0,9.2,10.0,8.0,10.9,12.9,11.0,7.8,6.8,8.7,18.6,20.0,22.9,13.3,17.2,18.0,19.0,17.0,15.0,12.3,9.9,11.8,7.0,12.7,8.6,9.5,8.2,8.5,1018.2,1015.2,1019.3,1015.5,1019.9,1019.7,1019.1,1014.8,1015.2,77.906194
2024-04-04,77.906194,91.13,128.2,86.7719,2.8067,26.105,600.17,3022.71,5449.71,32894.54,19011.38,887.88,1811.62,2111.08,14.8,14.9,15.3,13.5,14.9,15.0,13.6,12.4,13.5,11.0,7.1,6.7,7.5,11.8,12.0,7.3,6.3,8.7,18.8,21.0,23.7,19.0,18.0,18.0,20.0,19.0,18.0,15.5,7.6,12.3,5.5,9.4,10.6,7.1,6.2,9.2,1020.2,1018.6,1021.6,1019.0,1021.9,1021.6,1021.3,1018.8,1018.3,78.842994
2024-04-05,78.842994,90.8677,129.1,86.7765,2.7732,26.606,587.96,2964.33,5414.12,31892.54,18228.79,891.96,1881.62,1923.75,14.6,16.1,15.8,15.8,15.1,15.9,14.6,13.0,14.8,10.1,10.0,7.6,10.0,11.1,11.7,8.5,7.0,11.0,19.1,21.7,22.0,20.0,19.2,20.0,22.0,19.0,19.0,9.8,8.0,12.0,8.0,8.4,9.1,6.7,4.5,8.6,1023.6,1022.3,1023.5,1022.6,1024.9,1023.9,1024.5,1022.5,1022.2,72.413369
2024-04-06,72.413369,,,,,,564.71,2334.46,4752.58,26542.46,14468.17,854.33,1805.0,1763.21,15.9,16.7,17.4,16.7,14.6,16.4,15.3,14.6,15.7,11.1,11.0,8.4,11.0,11.0,13.0,9.0,7.9,11.0,20.5,22.5,22.8,23.0,19.4,20.0,24.0,22.0,20.0,7.8,6.8,12.6,5.0,8.4,9.8,7.5,5.4,7.7,1023.8,1023.0,1023.5,1023.2,1025.1,1023.9,1024.6,1023.4,1022.6,60.672083
2024-04-07,60.672083,,,,2.7576,,532.54,1946.92,4436.5,22721.62,11905.67,808.12,1639.62,1452.25,16.4,17.3,16.7,17.7,15.6,16.3,15.8,16.4,15.9,12.0,11.0,7.9,11.0,11.3,12.4,9.1,10.1,10.9,21.2,24.5,23.0,24.0,20.2,20.1,24.0,22.0,21.0,15.5,8.1,11.6,4.4,8.8,9.5,7.3,4.6,7.2,1020.8,1020.9,1021.1,1021.0,1022.1,1021.2,1021.7,1021.2,1020.4,78.077575
2024-04-08,78.077575,90.5106,128.2,86.553,2.75,27.92,606.62,2666.17,5470.67,30560.58,17388.54,861.08,1822.58,1744.92,17.7,18.2,17.8,19.3,16.6,17.1,16.3,18.1,16.9,10.8,13.0,8.0,13.0,13.3,13.0,10.3,13.2,13.0,22.1,25.0,23.4,25.0,21.3,23.6,25.0,24.0,20.0,13.7,9.7,14.5,4.8,7.8,7.1,7.3,5.4,6.2,1018.4,1017.0,1016.3,1017.1,1018.6,1017.1,1018.1,1017.0,1017.2,79.202842
2024-04-09,79.202842,89.45,127.0,85.23,2.7487,27.56,572.17,2762.29,5558.12,31631.38,18123.75,875.17,1835.96,1903.92,20.8,16.6,18.7,16.2,17.1,18.3,17.2,12.7,16.8,14.2,10.0,14.8,14.1,12.9,14.0,10.0,11.0,13.9,26.1,25.0,26.0,19.0,22.2,25.0,25.0,15.0,20.0,19.2,7.1,18.2,6.3,10.6,12.2,10.5,6.7,10.2,1015.7,1014.4,1016.0,1015.2,1017.6,1017.1,1016.6,1015.3,1014.8,86.889508
2024-04-10,86.889508,90.4893,128.0,86.2183,2.781,27.455,607.58,2812.21,5550.33,32575.33,19006.67,861.96,1873.42,1863.17,18.1,13.8,14.3,11.3,16.0,16.8,15.0,11.2,16.7,13.4,12.0,11.0,9.8,13.8,13.3,9.8,7.4,15.6,21.2,17.0,18.4,14.0,17.5,19.0,17.0,15.0,19.0,12.4,11.8,23.6,9.3,21.8,24.2,15.4,6.7,16.1,1015.8,1016.8,1022.1,1018.0,1018.6,1021.1,1017.7,1018.9,1016.3,78.918375
2024-04-11,78.918375,89.74,132.0,84.9819,2.7523,29.525,600.17,2802.12,5576.04,32242.71,18729.04,880.96,1875.5,1778.88,17.3,15.6,13.9,15.5,14.3,15.2,13.6,15.5,17.4,14.9,11.0,7.8,10.7,10.8,12.0,7.0,9.2,13.0,20.3,21.0,19.9,22.0,17.7,18.0,22.0,23.0,22.0,24.1,11.9,11.8,5.7,14.3,15.6,7.2,7.6,11.8,1022.5,1027.1,1023.0,1027.6,1023.6,1023.0,1024.0,1027.7,1026.2,75.13561
2024-04-12,75.13561,90.15,132.5,85.66,2.796,30.835,563.88,2736.96,5427.08,31412.62,18138.5,842.33,1853.5,1850.38,17.2,17.9,15.2,18.2,18.6,16.9,18.3,17.6,19.0,14.3,11.0,6.4,11.0,12.7,15.0,10.8,9.7,14.0,21.0,24.3,24.5,25.0,25.2,19.0,28.0,25.0,23.2,20.4,8.1,10.2,4.1,16.7,22.1,9.1,5.8,9.9,1025.6,1028.4,1026.5,1028.8,1025.0,1023.9,1025.4,1029.0,1027.8,68.611265
2024-04-13,68.611265,,,,,,560.21,2202.5,4899.58,26306.75,14320.46,846.83,1781.04,1696.12,17.8,19.9,17.9,19.6,19.2,17.1,19.5,18.3,20.2,13.5,13.0,8.9,13.0,13.6,13.0,12.7,11.1,13.8,22.2,27.0,26.8,27.0,26.5,23.0,28.0,27.0,25.6,14.5,8.6,11.3,3.9,12.5,11.5,9.2,5.3,7.8,1025.1,1026.5,1025.1,1026.9,1024.8,1023.6,1024.9,1027.0,1025.9,74.862098
2024-04-14,74.862098,90.54,,,2.811,,514.83,1953.42,4326.21,22878.88,11835.75,804.92,1694.5,1749.25,19.1,21.8,18.7,21.1,19.7,18.4,20.0,19.7,19.8,14.1,14.0,11.0,13.0,14.1,14.0,13.3,13.1,15.0,23.6,29.3,25.7,29.0,26.6,23.0,29.0,28.0,24.4,11.9,10.2,10.6,5.1,10.1,12.3,8.2,5.1,8.7,1023.3,1022.0,1023.7,1022.4,1023.6,1022.8,1023.4,1022.3,1021.8,92.879048
2024-04-15,92.879048,90.1,136.5,85.41,2.7839,31.535,590.88,2586.92,5019.29,29507.21,16361.25,865.88,1931.54,2151.46,22.9,22.7,20.1,19.4,19.2,21.4,17.4,17.6,19.5,15.5,17.0,13.1,15.0,16.9,16.4,11.0,13.4,14.0,29.3,28.0,27.4,23.0,24.1,28.0,23.0,23.0,23.0,18.2,11.9,9.2,8.4,9.9,12.5,7.7,4.7,12.6,1016.1,1012.3,1017.6,1012.8,1018.5,1016.9,1018.0,1012.1,1011.8,76.113722
2024-04-16,76.113722,90.02,136.4,85.36,2.8223,33.61,574.12,2740.21,5274.54,31666.46,18065.79,867.96,1919.42,2224.42,22.1,17.9,18.1,17.9,18.9,18.3,16.6,15.0,15.9,16.4,10.4,14.7,13.7,16.9,17.0,13.5,8.0,7.9,28.0,24.0,24.1,23.0,21.8,20.0,21.0,20.0,23.0,22.5,13.0,27.7,21.1,18.0,13.8,17.8,20.1,26.6,1005.9,1001.1,1010.6,1001.8,1008.2,1008.9,1006.6,1003.0,1000.8,104.509312
2024-04-17,104.509312,87.29,139.5,82.69,2.7287,31.94,610.33,2853.71,5284.83,31981.12,18303.62,868.62,1904.54,2155.46,15.6,12.0,15.9,12.6,15.9,16.6,13.5,10.7,10.2,12.6,7.0,14.0,7.0,13.4,16.0,9.7,3.6,6.0,17.3,18.0,19.3,19.0,18.7,17.3,18.0,17.0,15.0,26.0,8.7,33.7,11.6,20.6,34.1,10.7,15.3,9.7,1001.5,1005.3,1009.2,1005.5,1002.5,1007.3,1002.8,1006.0,1005.1,108.310107
2024-04-18,108.310107,87.11,141.0,82.73,2.7137,32.19,528.25,2728.46,5071.62,30922.12,17655.92,879.17,1825.0,2233.71,13.4,9.9,14.8,10.9,13.6,15.9,12.2,8.8,11.6,10.9,6.0,10.0,7.0,11.3,15.0,6.0,3.9,7.7,16.0,15.0,19.9,15.1,16.0,17.0,18.0,14.0,14.4,19.5,11.2,23.6,9.1,13.8,31.5,10.4,10.3,15.3,1007.2,1009.1,1011.6,1009.6,1007.1,1010.5,1006.6,1009.8,1009.5,90.674457
2024-04-19,90.674457,87.29,141.75,83.14,2.7103,30.75,601.96,2700.58,5263.96,30798.0,17187.21,852.08,1939.5,2252.71,11.6,11.6,14.4,11.7,12.6,14.7,12.6,9.9,10.6,8.2,5.3,8.4,4.0,9.6,12.0,6.3,0.3,4.8,14.5,18.0,20.7,19.0,16.0,16.0,19.0,19.0,14.2,21.9,8.4,22.5,6.6,20.3,33.5,16.1,8.4,11.7,1010.0,1014.2,1015.9,1014.3,1009.9,1012.4,1011.0,1013.9,1014.0,89.006787
2024-04-20,89.006787,,,,,,601.21,2267.17,5006.46,26309.83,14116.5,837.42,1864.0,1617.08,12.5,11.9,14.7,14.3,11.8,15.6,11.3,11.7,10.6,8.5,7.0,7.8,8.0,7.0,11.0,6.0,4.5,6.0,16.2,17.0,22.8,18.7,15.4,18.0,18.0,18.0,16.3,17.4,9.6,20.8,16.4,6.1,23.6,11.4,9.8,12.9,1009.7,1009.6,1013.2,1009.8,1009.9,1012.8,1009.3,1010.5,1009.6,79.670352
2024-04-21,79.670352,87.08,,83.1408,2.7071,,451.75,1949.25,4460.58,22695.5,11624.83,771.38,1694.42,1743.29,11.5,9.7,13.4,10.8,13.2,15.7,13.2,9.3,10.1,8.0,5.0,5.6,4.0,8.0,13.8,7.5,1.6,5.0,14.5,17.0,21.2,16.1,18.0,17.0,20.0,17.0,13.4,29.7,8.3,13.1,8.5,9.2,16.2,17.0,9.5,10.4,1009.9,1013.9,1013.4,1013.5,1010.6,1011.8,1010.7,1013.2,1013.8,111.010203
2024-04-22,111.010203,87.0,138.0,82.85,2.6854,29.15,569.92,2706.12,5387.75,30687.71,17336.92,895.29,1857.17,1934.54,13.2,7.9,13.2,6.3,13.9,15.0,13.3,5.4,8.4,7.5,6.0,7.0,5.0,8.0,12.0,9.6,3.9,6.0,18.1,9.2,20.4,9.0,18.0,18.0,18.0,7.1,11.1,20.0,15.0,17.4,6.4,8.9,9.5,15.8,7.3,26.7,1012.8,1011.3,1012.4,1013.6,1011.7,1011.2,1010.4,1013.7,1013.5,105.329967
2024-04-23,105.329967,88.4575,136.75,83.4676,2.7219,28.6434,638.17,2772.29,5539.75,31774.08,17987.88,917.0,1923.62,1995.38,14.4,6.8,13.2,7.3,13.4,14.6,11.7,6.9,8.6,9.7,5.0,8.3,5.0,9.0,12.0,9.0,3.4,5.0,18.2,9.5,18.6,11.6,17.0,16.0,16.0,12.0,12.0,14.6,11.5,20.0,6.0,12.6,19.6,13.5,7.9,26.9,1006.9,1008.7,1012.1,1009.4,1008.8,1010.8,1008.1,1009.4,1008.3,100.232342
2024-04-24,100.232342,87.898,135.5,82.7006,2.7308,29.1697,658.96,2884.54,5662.54,32558.75,18549.92,906.67,2007.25,1888.88,12.8,8.7,12.0,10.5,11.2,13.7,10.6,8.7,9.4,9.2,6.7,8.0,5.0,8.0,12.0,6.8,0.7,7.0,16.5,13.0,15.6,16.0,14.8,16.0,15.0,16.0,12.1,18.8,9.1,19.2,7.6,9.6,20.7,10.0,11.9,13.2,1008.1,1006.6,1011.7,1006.1,1008.4,1010.9,1007.7,1006.0,1005.9,98.192791
2024-04-25,98.192791,89.1095,135.75,83.7588,2.7675,29.902,568.46,2222.92,4753.17,24420.58,12681.62,836.42,1761.0,1597.0,12.6,10.5,14.4,10.6,10.8,15.0,11.1,9.4,9.7,8.5,7.9,10.0,5.8,5.0,12.5,6.1,1.3,6.9,16.0,14.4,19.0,15.0,14.7,16.0,16.0,15.0,13.0,16.3,8.5,16.3,9.3,5.3,24.2,9.9,7.8,14.2,1008.5,1008.4,1011.1,1008.0,1009.2,1011.4,1008.1,1007.4,1008.4,119.355
2024-04-26,119.355,89.2931,134.5,83.7202,2.7616,29.3836,541.12,2729.62,5243.42,29057.17,15680.5,912.21,1902.08,2048.21,14.5,11.2,14.4,11.2,13.1,16.0,13.7,8.7,10.8,9.5,3.8,6.5,8.8,10.0,10.0,9.5,7.1,6.5,18.4,17.0,21.7,16.0,17.1,21.0,19.0,10.0,15.0,16.1,10.0,11.5,9.9,7.9,11.9,12.7,6.7,12.0,1013.0,1011.1,1009.5,1011.5,1013.1,1011.9,1011.8,1011.4,1012.1,98.501435
2024-04-27,98.501435,,,,,29.3836,532.38,2264.79,4761.67,25814.75,13652.83,861.83,1836.12,1905.12,15.3,13.1,15.9,12.4,16.6,16.6,16.2,9.5,12.8,10.6,10.0,7.7,10.0,9.0,11.0,9.5,7.6,10.0,19.2,16.0,20.2,16.0,23.0,22.0,23.0,11.0,16.0,13.3,10.3,15.1,5.6,6.8,12.7,12.5,3.9,10.8,1016.6,1015.8,1012.0,1016.1,1015.7,1013.5,1015.2,1016.1,1016.5,85.448051
2024-04-28,85.448051,,,,2.7534,,516.04,1971.88,4418.08,22431.5,11531.62,820.29,1668.0,1505.58,15.5,15.2,19.2,14.3,19.6,17.5,17.1,9.9,14.6,8.7,11.0,14.4,11.8,12.5,13.9,9.2,8.0,10.0,20.5,21.0,23.2,18.0,26.0,22.0,26.0,12.0,18.0,11.0,8.8,18.0,9.2,7.3,11.8,9.0,4.5,9.7,1019.1,1018.9,1014.4,1019.8,1016.9,1014.4,1017.3,1020.1,1019.8,88.015725
2024-04-29,88.015725,88.3471,137.4,82.7195,2.7507,28.2514,568.25,2680.75,5326.92,30131.75,17096.33,869.88,1824.88,1764.75,16.4,16.7,18.9,16.0,21.0,19.1,18.7,13.9,17.5,10.0,11.0,11.4,8.6,14.5,14.2,11.4,7.0,10.0,21.3,22.4,23.3,22.5,26.0,25.0,26.0,20.0,24.0,9.0,8.0,19.2,3.2,7.9,15.4,9.3,5.5,5.9,1019.7,1020.9,1015.0,1021.5,1017.5,1015.0,1017.6,1021.7,1020.6,84.715816
2024-04-30,84.715816,85.9878,142.25,81.5377,2.6728,29.3876,639.33,2771.5,5614.58,31771.58,17962.25,951.33,1969.17,1863.42,17.5,17.9,18.2,18.6,21.3,18.1,19.6,16.6,19.6,11.3,11.0,17.0,11.0,15.0,16.0,12.5,12.5,12.9,21.5,25.0,20.5,24.2,26.0,20.0,28.0,27.0,25.0,13.2,10.6,24.1,5.6,7.3,8.1,11.1,6.5,6.4,1017.7,1017.3,1012.6,1017.9,1015.7,1013.6,1015.3,1018.1,1017.4,89.312727
2024-05-01,89.312727,83.44,147.0,79.0,2.5716,28.8587,502.79,1926.42,4493.62,22459.33,11524.75,856.96,1598.58,1556.21,20.1,15.5,17.6,16.6,18.4,18.0,16.1,12.6,18.5,17.2,12.0,15.0,15.2,16.0,16.0,14.0,11.8,16.0,24.7,19.0,22.0,18.9,22.0,21.0,20.0,14.0,22.0,24.0,7.7,14.9,6.9,12.6,20.0,11.3,7.0,18.7,1011.2,1008.3,1009.2,1009.4,1010.2,1011.0,1008.7,1009.9,1009.8,92.326325
2024-05-02,92.326325,83.67,147.75,78.95,2.6004,30.0443,529.5,2568.33,5457.29,29067.29,16065.79,833.0,1818.29,1795.08,18.0,15.6,16.4,13.7,15.8,17.1,14.9,11.0,15.9,13.2,12.3,13.2,10.9,13.8,13.0,10.0,9.2,13.7,23.2,19.0,19.8,16.1,18.0,20.3,19.0,12.6,18.0,15.8,12.2,18.1,10.9,14.1,16.8,17.3,6.4,16.0,1011.5,1006.3,1013.7,1005.6,1013.1,1015.2,1011.2,1004.9,1007.0,80.153855
2024-05-03,80.153855,82.82,145.6,77.99,2.5497,30.0686,534.88,2614.5,5588.83,29694.88,16431.67,885.75,1821.75,1817.5,15.8,14.8,16.3,14.3,14.6,16.5,12.8,13.5,13.9,11.7,7.0,9.4,9.0,11.0,15.0,10.0,7.8,10.7,20.5,20.6,22.2,21.0,18.0,17.2,15.0,20.0,17.0,26.0,9.1,17.0,7.0,15.9,25.3,12.0,6.8,8.4,1012.0,1010.7,1018.0,1011.0,1014.1,1017.9,1013.3,1011.0,1010.6,78.407018
2024-05-04,78.407018,,,,,30.0677,586.96,2383.67,5042.17,26975.46,14285.21,874.08,1821.75,1981.62,15.6,16.8,17.3,16.3,16.2,16.8,14.7,13.5,16.2,12.1,13.0,11.2,12.5,11.0,15.0,8.3,6.6,12.0,18.5,21.0,25.0,21.0,21.0,18.5,22.0,20.0,20.4,26.8,6.3,12.1,5.1,7.9,13.2,10.4,6.2,8.3,1014.1,1015.2,1018.6,1015.7,1015.7,1018.2,1015.9,1015.6,1014.7,66.894506
2024-05-05,66.894506,,,,2.5568,,522.5,2022.42,4420.67,23093.88,12063.04,825.71,1667.17,1572.38,17.0,18.5,16.9,17.8,16.3,16.5,16.2,15.5,17.3,12.8,13.0,9.0,14.0,11.7,12.4,10.6,10.1,13.0,20.4,24.0,22.3,23.0,19.6,19.1,23.0,21.0,21.6,14.8,9.3,12.3,8.6,7.9,13.2,7.4,5.1,10.8,1016.6,1014.7,1017.5,1015.2,1018.0,1018.0,1017.3,1014.9,1014.2,103.170689
2024-05-06,103.170689,83.33,146.1,78.48,2.5893,31.8352,592.08,2550.5,5465.58,29396.62,16524.25,907.88,1858.5,1497.83,18.8,17.2,18.9,16.8,17.1,18.6,16.7,13.0,17.2,12.3,13.0,14.2,14.6,12.0,14.0,10.3,11.6,14.0,24.6,20.8,22.3,19.0,21.0,24.0,24.0,15.0,20.1,17.6,5.9,14.1,7.4,6.5,12.3,8.6,6.7,9.2,1015.1,1013.2,1013.7,1013.5,1016.5,1015.3,1015.7,1013.0,1013.1,108.618878
2024-05-07,108.618878,83.16,146.6,78.38,2.5349,30.7064,614.58,2701.46,5552.62,30648.71,17151.12,914.25,1885.71,1828.96,20.9,15.0,18.9,14.9,17.5,19.6,16.6,12.0,15.6,15.6,13.0,14.9,13.7,13.0,16.4,12.4,10.8,14.8,27.5,17.4,24.4,17.0,22.0,23.6,21.0,13.4,17.0,17.5,6.0,16.2,6.4,7.0,10.9,12.6,6.2,7.9,1013.3,1012.8,1014.0,1013.1,1014.9,1014.2,1014.1,1013.3,1013.1,100.00654
2024-05-08,100.00654,83.58,146.1,78.99,2.5405,30.6914,596.92,2903.0,5545.67,32583.71,18987.0,890.33,1879.38,1781.42,18.4,16.3,16.2,16.6,17.0,16.7,15.8,15.4,16.8,15.4,13.0,10.7,12.0,13.0,14.0,10.9,9.0,14.0,20.6,21.0,23.9,21.8,21.0,21.0,23.0,23.0,20.0,12.6,8.0,16.1,7.0,9.4,8.5,9.0,5.9,8.0,1014.1,1016.3,1015.1,1017.0,1013.7,1013.3,1014.2,1017.0,1016.0,91.557916
2024-05-09,91.557916,83.88,143.95,79.26,2.5484,30.9559,591.62,2923.62,5590.83,32228.08,18656.04,892.5,1834.67,1738.79,18.7,18.0,17.8,19.5,19.7,16.3,18.8,16.6,18.8,14.9,13.8,13.1,15.0,16.2,14.0,13.5,9.0,15.0,21.7,23.0,23.3,24.0,25.0,19.0,27.0,24.0,22.1,22.9,7.0,11.9,6.6,14.3,12.3,13.4,6.5,12.1,1012.8,1018.6,1015.1,1019.3,1013.2,1012.1,1013.5,1019.5,1018.6,82.125823
2024-05-10,82.125823,82.73,144.0,78.2,2.4998,29.8585,545.08,2695.04,5435.38,31033.58,17716.42,892.71,1823.54,1925.42,18.9,17.7,19.4,19.7,21.4,18.0,19.1,17.3,19.8,15.3,11.0,13.4,15.0,17.0,15.1,13.0,10.1,15.0,21.6,24.0,26.4,24.0,26.0,20.0,25.0,25.0,23.0,24.7,6.7,10.8,6.8,12.1,8.3,10.9,6.1,11.1,1014.3,1019.1,1016.9,1019.6,1014.7,1015.1,1014.9,1019.5,1019.0,79.568377
2024-05-11,79.568377,,,,,29.8585,525.71,2141.79,4751.62,25617.12,13777.25,841.5,1784.71,1794.54,18.4,18.7,19.2,20.9,20.6,18.2,18.9,19.0,19.5,15.5,11.0,12.7,16.0,15.0,16.0,11.6,11.4,14.6,21.2,25.1,26.2,26.3,25.4,20.0,26.0,25.0,23.0,17.1,9.5,12.8,5.4,9.4,10.0,10.0,6.7,9.1,1016.1,1018.4,1017.2,1018.6,1016.2,1016.6,1016.5,1018.7,1018.3,70.980989
2024-05-12,70.980989,,,,2.5023,,522.96,1967.46,4416.0,23000.67,11979.54,817.12,1683.83,1613.75,18.6,20.6,19.1,21.2,19.6,18.7,18.5,19.0,20.0,14.2,15.0,12.0,16.1,16.0,14.5,11.9,12.2,15.9,22.5,27.0,24.0,26.0,22.4,23.0,25.0,25.0,23.3,12.9,11.2,12.5,5.7,7.7,12.4,8.6,6.8,7.8,1017.5,1016.3,1017.4,1016.8,1018.1,1017.5,1017.6,1016.8,1017.0,93.874405
2024-05-13,93.874405,83.36,142.05,79.12,2.5135,29.6691,545.12,2578.5,5414.21,29945.42,16927.46,862.46,1804.67,1813.0,18.9,19.2,18.8,19.6,19.9,19.6,18.5,16.8,19.3,13.1,14.0,12.0,16.0,15.0,15.0,13.3,14.2,17.0,23.6,24.4,24.7,23.0,25.0,24.0,25.0,21.0,21.0,11.8,8.9,12.7,7.6,7.6,13.0,7.2,4.9,11.1,1015.6,1014.5,1014.4,1015.1,1015.6,1014.3,1015.6,1015.3,1015.0,102.962445
2024-05-14,102.962445,82.38,140.65,78.02,2.4731,29.6559,575.33,2716.25,5589.17,31246.17,17785.54,886.83,1893.96,1799.08,19.8,18.4,20.4,18.8,20.3,20.0,19.3,14.8,18.1,15.9,13.8,14.2,16.3,15.0,17.0,12.9,12.2,14.9,23.8,23.1,25.3,23.0,24.1,23.1,27.0,17.0,21.0,16.8,9.7,16.8,9.6,7.0,12.3,7.8,4.8,11.6,1011.0,1010.5,1008.4,1010.8,1010.2,1008.8,1009.9,1011.0,1011.5,102.251237
2024-05-15,102.251237,82.75,141.5,78.63,2.506,29.4874,605.46,2721.62,5321.96,31743.71,18348.58,888.67,1881.71,1975.71,20.5,18.6,20.4,15.2,21.4,19.8,20.1,13.4,16.2,16.3,16.6,17.0,14.0,15.8,17.9,13.7,12.7,15.0,25.3,21.8,27.3,17.0,25.3,23.1,27.0,14.7,17.0,21.7,12.7,13.2,12.3,7.8,11.3,12.6,5.6,20.6,1010.4,1008.0,1006.4,1009.2,1008.5,1007.0,1007.5,1008.9,1010.4,98.811454
2024-05-16,98.811454,83.27,143.75,79.23,2.5428,30.5733,597.33,2703.58,5368.08,31626.25,18130.0,875.08,1888.75,2063.42,21.5,17.3,21.1,14.9,23.1,20.4,20.1,12.6,15.6,18.1,14.5,16.0,13.0,18.0,19.0,14.4,11.3,13.0,25.7,21.3,27.1,18.0,30.5,23.0,26.0,15.0,19.0,30.2,10.5,16.5,7.1,9.1,8.9,11.2,5.7,20.2,1008.2,1006.2,1007.7,1007.0,1006.7,1007.3,1006.6,1007.2,1007.0,94.178193
2024-05-17,94.178193,83.96,142.15,80.0,2.577,30.7659,590.38,2729.96,5368.5,31734.25,18297.83,864.5,1859.92,2023.17,21.3,18.3,19.4,16.6,21.4,20.8,19.8,13.7,16.9,17.1,11.0,12.7,11.7,16.7,17.0,14.4,5.6,12.0,24.1,25.0,24.6,22.0,26.0,26.0,25.0,21.0,21.0,15.8,6.2,11.5,5.6,9.1,8.5,9.9,5.9,8.9,1011.5,1009.2,1011.8,1009.4,1012.7,1011.9,1012.1,1009.2,1009.1,92.559339
2024-05-18,92.559339,,,,,30.7659,594.96,2207.46,4984.12,26703.83,14398.08,885.58,1834.92,1798.71,19.9,18.4,21.0,18.5,19.3,22.4,18.6,15.2,17.9,16.1,12.0,15.7,13.0,16.0,20.0,12.9,8.8,12.0,25.0,24.0,27.2,24.0,25.0,29.0,26.0,20.0,23.0,10.3,10.6,10.6,5.0,8.5,11.6,8.8,7.2,9.5,1013.0,1012.7,1010.6,1013.2,1012.9,1010.8,1012.6,1013.1,1012.9,88.209825
2024-05-19,88.209825,,,,2.5686,,532.79,1924.25,4441.83,23414.92,12234.54,836.33,1726.54,1718.62,20.0,19.3,21.3,19.2,20.6,22.0,19.7,16.4,18.7,16.3,14.0,18.0,14.0,15.9,20.0,15.1,8.4,14.0,24.2,25.1,25.0,24.0,25.2,26.3,25.0,23.0,23.0,10.9,7.9,14.6,6.5,7.0,12.5,7.3,5.2,9.4,1011.6,1011.2,1010.1,1012.0,1011.6,1010.6,1011.1,1012.1,1011.6,99.537563
2024-05-20,99.537563,83.71,142.2,79.3,2.5438,31.713,582.29,2553.92,5508.75,30292.83,17201.21,848.96,1817.88,1779.83,20.8,18.7,20.0,18.9,23.1,22.0,20.2,15.9,19.2,17.4,14.0,16.0,16.0,16.5,18.6,14.9,11.3,15.0,23.9,23.0,26.0,23.0,29.0,27.0,27.0,22.0,23.0,15.2,9.0,12.2,8.9,5.7,9.3,8.6,7.4,8.5,1010.1,1009.9,1008.6,1010.6,1008.7,1006.9,1008.7,1010.5,1010.6,94.160623
2024-05-21,94.160623,82.88,142.8,78.66,2.5072,32.9033,582.88,2756.33,5501.21,32041.42,18392.29,888.25,1885.54,2034.92,23.4,19.5,20.8,18.6,21.1,20.4,19.4,17.3,18.8,18.9,16.7,15.7,15.0,18.5,18.6,16.5,13.1,17.6,28.9,25.0,26.2,24.0,23.3,22.0,23.0,23.0,20.0,20.4,11.0,17.6,10.3,14.9,20.4,12.7,7.4,14.8,1007.9,1005.9,1013.0,1006.5,1010.2,1013.2,1009.4,1006.7,1006.0,94.40115
2024-05-22,94.40115,81.9,142.95,77.57,2.4658,34.6779,613.88,2780.5,5296.54,31675.0,18193.88,926.33,1838.46,2025.42,20.7,17.8,20.5,18.5,20.2,19.8,19.1,15.6,17.3,17.9,12.8,15.5,14.8,17.0,17.0,15.0,9.5,15.0,24.5,23.0,27.0,24.0,23.4,21.4,23.0,23.0,21.0,21.2,7.0,11.8,8.6,11.6,11.1,12.6,6.9,10.7,1013.5,1010.8,1016.4,1010.9,1015.6,1016.8,1014.8,1010.8,1010.5,102.378263
2024-05-23,102.378263,81.36,144.9,76.87,2.4728,35.3574,623.5,2821.5,5502.96,32002.21,18195.5,928.71,1874.25,2055.79,20.4,17.5,20.3,16.0,20.1,20.0,18.7,14.3,17.6,17.2,12.0,13.8,13.3,16.0,16.0,12.6,10.8,14.0,23.4,24.0,27.2,19.0,23.6,23.0,24.0,17.0,22.0,16.7,8.0,11.7,6.2,8.5,14.3,10.2,5.5,8.3,1016.6,1015.6,1017.5,1016.2,1018.1,1017.6,1017.7,1015.8,1015.5,108.381447
2024-05-24,108.381447,82.16,143.3,77.8,2.4909,33.9616,624.62,2762.67,5623.04,31796.17,17976.46,917.08,1909.67,1982.62,19.9,17.9,20.1,16.2,20.4,21.8,18.8,13.8,18.3,15.2,12.0,15.0,12.0,14.0,17.0,12.1,8.5,14.0,23.4,23.0,24.0,21.0,24.7,27.0,26.0,19.0,21.2,12.3,8.4,9.6,6.0,7.6,13.1,8.4,6.5,9.9,1018.1,1017.6,1017.8,1018.2,1018.7,1016.9,1018.6,1017.9,1017.8,102.476352
2024-05-25,102.476352,,,,,33.9616,568.62,2159.17,5008.46,26292.75,14093.0,858.54,1823.75,1781.21,19.2,17.7,20.1,16.9,19.6,21.3,19.0,15.3,18.7,14.9,14.9,17.0,13.0,17.0,19.8,13.6,9.4,15.0,23.9,21.7,25.3,21.0,24.0,25.0,24.0,21.0,22.4,12.7,8.6,11.7,7.5,10.6,16.5,10.3,5.4,11.1,1016.0,1016.8,1016.7,1017.5,1016.3,1015.9,1016.3,1017.4,1016.6,71.95076
2024-05-26,71.95076,,,,2.4901,,493.0,1887.42,4428.25,23419.96,12412.5,824.04,1603.21,1771.54,18.7,19.2,20.6,19.6,20.7,20.0,20.3,18.0,19.7,16.4,13.0,14.2,12.0,15.0,17.6,12.6,10.3,13.0,21.9,25.2,26.6,27.0,26.0,22.0,28.0,25.0,24.5,17.7,8.4,12.5,4.8,8.3,9.0,10.7,5.4,8.2,1016.3,1017.4,1018.4,1017.7,1016.9,1018.2,1016.8,1017.6,1016.9,109.279309
2024-05-27,109.279309,82.8517,143.3,78.5875,2.5077,34.9161,546.75,2585.08,5288.12,30383.08,17311.96,881.54,1752.58,2017.04,19.0,20.3,20.6,20.3,20.0,20.1,20.9,17.1,20.8,15.6,14.0,14.3,17.0,16.0,16.0,13.7,14.3,16.0,21.9,26.0,25.0,25.0,24.3,22.2,27.0,22.0,24.4,12.6,9.5,11.6,6.2,7.4,12.2,9.6,6.1,9.1,1017.6,1017.5,1017.8,1018.2,1017.7,1018.2,1017.1,1018.4,1017.5,117.899806
2024-05-28,117.899806,84.63,142.0,80.28,2.5225,33.523,557.38,2738.46,5493.58,32057.12,18602.0,861.42,1789.67,2014.62,19.7,19.8,22.2,20.6,21.4,21.0,20.6,18.4,20.1,15.3,17.5,15.6,17.0,17.7,17.0,14.8,11.2,17.0,23.7,23.3,29.2,25.0,26.0,23.0,26.0,25.0,23.0,9.7,7.8,14.5,5.2,8.0,12.3,8.1,6.1,9.9,1014.6,1014.6,1015.3,1015.0,1015.6,1015.6,1014.9,1015.2,1014.5,114.502805
2024-05-29,114.502805,83.54,142.1,79.28,2.459,33.8371,557.71,2676.75,5558.67,32367.25,18908.96,822.46,1742.83,2099.88,19.4,20.6,21.1,21.7,20.4,21.2,20.9,18.3,20.0,15.9,15.0,15.7,18.0,16.0,18.0,15.0,13.8,15.0,23.0,25.6,29.2,26.0,26.5,23.0,27.0,23.0,23.0,9.6,6.7,14.4,6.9,6.5,11.8,8.8,7.2,10.4,1013.3,1013.6,1014.5,1014.1,1013.6,1013.1,1013.1,1014.3,1013.8,113.633824
2024-05-30,113.633824,81.86,143.2,77.91,2.3932,34.8329,552.38,2773.88,5583.71,32630.5,18952.83,856.25,1761.04,2150.42,21.2,20.3,23.4,19.6,20.5,21.5,20.5,18.3,19.3,14.3,16.0,16.4,17.8,17.0,19.6,14.9,14.8,17.4,26.1,24.6,31.0,22.0,23.1,23.0,26.0,23.0,22.0,15.8,7.8,17.7,9.5,9.3,13.0,10.2,6.9,12.5,1009.5,1006.4,1011.4,1006.8,1010.8,1011.0,1009.6,1006.4,1007.2,96.810395
2024-05-31,96.810395,81.31,143.9,77.18,2.4197,34.6371,571.29,2707.5,5412.0,31594.46,18108.12,837.71,1795.58,2162.25,23.0,17.0,21.1,16.8,21.5,24.2,20.3,17.7,18.0,18.8,13.7,18.0,15.0,19.8,18.9,16.7,12.4,15.4,28.6,20.0,26.3,19.0,23.0,29.0,24.0,23.0,21.0,21.5,11.2,21.8,9.7,16.1,14.2,19.0,13.7,18.3,1008.6,1003.6,1010.9,1004.2,1009.7,1010.4,1008.2,1004.4,1002.7,84.311167
2024-06-01,84.311167,,,,,,554.33,2128.67,4820.21,25780.17,13738.21,824.29,1766.79,1947.67,23.2,19.5,20.8,20.0,20.7,24.2,20.3,17.3,17.4,19.6,11.7,15.6,12.8,18.0,20.0,14.0,9.3,12.6,27.7,26.1,27.9,26.0,23.0,28.0,26.0,24.0,21.0,15.6,8.4,17.5,9.0,8.4,14.6,11.9,7.4,9.4,1013.9,1010.8,1014.2,1010.9,1014.7,1013.6,1013.8,1011.2,1011.1,81.740212
2024-06-02,81.740212,,,,2.4116,,496.0,1915.88,4796.79,22252.42,11292.79,774.0,1585.67,1391.29,23.3,18.7,20.5,19.3,20.5,22.7,17.1,17.2,19.9,19.2,13.8,16.7,15.0,16.3,19.0,13.8,11.2,15.5,28.4,24.2,27.5,25.0,25.0,27.2,23.0,23.0,23.0,19.8,8.4,15.3,8.0,9.1,16.7,8.0,7.7,12.5,1014.8,1014.4,1015.2,1015.2,1014.9,1013.6,1015.5,1014.9,1014.3,111.875766
2024-06-03,111.875766,78.36,144.45,74.22,2.3279,36.1496,563.17,2638.96,5567.75,30201.54,17055.42,827.0,1747.38,1801.88,21.6,18.8,21.2,18.9,20.9,21.7,19.6,18.1,19.1,18.4,14.0,14.9,15.0,17.0,21.0,13.5,11.4,16.0,25.4,24.1,28.3,24.2,24.3,23.0,26.0,24.0,22.0,13.8,8.8,14.4,5.1,8.1,12.5,9.6,6.2,9.0,1013.5,1013.5,1015.7,1013.9,1014.5,1014.9,1014.5,1013.6,1013.1,117.194437
2024-06-04,117.194437,77.52,139.8,73.25,2.3329,34.1088,602.71,2778.54,5796.79,32458.04,18793.0,816.33,1821.46,1849.21,20.6,20.8,20.3,20.4,20.5,22.3,20.1,17.3,20.4,17.1,16.0,14.0,16.0,14.0,20.0,13.1,13.8,16.0,23.9,26.3,26.3,25.0,25.0,26.0,27.0,22.0,23.5,13.6,9.4,13.0,6.3,7.5,17.8,8.8,5.4,9.9,1014.8,1013.3,1015.1,1013.9,1015.2,1013.8,1015.0,1013.9,1013.5,111.300868
2024-06-05,111.300868,78.41,137.0,74.07,2.3632,33.3846,612.29,2815.67,5520.46,32210.29,18527.0,825.5,1832.29,2077.08,21.4,22.3,22.5,21.8,22.2,22.3,21.6,19.7,21.0,17.4,16.0,16.3,16.9,17.0,20.0,15.1,12.2,16.0,25.3,28.2,30.1,27.2,27.0,25.0,28.0,26.0,24.0,8.9,8.9,13.2,6.0,8.6,22.7,8.6,5.7,9.7,1015.3,1014.7,1017.0,1015.4,1015.8,1015.4,1015.8,1015.2,1014.9,106.132692
2024-06-06,106.132692,79.87,135.9,75.55,2.4018,33.1426,648.0,2754.92,5625.25,31715.25,18140.5,855.12,1838.5,1852.96,21.8,23.4,21.7,23.0,23.4,21.8,23.9,20.9,22.4,17.0,16.0,15.9,18.5,18.0,19.9,16.0,14.1,18.2,25.8,29.0,27.0,27.8,29.2,23.3,31.0,26.0,25.0,14.9,9.2,11.4,8.2,7.8,17.9,10.9,4.6,10.8,1017.0,1016.8,1019.1,1017.5,1017.7,1018.1,1017.4,1017.3,1016.7,105.238717
2024-06-07,105.238717,79.49,133.0,75.38,2.3805,33.2114,632.83,2754.67,5796.38,32109.17,18269.83,922.92,1849.88,1882.67,23.5,25.0,22.3,23.4,23.3,22.2,24.6,21.7,23.7,17.9,19.8,16.0,19.7,18.0,17.8,17.0,15.9,19.8,28.4,30.3,27.2,28.0,26.3,26.0,31.0,28.0,27.0,12.5,9.8,11.1,7.8,8.1,16.6,9.1,5.2,10.0,1016.6,1015.9,1018.5,1016.8,1018.0,1017.5,1017.3,1016.7,1015.8,110.113562
2024-06-08,110.113562,,,,,,594.21,2280.58,5150.71,27646.46,14931.21,881.25,1848.12,1960.38,24.5,25.6,23.8,23.8,23.8,23.2,25.4,21.5,24.4,18.4,20.9,17.7,20.2,19.7,18.6,18.3,16.3,22.0,28.8,30.0,27.9,27.0,27.0,28.0,34.0,26.0,27.0,9.8,10.0,16.7,5.7,6.7,11.7,7.8,4.3,9.3,1013.9,1012.9,1013.8,1013.8,1015.2,1014.2,1014.3,1013.7,1012.9,92.27449
2024-06-09,92.27449,,,,2.3839,,583.42,2083.88,4786.08,25284.92,13186.92,840.96,1825.83,1977.83,28.3,24.0,25.9,23.1,25.2,24.4,24.5,20.2,24.0,21.8,21.0,22.0,19.6,21.0,21.0,19.5,16.7,21.0,34.2,27.0,31.1,27.0,30.0,30.0,32.0,25.0,27.0,20.1,7.0,16.7,5.9,8.2,11.4,14.2,5.3,10.8,1009.4,1007.4,1007.6,1008.0,1010.9,1009.9,1009.2,1008.3,1007.5,91.052119
2024-06-10,91.052119,81.63,133.7,77.74,2.4211,34.4176,669.62,2713.29,5780.71,32403.33,18167.79,909.71,1977.83,2184.38,27.8,24.0,24.6,22.6,24.0,23.3,23.2,20.5,22.0,22.5,19.0,20.0,18.0,22.0,22.0,20.1,14.9,18.3,34.9,29.3,30.3,28.0,26.0,25.0,26.0,27.0,25.2,14.9,10.6,18.5,9.6,11.8,11.0,15.8,6.6,12.2,1006.9,1003.8,1010.3,1004.4,1009.2,1010.6,1008.3,1004.9,1003.2,103.761666
2024-06-11,103.761666,81.92,133.35,77.9,2.4237,34.1374,690.62,2862.33,5704.33,33973.5,19518.42,978.04,1921.79,2297.96,24.9,22.9,24.0,21.3,22.9,25.0,23.1,19.4,19.3,20.4,18.0,20.0,16.0,20.0,20.0,18.3,13.2,17.7,28.6,28.0,31.0,24.6,27.0,34.4,28.0,25.0,21.6,15.1,8.7,16.8,11.5,7.2,20.3,11.5,8.8,17.8,1010.1,1007.8,1011.6,1008.1,1012.2,1009.9,1011.3,1007.8,1008.3,109.592807
2024-06-12,109.592807,82.6,135.45,78.5,2.3924,34.9569,662.58,2858.25,5744.79,33699.79,19140.04,981.04,1968.17,2344.92,25.0,20.5,23.7,18.5,24.2,24.0,22.7,17.8,18.8,21.1,15.9,18.8,15.0,20.0,22.0,17.0,13.5,16.7,29.1,25.8,29.8,24.0,30.0,26.0,28.0,23.0,22.2,11.3,9.8,20.9,8.3,10.6,25.2,10.4,6.9,19.2,1011.3,1010.9,1013.9,1011.7,1012.7,1012.0,1012.9,1011.9,1011.2,103.859666
2024-06-13,103.859666,82.75,136.4,78.62,2.4098,35.802,669.33,2769.62,5523.33,33412.88,18961.46,928.33,2009.96,2550.83,24.1,19.0,21.8,18.8,22.3,23.4,21.4,17.3,17.8,19.8,15.0,17.0,14.9,17.0,21.9,16.8,11.8,13.9,29.4,23.1,28.3,24.0,27.0,25.8,26.0,21.8,21.6,13.8,7.2,22.3,6.1,10.9,17.4,12.1,6.6,15.3,1013.1,1014.7,1018.1,1015.1,1015.8,1016.0,1015.0,1014.8,1014.7,106.544117
2024-06-14,106.544117,82.62,135.15,78.45,2.4035,35.4625,660.54,2785.17,5695.62,32958.58,18699.54,915.5,1942.67,2259.54,21.4,21.1,20.3,20.0,21.3,22.6,21.4,18.0,19.1,17.9,15.0,13.0,16.0,15.0,20.0,14.6,14.1,14.0,24.7,26.0,26.9,24.0,26.0,24.0,29.0,22.0,22.2,23.2,7.3,13.4,7.9,8.5,17.9,10.7,7.5,9.2,1016.6,1016.1,1019.1,1016.6,1017.9,1018.3,1017.5,1016.1,1016.4,98.753459
2024-06-15,98.753459,,,,,,639.5,2328.0,5001.42,27646.46,14654.75,900.29,1857.33,2265.17,22.7,23.9,22.4,20.9,21.8,22.4,21.9,18.4,20.9,17.1,17.7,19.4,18.8,16.0,17.0,15.2,15.8,16.0,26.9,29.0,26.1,23.0,26.0,26.0,29.0,23.0,24.0,14.1,9.3,17.0,8.3,6.7,11.7,8.0,6.6,10.6,1013.9,1011.4,1013.1,1011.8,1015.2,1014.3,1014.5,1011.3,1011.9,79.425905
2024-06-16,79.425905,,,,2.3976,,615.42,2047.12,4543.54,24593.88,12556.42,868.58,1795.62,2167.17,25.7,24.0,23.1,21.7,23.0,24.8,22.5,19.9,22.0,19.9,18.0,20.0,17.0,18.0,22.8,16.6,13.7,18.0,29.8,29.0,27.1,27.0,27.0,28.0,29.0,26.0,26.0,17.8,8.9,10.2,4.9,7.8,14.9,11.9,6.4,11.6,1011.0,1010.6,1013.2,1011.3,1013.5,1013.5,1012.8,1011.2,1010.3,115.111331
2024-06-17,115.111331,84.25,135.5,80.33,2.4524,34.2513,,,,,,,,,24.9,24.2,23.4,23.5,25.3,24.1,23.6,20.6,22.5,21.2,17.0,18.0,17.2,22.0,20.8,16.2,13.8,17.6,26.7,30.5,27.3,28.8,29.0,27.0,31.0,27.0,26.0,18.6,10.0,14.6,5.6,6.6,16.5,9.3,6.0,10.6,1014.9,1014.9,1015.2,1015.6,1016.2,1015.5,1016.1,1015.5,1015.1,109.27625
2024-06-18,109.27625,85.33,134.9,81.55,2.493,34.6676,,,,,,,,,25.1,26.0,26.4,24.9,26.3,24.9,26.1,22.2,23.8,19.3,19.0,23.0,18.0,21.0,21.0,17.8,14.5,19.0,29.6,32.3,30.0,30.0,31.0,30.0,35.0,27.0,27.0,10.5,10.1,17.7,4.3,6.2,10.5,9.0,6.6,8.3,1017.6,1016.7,1014.5,1017.6,1017.7,1016.5,1017.0,1017.8,1017.2,111.185145
2024-06-19,111.185145,85.0747,136.0,81.0378,2.5029,35.3319,,,,,,,,,27.1,26.0,26.3,26.3,27.7,26.2,27.2,23.4,24.8,19.3,20.0,23.7,21.0,22.0,23.0,19.9,15.9,20.0,32.7,32.0,31.0,31.0,32.5,29.0,34.0,29.0,28.0,10.6,7.4,13.1,5.6,6.3,8.6,8.6,6.3,8.0,1016.4,1015.9,1014.1,1016.8,1018.0,1016.6,1017.0,1017.0,1016.0,116.381708
2024-06-20,116.381708,85.64,134.75,81.24,2.4968,34.4415,,,,,,,,,27.9,26.3,26.7,25.7,28.8,25.8,29.3,21.6,25.8,23.2,22.5,24.5,22.0,23.0,22.9,20.5,19.4,22.0,32.4,30.0,30.2,29.0,37.0,30.0,39.0,25.0,28.0,19.4,7.1,16.6,7.6,6.2,7.5,6.4,5.2,7.5,1017.0,1018.2,1015.5,1019.1,1017.0,1016.5,1017.1,1019.9,1017.6,115.72592
2024-06-21,115.72592,85.07,132.5,80.59,2.5103,33.961,,,,,,,,,28.3,26.6,26.3,23.8,29.2,25.2,29.3,19.9,26.0,23.8,23.0,21.7,21.0,25.0,23.7,23.4,15.7,23.0,31.9,30.4,33.3,28.0,33.0,27.0,36.0,24.0,28.3,13.2,9.3,20.9,8.2,6.5,8.8,9.6,6.4,8.4,1014.5,1014.5,1016.1,1015.2,1014.7,1015.5,1014.6,1016.2,1014.2,98.633447
2024-06-22,98.633447,,,,,33.961,,,,,,,,,27.1,24.7,24.4,23.0,25.6,25.0,25.7,20.3,25.2,22.7,18.0,18.8,17.0,22.2,23.0,20.6,12.3,20.0,33.6,31.0,30.7,29.0,28.0,26.5,32.0,27.0,29.0,13.7,11.4,24.8,9.4,9.8,14.2,12.8,7.2,12.2,1010.0,1010.1,1016.6,1010.8,1013.0,1014.7,1012.0,1011.3,1008.7,102.298052
2024-06-23,102.298052,,,,2.4983,,,,,,,,,,26.2,20.0,22.9,18.6,23.3,25.1,22.6,16.2,24.6,21.5,17.9,19.6,17.0,21.0,22.9,19.2,13.1,21.0,30.0,22.0,29.7,22.0,26.1,27.5,26.0,18.0,27.0,19.0,7.0,18.7,9.0,8.8,17.1,11.4,7.1,12.7,1008.7,1010.8,1013.2,1012.0,1011.4,1011.5,1010.6,1012.8,1010.0,107.032673
2024-06-24,107.032673,86.01,131.9,81.63,2.5144,34.5942,,,,,,,,,25.4,19.4,22.5,19.6,23.3,23.3,21.8,17.8,24.4,21.6,17.8,18.0,17.0,19.1,22.7,17.6,14.2,22.0,28.5,22.0,29.0,23.0,27.0,24.0,28.0,20.7,28.1,16.8,12.9,13.7,7.2,8.6,14.5,10.9,7.3,19.1,1009.9,1012.6,1011.1,1014.2,1011.3,1011.3,1010.5,1014.8,1011.9,114.013933
2024-06-25,114.013933,85.01,133.5,80.83,2.5024,34.5239,,,,,,,,,25.3,19.9,22.9,20.2,21.7,24.2,22.3,19.8,24.5,21.7,17.0,16.9,18.0,19.0,21.0,16.2,15.8,21.7,28.6,23.0,29.1,23.3,26.0,28.0,28.0,25.0,27.0,12.7,12.6,12.2,6.2,6.6,16.8,10.6,7.2,18.1,1011.8,1012.5,1011.6,1013.6,1012.7,1011.1,1011.8,1013.2,1012.0,111.28869
2024-06-26,111.28869,85.25,133.0,80.9,2.5363,33.9979,,,,,,,,,24.7,21.0,22.7,22.0,23.4,24.5,23.2,20.7,21.4,21.1,17.0,17.7,17.0,19.0,23.0,16.8,14.6,17.0,27.8,27.0,28.0,28.0,29.0,26.0,30.0,25.5,26.0,16.6,8.4,14.4,4.4,9.1,13.8,10.6,5.6,10.6,1010.6,1011.6,1012.5,1012.3,1010.9,1011.7,1011.1,1012.1,1011.2,103.920444
2024-06-27,103.920444,85.26,132.6,81.74,2.5463,34.2734,,,,,,,,,24.4,24.8,24.0,24.8,23.6,24.4,24.1,23.0,23.2,20.4,18.0,19.9,18.0,19.4,21.8,17.8,14.5,18.8,27.7,31.3,27.4,31.0,27.0,27.0,32.0,31.0,27.0,16.4,11.3,14.0,6.0,8.6,19.5,10.6,5.5,8.7,1011.9,1010.9,1013.5,1011.3,1013.5,1013.4,1012.7,1011.6,1010.5,109.517932
2024-06-28,109.517932,85.0,133.2,81.54,2.5107,34.5075,,,,,,,,,25.6,27.6,25.3,26.9,25.7,25.3,26.2,24.9,25.3,21.9,21.8,18.4,21.0,20.0,21.9,18.6,17.3,21.7,28.7,33.0,29.2,33.0,31.5,29.0,34.0,32.0,27.2,19.1,10.5,15.6,6.4,7.0,17.9,10.2,5.2,9.8,1014.5,1014.6,1015.1,1015.3,1015.8,1014.6,1015.4,1015.5,1014.8,93.412644
2024-06-29,93.412644,,,,,34.5075,,,,,,,,,26.9,27.5,26.4,27.5,28.5,26.2,27.4,23.8,26.6,24.0,22.0,24.0,24.0,22.7,22.8,20.2,19.8,23.0,30.1,33.0,31.2,31.0,35.0,32.0,36.0,27.0,30.0,18.3,11.7,16.1,8.6,6.9,11.8,9.8,7.0,7.4,1015.8,1015.5,1015.0,1016.2,1016.1,1015.2,1015.7,1016.3,1016.2,74.122305
2024-06-30,74.122305,,,,2.5221,,,,,,,,,,29.6,27.7,26.3,26.2,26.8,26.4,26.8,23.1,27.6,21.9,24.0,22.0,22.0,24.0,23.5,21.2,17.4,23.0,36.4,32.3,34.2,30.1,30.0,33.2,33.0,29.0,31.2,18.9,9.5,14.3,9.9,10.1,11.9,12.1,5.6,13.1,1012.0,1010.5,1013.8,1011.1,1014.4,1014.6,1013.3,1011.3,1010.0,113.223105
2024-07-01,113.223105,86.6,132.1,83.38,2.5721,33.4311,,,,,,,,,28.7,25.3,26.5,24.8,26.3,26.6,25.6,21.7,24.0,24.2,19.9,23.7,21.0,23.0,23.0,19.8,17.8,18.0,32.9,31.0,31.2,29.4,29.7,32.0,32.0,28.0,29.6,17.9,10.0,15.9,10.4,7.5,11.8,8.5,7.1,15.4,1009.9,1009.9,1011.3,1010.5,1012.3,1011.2,1011.8,1010.9,1009.6,104.092073
2024-07-02,104.092073,86.24,132.25,82.81,2.5743,33.5332,,,,,,,,,24.7,23.2,24.1,24.4,26.6,25.0,26.0,22.2,22.6,22.7,17.0,21.0,18.0,22.2,24.0,19.6,14.4,17.0,26.4,29.0,28.6,29.0,30.0,26.0,32.0,29.0,27.0,20.0,10.0,30.2,6.6,10.0,20.0,13.2,7.9,7.5,1005.9,1008.8,1011.6,1009.2,1006.7,1009.3,1006.6,1009.5,1008.7,107.781239
2024-07-03,107.781239,86.63,135.0,83.2,2.5876,32.7733,,,,,,,,,23.9,20.7,23.6,19.9,24.4,24.3,22.9,19.0,20.5,21.3,18.0,19.8,17.5,21.0,23.0,19.3,15.5,17.0,26.2,22.8,27.5,22.0,28.3,25.2,28.0,24.0,24.1,21.4,11.7,31.3,11.7,10.4,22.8,10.0,6.8,11.4,1005.5,1007.6,1010.2,1008.6,1006.6,1008.2,1006.0,1008.6,1008.5,108.640977
2024-07-04,108.640977,87.4263,136.5,84.0178,2.5869,33.4711,,,,,,,,,23.4,22.1,23.9,21.9,24.0,24.4,24.1,20.4,21.4,19.6,17.0,19.0,17.0,19.7,23.5,18.0,12.4,17.0,26.3,27.0,29.8,27.4,27.0,25.2,31.0,27.0,25.0,20.6,6.0,23.7,5.0,7.4,16.5,10.7,6.6,7.4,1008.0,1010.2,1011.6,1010.6,1008.9,1010.0,1008.3,1010.5,1010.1,102.888595
2024-07-05,102.888595,86.97,135.75,83.44,2.5745,33.0174,,,,,,,,,24.4,24.4,23.1,24.0,24.9,24.9,24.9,21.7,23.2,20.3,18.0,17.7,18.4,20.0,22.0,18.7,14.1,18.0,27.6,30.0,28.0,29.0,28.3,28.0,31.0,27.0,26.2,17.7,11.3,14.8,5.2,7.1,16.0,9.0,5.3,8.4,1014.4,1014.0,1015.0,1014.4,1015.2,1014.8,1014.4,1014.4,1014.4,99.245328
2024-07-06,99.245328,,,,,33.0174,,,,,,,,,25.8,25.8,25.1,25.4,25.4,26.2,24.9,21.6,24.5,18.3,18.0,19.9,22.0,20.0,22.6,17.9,18.9,20.0,30.3,32.0,28.5,29.0,30.0,30.0,31.0,25.0,27.3,16.3,9.0,16.6,7.1,6.9,13.2,10.2,7.4,10.1,1013.1,1011.4,1010.6,1011.9,1014.4,1013.2,1013.5,1011.9,1012.0,102.606144
2024-07-07,102.606144,,,,2.5594,,,,,,,,,,28.3,26.1,26.7,24.8,26.8,26.4,26.0,20.9,24.8,22.4,19.0,21.9,22.0,22.0,23.7,19.8,17.5,21.9,31.9,31.0,34.0,29.0,31.9,31.0,33.0,26.0,27.3,15.8,7.9,12.9,6.8,7.2,11.7,14.5,8.2,11.5,1012.1,1010.8,1010.2,1011.3,1013.3,1012.7,1012.2,1011.6,1011.4,107.3485
2024-07-08,107.3485,85.64,135.05,82.22,2.535,32.1474,,,,,,,,,27.5,26.9,25.3,25.2,26.5,26.0,26.9,22.7,26.0,23.8,20.8,21.0,21.0,22.0,23.5,20.9,17.9,21.0,30.8,32.0,30.0,30.0,30.0,28.0,33.0,28.0,30.0,13.4,7.5,12.8,6.6,7.2,15.7,9.5,5.2,8.4,1013.2,1014.0,1014.3,1015.3,1014.7,1014.2,1014.3,1015.8,1014.1,114.653302
2024-07-09,114.653302,84.66,135.25,81.41,2.527,31.0924,,,,,,,,,27.6,28.0,26.2,27.2,28.7,26.9,28.8,24.2,28.2,23.4,22.0,21.3,20.0,23.9,24.2,21.5,17.1,21.9,32.3,33.4,31.2,33.0,35.0,30.0,36.0,30.0,33.0,18.2,7.8,12.4,4.3,7.6,17.0,9.7,4.7,7.4,1013.9,1015.5,1014.8,1016.6,1014.6,1013.7,1014.2,1016.9,1014.8,115.75488
2024-07-10,115.75488,85.08,133.75,82.1,2.5108,30.6661,,,,,,,,,28.0,29.4,26.9,28.5,29.5,26.6,29.5,25.4,29.9,24.1,23.0,21.5,22.0,24.7,23.0,21.5,19.3,25.7,31.9,35.0,32.3,34.0,34.0,30.0,37.0,32.0,33.5,14.9,9.5,13.0,4.4,6.7,14.6,10.3,4.2,9.1,1013.9,1014.6,1015.8,1015.7,1014.8,1014.6,1014.2,1016.1,1013.6,118.589247
2024-07-11,118.589247,85.4,133.75,82.62,2.5268,31.0753,,,,,,,,,28.8,30.0,27.9,29.4,28.6,27.0,30.5,25.9,29.4,23.0,24.0,21.0,24.0,25.0,24.0,23.3,18.6,24.0,33.1,35.0,34.9,34.0,32.0,30.0,38.0,32.0,33.4,10.2,11.0,12.6,6.3,7.7,14.7,9.9,6.2,8.8,1013.8,1013.6,1015.6,1014.3,1015.1,1015.2,1014.1,1014.6,1013.0,112.91136
2024-07-12,112.91136,85.03,133.85,82.21,2.5105,31.5696,,,,,,,,,29.7,28.9,27.1,25.7,28.3,27.2,29.1,22.9,27.9,24.2,23.0,20.4,21.6,25.0,23.0,22.3,19.5,24.8,34.1,34.0,32.0,29.0,32.0,31.0,35.0,26.0,32.0,10.1,9.3,11.4,7.9,7.6,10.8,9.6,7.1,11.7,1011.3,1010.3,1012.4,1011.5,1013.2,1012.9,1012.3,1011.9,1010.3,109.53579
2024-07-13,109.53579,,,,,31.5696,,,,,,,,,30.8,28.1,27.9,25.9,28.2,28.0,28.2,22.6,27.7,24.6,23.0,22.8,21.0,23.0,24.0,21.7,16.5,23.0,34.7,33.0,36.0,30.6,33.0,33.0,34.0,29.0,32.0,15.2,8.5,15.0,6.2,6.9,13.5,10.0,5.5,9.7,1009.1,1008.9,1010.4,1009.8,1011.7,1011.2,1010.7,1010.2,1008.6,111.023061
2024-07-14,111.023061,,,,2.5054,,,,,,,,,,29.6,27.5,27.2,26.4,28.4,27.6,28.2,23.9,28.1,25.7,21.0,23.0,20.0,22.0,24.0,21.1,17.9,23.0,33.4,33.0,31.0,31.1,33.0,31.0,36.0,30.0,32.0,13.9,8.1,12.0,6.4,7.3,13.4,8.0,5.7,11.8,1010.7,1011.1,1011.4,1011.8,1012.4,1011.6,1011.9,1012.1,1010.4,116.309905
2024-07-15,116.309905,84.85,134.95,81.91,2.4922,31.6803,,,,,,,,,29.5,28.4,26.4,27.2,29.9,27.5,29.7,24.3,27.5,24.4,22.0,20.6,20.8,25.0,24.0,22.6,18.5,22.0,33.9,34.6,31.3,33.0,34.3,31.0,38.0,30.0,32.0,13.8,10.0,11.3,5.0,7.8,15.3,9.0,5.9,8.5,1011.5,1012.2,1012.7,1013.1,1012.4,1011.8,1012.0,1013.4,1012.2,118.32507
2024-07-16,118.32507,83.73,134.4,80.76,2.4666,32.7975,,,,,,,,,29.7,28.9,28.0,28.8,28.6,27.3,29.0,25.6,27.9,24.2,22.0,21.0,23.7,23.7,24.0,22.2,18.8,23.4,34.1,35.0,35.3,33.0,33.0,30.0,36.0,32.0,31.0,12.0,9.0,14.1,6.5,8.6,15.0,9.5,6.1,7.4,1011.2,1011.3,1013.3,1012.0,1012.8,1013.1,1012.2,1012.3,1011.1,124.312813
2024-07-17,124.312813,85.08,134.75,82.85,2.5092,31.5695,,,,,,,,,30.3,29.7,27.2,28.3,28.7,27.9,30.2,25.2,29.2,24.7,23.0,21.0,24.0,24.0,25.0,23.3,19.0,24.0,35.4,35.0,33.0,33.0,32.0,30.0,37.0,31.0,33.1,14.3,9.5,12.9,6.7,8.2,18.1,10.6,5.7,9.4,1012.7,1013.2,1014.8,1014.3,1014.4,1014.3,1013.6,1014.9,1013.3,121.934852
2024-07-18,121.934852,85.11,135.0,82.82,2.507,32.3364,,,,,,,,,30.1,29.0,27.3,29.0,29.5,27.9,29.1,25.9,29.1,24.8,22.0,21.7,23.0,24.8,25.7,22.3,19.8,25.0,34.8,35.0,33.2,34.0,34.8,30.0,36.0,32.0,32.0,16.4,8.1,11.0,4.9,7.5,18.0,9.0,6.6,11.1,1014.4,1016.0,1016.4,1017.1,1016.0,1015.6,1015.4,1017.7,1016.1,118.142294
2024-07-19,118.142294,82.5752,135.1,80.0175,2.4497,31.7168,,,,,,,,,29.7,29.2,27.2,28.8,28.3,27.6,29.2,26.0,29.6,25.6,23.0,20.0,25.0,24.0,25.0,21.9,20.8,24.0,33.5,35.0,33.5,35.0,32.0,29.7,37.0,31.0,34.0,17.1,8.8,11.4,7.2,7.6,17.6,10.0,5.7,11.4,1013.3,1014.7,1015.8,1015.7,1014.7,1014.7,1013.7,1016.5,1014.3,110.76986
2024-07-20,110.76986,,,,,31.7168,,,,,,,,,29.1,26.3,31.0,26.9,27.7,28.2,28.5,26.0,25.8,23.9,20.0,22.2,21.0,24.7,25.0,22.9,18.3,22.0,33.5,31.1,39.0,32.0,30.1,30.2,34.0,33.0,28.2,10.5,9.4,18.5,6.2,8.2,13.2,11.0,6.5,12.4,1009.0,1010.3,1010.5,1010.9,1010.8,1010.9,1009.4,1010.5,1009.9,97.103387
2024-07-21,97.103387,,,,2.4599,,,,,,,,,,28.1,27.7,27.9,27.4,27.6,29.2,28.6,23.6,26.3,24.5,22.0,22.0,23.0,24.0,23.8,22.1,20.0,22.0,30.8,33.5,34.4,31.8,31.0,34.1,35.0,28.0,29.0,11.4,7.6,13.6,7.8,7.6,9.6,9.4,8.0,10.5,1009.2,1008.4,1008.4,1009.3,1010.4,1009.5,1009.3,1010.2,1008.9,115.836895
2024-07-22,115.836895,82.192,135.0,78.2294,2.4631,31.8794,947.96,3466.38,7029.17,40639.42,22240.58,1103.75,2661.25,3190.33,27.4,27.2,26.7,27.6,26.9,28.0,28.0,25.1,26.7,23.2,24.0,23.5,21.8,24.0,26.7,23.7,17.0,23.3,31.2,33.0,30.0,33.0,33.0,32.0,34.0,33.0,32.0,10.8,11.1,26.4,6.5,9.6,23.1,14.2,6.0,12.0,1010.2,1011.0,1012.0,1011.8,1010.1,1010.6,1009.5,1012.4,1011.0,114.015019
2024-07-23,114.015019,81.494,134.7,77.4437,2.4333,31.3437,899.08,3588.5,7356.21,41653.08,22816.17,1149.17,2638.25,3205.71,28.1,27.4,27.4,27.8,29.2,27.4,29.6,26.1,26.4,24.8,22.0,22.8,24.0,24.0,25.0,22.7,21.4,21.3,31.2,33.0,35.0,32.4,37.0,29.0,37.0,32.0,31.0,29.4,7.1,23.7,7.4,11.0,13.6,11.5,6.1,8.1,1011.7,1014.4,1015.7,1015.3,1012.6,1013.0,1012.3,1015.5,1014.4,109.76077
2024-07-24,109.76077,81.71,134.75,77.4594,2.4424,32.6954,919.58,3523.75,6990.96,41227.96,22848.12,1104.0,2702.67,3138.88,28.6,28.1,27.8,28.4,28.2,27.3,30.0,25.7,27.1,25.4,23.0,20.7,23.6,24.0,25.0,24.7,18.2,23.0,32.1,33.0,37.6,33.2,31.0,29.0,36.0,32.0,31.0,27.7,8.8,20.8,6.9,7.0,9.3,13.8,7.8,12.5,1010.2,1012.2,1013.8,1012.7,1011.5,1012.7,1010.3,1013.1,1012.5,115.98043
2024-07-25,115.98043,82.37,138.4,78.28,2.469,32.0123,905.5,3455.38,7220.12,41422.67,23087.21,1157.0,2590.17,3007.29,28.3,26.8,26.9,28.2,29.3,27.4,28.5,25.6,26.0,25.8,21.2,20.9,24.0,24.0,24.0,23.3,21.1,23.0,30.6,33.0,34.9,32.0,35.0,30.3,34.0,30.0,29.0,24.3,10.4,13.6,9.5,8.5,18.1,10.0,8.5,11.5,1009.1,1011.1,1010.3,1011.8,1009.7,1008.8,1009.4,1012.2,1011.9,119.710087
2024-07-26,119.710087,81.13,139.25,77.16,2.4481,32.3516,914.58,3471.42,7338.29,41133.04,22671.38,1109.83,2619.75,3007.79,27.3,27.6,25.3,28.3,30.3,27.5,28.7,25.7,26.1,24.1,20.0,20.0,24.0,26.0,24.0,22.8,22.0,22.0,30.3,34.0,29.5,32.5,36.0,29.4,35.0,30.0,29.3,21.4,10.7,11.9,8.7,9.0,16.4,9.2,6.9,9.9,1011.5,1011.8,1011.4,1012.4,1011.7,1010.6,1011.3,1012.8,1012.6,106.376074
2024-07-27,106.376074,,,,,,932.38,2858.0,6672.92,35279.04,18240.38,1091.96,2521.17,2962.25,27.0,28.8,26.3,28.6,30.0,27.6,29.6,26.2,27.2,21.0,23.0,21.0,24.0,25.0,24.0,23.7,20.9,23.0,31.8,35.2,30.4,33.0,36.2,30.0,37.0,31.0,30.0,10.7,8.2,13.9,6.8,8.2,14.9,9.0,6.5,9.0,1015.0,1014.4,1014.8,1015.3,1015.1,1014.8,1014.9,1015.9,1014.9,110.742496
2024-07-28,110.742496,,,,2.4624,,873.12,2592.29,6141.21,31918.25,15927.42,1076.83,2406.25,2901.12,27.1,30.2,26.9,29.6,29.6,28.1,29.9,27.9,27.6,20.7,24.0,20.6,23.5,25.0,25.0,23.4,21.1,23.0,32.6,36.1,32.0,35.0,34.2,31.0,37.0,34.0,31.0,8.9,9.9,10.2,6.0,7.3,16.4,9.0,6.1,10.6,1016.6,1016.3,1017.2,1017.0,1017.0,1016.5,1016.5,1017.3,1016.6,125.894711
2024-07-29,125.894711,79.78,140.1,75.81,2.4091,33.8699,947.88,3344.79,6876.75,39341.29,21268.96,1163.17,2643.08,3096.67,28.4,28.5,28.4,28.8,30.9,28.0,31.2,27.6,26.7,23.5,24.0,20.5,24.0,25.0,24.8,24.6,22.3,23.0,31.9,33.0,34.5,32.5,37.0,30.0,39.0,32.0,31.0,21.3,8.1,10.0,9.4,6.3,10.7,9.5,7.5,12.4,1014.3,1017.6,1015.9,1018.3,1014.9,1015.3,1014.2,1018.6,1017.8,108.286704
2024-07-30,108.286704,78.63,139.25,74.73,2.3593,39.2525,896.62,3425.25,7102.71,40118.62,21975.67,1142.67,2617.5,2958.21,28.2,28.3,28.5,29.1,32.0,28.2,30.6,27.8,26.5,26.3,22.0,23.0,25.2,27.0,25.0,24.6,23.1,22.0,30.0,34.0,35.1,33.0,37.0,30.1,37.0,33.0,30.0,30.0,9.6,12.1,7.6,11.2,10.2,13.8,7.1,11.4,1013.7,1016.4,1014.7,1017.3,1013.8,1013.8,1013.5,1017.2,1017.0,120.124346
2024-07-31,120.124346,80.72,140.1,77.91,2.4589,39.8895,933.58,3608.92,7586.67,42374.0,23312.46,1193.17,2650.83,3088.38,27.2,29.0,29.0,29.6,30.0,29.0,29.7,27.3,27.4,23.7,22.0,22.4,25.6,25.9,27.0,23.3,22.2,23.0,30.7,36.0,35.2,34.0,34.0,31.0,36.0,32.0,31.0,20.4,8.2,11.0,6.3,8.3,14.5,10.5,6.4,8.2,1013.3,1013.7,1013.7,1014.4,1013.5,1013.1,1012.8,1014.8,1013.7,124.292148
2024-08-01,124.292148,80.77,142.55,76.31,2.4076,41.0988,909.58,3557.38,7344.67,41941.38,22963.5,1228.29,2758.25,3179.71,27.4,29.8,28.9,29.2,28.2,28.4,29.5,27.5,27.3,20.1,24.0,22.7,23.9,23.7,25.0,24.3,22.2,23.0,33.0,36.0,35.1,34.0,32.0,31.0,36.0,33.0,31.0,14.0,9.0,10.5,7.2,7.7,11.1,9.5,4.5,10.3,1011.7,1009.8,1012.2,1010.7,1012.7,1012.5,1011.8,1011.0,1010.2,120.702814
2024-08-02,120.702814,76.81,144.1,73.52,2.3295,41.1245,920.5,3467.88,7153.83,40367.12,21786.79,1216.25,2809.83,3012.04,29.9,27.1,29.7,28.2,28.5,29.4,28.9,25.9,25.0,24.2,21.0,21.0,23.0,24.7,25.4,21.9,21.0,21.0,34.5,33.3,39.5,34.0,32.1,35.0,36.0,32.0,29.1,12.7,8.2,10.1,7.3,7.8,10.4,10.3,6.6,8.0,1008.0,1008.6,1008.8,1009.2,1010.6,1010.0,1009.2,1009.2,1008.8,116.623121
2024-08-03,116.623121,,,,,41.1245,863.71,2833.04,6426.0,33560.17,16884.54,1173.42,2647.38,2732.08,28.8,26.9,29.4,27.6,28.5,30.4,29.5,26.5,26.1,25.4,24.0,26.0,22.0,24.0,27.0,23.4,19.0,21.0,32.8,31.0,35.1,33.2,32.1,34.7,36.0,33.0,30.0,10.5,10.5,18.8,7.4,7.6,13.9,10.7,6.5,9.5,1007.2,1008.2,1007.3,1008.6,1008.4,1007.8,1007.2,1008.7,1008.4,124.988151
2024-08-04,124.988151,,,,2.3265,,802.75,2568.62,5592.21,29929.83,15205.58,1075.04,2179.75,2505.88,27.4,27.2,28.2,27.9,29.8,28.6,28.6,26.2,26.3,24.3,21.0,23.7,24.0,25.0,27.0,22.2,20.8,22.0,30.5,33.0,35.4,32.1,34.0,30.1,35.0,30.0,29.9,18.2,8.8,22.6,7.2,8.2,17.0,8.7,6.8,10.2,1009.4,1010.7,1010.5,1011.5,1009.2,1009.0,1008.7,1011.7,1010.8,122.62434
2024-08-05,122.62434,76.3,143.7,72.94,2.3642,35.8042,878.75,3116.0,6650.25,34986.33,17874.71,1150.29,2482.29,2834.04,27.2,28.0,28.1,28.3,29.7,28.8,28.8,26.8,26.3,23.4,21.0,22.6,24.9,25.7,27.0,23.4,22.5,22.0,30.7,34.2,33.9,33.0,34.0,30.0,35.0,31.0,30.0,15.7,9.5,13.8,8.7,8.3,14.6,10.4,6.3,11.2,1010.1,1010.8,1011.1,1011.6,1010.4,1010.0,1009.7,1011.6,1011.3,128.842257
2024-08-06,128.842257,76.48,145.5,73.2,2.3026,36.5772,903.62,3344.12,7080.08,37324.08,19116.58,1184.46,2684.96,3010.25,27.0,28.1,27.8,28.3,29.4,28.6,29.6,26.1,26.4,22.2,21.0,22.4,23.0,25.0,26.8,24.6,21.8,23.0,31.4,34.1,33.4,33.3,34.0,30.3,36.0,32.0,30.0,13.3,9.0,14.4,6.8,7.4,12.4,8.1,6.4,9.6,1010.4,1010.4,1011.3,1011.2,1010.9,1010.8,1010.5,1011.7,1011.0,127.995805
2024-08-07,127.995805,78.33,145.0,75.23,2.3628,38.73,930.54,3134.38,6967.58,36555.62,18700.83,1179.67,2681.42,2961.21,27.7,27.0,27.2,26.1,29.6,28.6,28.9,23.7,25.8,22.6,20.0,21.4,19.0,25.0,26.0,23.3,20.0,21.7,32.1,35.0,32.6,33.0,35.0,31.0,35.0,30.0,30.6,9.8,9.4,12.7,6.7,8.1,15.0,10.0,7.3,12.1,1011.2,1011.4,1012.3,1012.3,1012.0,1011.6,1011.5,1012.5,1011.1,133.745923
2024-08-08,133.745923,79.16,145.5,76.19,2.3954,40.3122,927.25,3151.67,7036.75,36015.58,18132.88,1176.67,2726.33,2864.04,27.7,25.5,27.9,24.7,29.0,29.0,28.9,25.0,25.5,23.4,19.0,21.2,19.0,25.0,26.0,23.9,19.1,20.0,31.9,32.0,34.6,31.0,34.0,31.0,35.0,31.0,31.0,11.0,8.6,11.3,4.4,9.1,17.3,10.3,5.0,7.0,1012.3,1013.2,1013.4,1013.9,1013.3,1012.8,1012.5,1013.7,1012.8,126.839123
2024-08-09,126.839123,79.66,146.0,76.84,2.3954,40.0539,930.25,3059.08,6765.33,35207.71,17666.96,1217.75,2686.88,2881.46,27.7,27.9,29.7,27.4,29.2,28.4,29.6,26.4,26.9,24.2,22.0,23.7,22.0,25.0,25.0,24.3,21.4,21.8,31.1,34.0,36.4,33.0,33.0,31.0,36.0,32.0,31.1,17.2,7.2,13.8,5.3,8.0,15.0,9.6,6.0,8.2,1013.9,1015.0,1014.5,1015.7,1014.7,1014.6,1014.0,1015.8,1015.0,129.767348
2024-08-10,129.767348,,,,,40.0539,889.75,2649.33,6547.33,32157.71,15519.29,1141.12,2701.79,2709.08,28.3,29.4,28.0,28.6,30.7,29.4,30.2,27.5,28.1,25.2,24.0,23.0,24.0,25.0,26.0,24.7,22.4,23.3,31.8,35.0,32.7,34.0,37.0,32.0,37.0,33.0,32.5,19.6,8.2,15.2,5.3,7.7,20.3,8.4,5.4,7.1,1016.5,1017.9,1016.5,1018.7,1017.1,1015.7,1016.6,1018.6,1018.0,131.05737
2024-08-11,131.05737,,,,2.3923,,838.0,2557.79,5832.62,29790.0,14448.0,1129.25,2370.08,2614.25,28.6,29.5,29.0,28.9,31.5,28.5,30.9,28.2,28.2,24.6,24.0,23.9,24.0,25.6,24.0,24.9,22.8,23.0,33.2,35.2,35.3,34.0,36.2,31.4,38.0,34.0,33.0,13.8,9.3,13.6,5.0,8.2,10.0,9.1,5.2,7.1,1016.7,1017.5,1015.9,1018.4,1016.6,1016.0,1016.3,1018.6,1017.5,136.281968
2024-08-12,136.281968,82.3,146.75,80.06,2.4374,39.815,922.62,2744.92,6293.33,32343.75,15765.46,1194.12,2566.17,2857.12,27.8,30.2,29.6,29.6,30.5,29.2,31.0,28.0,28.6,22.7,24.0,24.0,24.2,26.0,26.0,24.5,22.1,23.0,32.2,37.0,35.0,35.8,36.0,32.0,37.0,34.0,33.0,11.5,7.8,14.3,5.0,8.2,13.4,9.8,5.7,7.9,1013.3,1012.8,1011.9,1013.8,1013.0,1012.4,1012.4,1014.4,1012.6,134.441263
2024-08-13,134.441263,80.69,146.9,78.35,2.3837,39.3646,861.92,2714.25,6273.96,31913.54,15438.54,1168.25,2622.88,2833.75,28.2,30.0,28.1,29.6,29.8,29.2,30.1,27.2,29.4,22.6,24.0,22.0,24.9,25.0,26.0,24.6,21.6,24.6,32.9,36.0,32.0,35.0,34.5,32.0,36.0,33.0,34.0,10.5,8.2,12.4,4.6,7.9,11.4,9.5,5.2,7.8,1010.5,1009.8,1009.8,1010.6,1011.3,1010.7,1010.5,1011.5,1009.7,132.74724
2024-08-14,132.74724,79.76,145.75,76.98,2.3269,38.8794,918.42,2712.08,6129.21,32180.58,15726.29,1164.5,2614.62,2915.46,29.2,28.3,28.1,27.8,29.8,29.4,29.9,23.7,28.8,23.6,23.4,24.0,23.0,25.0,26.0,24.0,20.0,23.4,33.6,35.4,32.1,33.0,34.7,33.0,37.0,31.0,34.0,11.5,9.1,11.7,6.9,7.2,12.5,8.0,9.0,9.8,1010.7,1010.6,1009.9,1011.8,1012.2,1011.5,1011.5,1012.9,1010.5,132.295232
2024-08-15,132.295232,81.04,150.0,78.16,2.3511,39.5998,800.46,2337.83,5058.0,27109.25,13031.08,1104.92,2232.79,2544.17,28.7,26.0,29.2,24.3,29.6,29.8,29.3,22.8,27.2,23.3,21.0,25.0,20.0,24.0,26.8,23.4,18.1,21.9,33.3,30.6,36.4,30.0,35.0,32.0,35.0,29.0,32.9,12.0,8.5,11.1,7.1,7.3,11.8,9.8,7.1,9.5,1013.9,1015.5,1013.5,1016.5,1014.8,1013.8,1014.3,1016.6,1014.5,128.525647
2024-08-16,128.525647,79.68,146.75,76.65,2.3109,39.4308,886.29,2601.96,5949.71,31483.88,15467.5,1198.29,2568.42,2811.71,29.1,26.5,27.7,26.0,30.0,30.5,29.4,23.3,27.8,24.9,23.0,22.9,21.0,25.0,27.0,24.6,17.4,23.0,33.0,32.0,32.0,31.0,35.0,34.0,36.0,28.0,33.1,12.8,8.2,10.5,5.3,7.7,9.7,9.0,6.5,6.7,1014.7,1015.4,1014.8,1016.1,1015.4,1014.9,1015.1,1016.4,1014.6,124.914595
2024-08-17,124.914595,,,,,39.4308,820.58,2404.04,5626.0,29734.38,14446.88,1215.92,2498.88,2722.08,29.0,26.5,26.5,26.8,29.7,29.5,29.5,24.7,27.9,25.3,22.8,22.7,21.0,25.1,27.0,24.7,18.5,23.0,32.9,33.0,31.0,32.0,34.6,31.0,35.0,31.0,33.0,13.0,7.5,8.5,6.2,7.0,11.6,9.4,5.8,9.7,1012.2,1011.9,1013.4,1012.5,1013.3,1012.9,1012.9,1012.6,1011.0,122.277101
2024-08-18,122.277101,,,,2.3064,,810.0,2272.17,5223.67,27242.04,12804.0,1038.5,2449.42,2644.29,28.8,25.0,27.2,23.6,26.7,28.4,26.0,22.4,26.0,25.5,20.0,22.5,21.3,21.0,27.0,23.3,18.6,22.7,33.3,30.0,33.8,27.0,30.4,30.0,33.0,26.0,29.1,17.7,8.6,18.8,6.3,8.8,18.2,9.1,6.7,7.9,1007.9,1007.2,1010.5,1008.0,1009.6,1009.9,1008.7,1008.6,1006.7,120.802164
2024-08-19,120.802164,77.66,146.5,73.66,2.2652,39.5176,807.88,2570.17,5651.62,30614.83,15352.08,1036.92,2518.71,2677.46,24.9,21.5,25.6,23.3,25.2,26.9,24.1,24.4,22.6,22.5,20.0,22.0,20.0,22.0,23.0,19.9,18.3,20.7,28.3,23.0,30.2,27.3,29.0,28.0,31.0,31.0,26.0,11.4,7.8,20.0,5.7,8.6,23.5,11.3,7.2,10.7,1006.4,1008.2,1008.8,1009.2,1007.1,1008.4,1006.4,1009.4,1007.8,118.384893
2024-08-20,118.384893,77.2,146.0,73.17,2.2456,38.1184,851.88,2668.12,5914.88,32223.12,16567.04,1074.5,2537.67,2609.04,24.1,23.3,27.9,25.4,26.2,26.7,24.9,24.5,25.2,20.2,21.0,21.2,19.9,22.0,24.0,18.9,18.0,22.0,27.5,27.0,34.1,31.0,30.0,28.0,32.0,30.0,29.0,10.3,8.6,17.9,5.0,9.5,23.4,9.8,5.8,9.4,1008.6,1010.4,1010.9,1011.2,1008.5,1009.2,1008.7,1011.4,1010.1,126.197181
2024-08-21,126.197181,76.05,145.9,71.93,2.1986,37.2231,769.38,2509.54,5448.04,30336.38,15591.42,1009.5,2341.08,2667.42,25.5,26.3,27.1,27.0,27.2,27.5,27.6,25.3,26.0,22.3,21.0,21.8,20.8,23.0,25.6,21.6,17.9,21.0,28.4,32.0,34.5,33.0,31.3,29.2,35.0,32.0,30.4,17.8,9.5,20.0,4.6,8.4,10.4,10.8,6.3,5.9,1010.0,1010.7,1013.1,1011.0,1010.3,1012.0,1009.7,1011.7,1010.4,118.791391
2024-08-22,118.791391,77.22,146.75,73.01,2.2426,36.7238,837.92,2748.46,5788.12,32106.46,16682.04,1049.42,2391.21,2609.29,26.9,26.2,26.6,27.0,28.4,28.0,27.7,25.1,26.0,23.3,20.0,19.6,24.0,24.0,26.9,22.2,21.3,23.0,30.7,31.0,34.1,31.0,33.0,29.3,33.0,29.0,29.0,17.5,8.4,18.7,8.9,7.9,16.0,9.6,8.7,11.4,1011.5,1012.3,1013.3,1013.0,1012.0,1012.0,1011.5,1013.3,1013.0,129.537359
2024-08-23,129.537359,79.02,145.2,74.83,2.2858,36.6057,812.96,2663.21,5874.25,32183.96,16790.62,1036.75,2364.88,2641.29,27.0,27.0,25.4,27.2,28.8,28.3,28.2,25.3,26.2,23.0,22.0,20.4,23.0,25.0,26.0,22.9,20.3,22.0,31.2,33.0,30.4,32.1,32.0,31.0,35.0,31.0,30.0,11.7,7.0,14.6,5.8,7.6,17.4,8.4,5.5,7.8,1014.0,1013.7,1015.0,1014.5,1014.4,1013.5,1014.1,1014.7,1013.9,122.609167
2024-08-24,122.609167,,,,,,772.46,2370.25,5553.29,29705.21,15024.21,959.21,2354.25,2671.54,26.7,27.6,25.9,27.1,28.9,27.9,28.0,25.8,27.0,21.8,21.0,19.8,21.0,24.9,25.0,22.6,20.5,22.7,31.3,34.0,30.9,33.0,34.0,30.0,35.0,32.0,30.3,10.7,8.7,11.5,4.7,8.3,13.8,8.2,6.5,8.0,1015.6,1015.1,1016.3,1016.1,1016.3,1015.9,1016.1,1016.3,1015.4,126.842038
2024-08-25,126.842038,,,,2.2915,,743.67,2288.5,5274.71,28034.67,14098.25,944.62,2186.71,2498.21,27.8,27.1,26.6,26.9,28.6,27.6,27.2,25.6,27.0,23.3,21.0,21.0,21.8,23.9,24.9,20.8,20.5,22.0,32.0,33.4,32.4,32.0,35.0,30.0,36.0,32.0,31.1,19.2,8.5,10.4,5.3,8.6,16.8,8.6,5.5,7.5,1012.6,1014.1,1015.3,1014.8,1014.4,1014.7,1014.3,1014.8,1013.9,133.223178
2024-08-26,133.223178,81.43,145.7,77.42,2.2865,37.7513,840.0,3008.79,6439.29,36053.71,19436.88,1044.58,2432.25,2851.92,28.0,26.5,27.5,26.3,27.9,27.5,28.1,23.4,27.8,24.5,22.0,22.0,23.0,24.0,25.5,20.5,19.9,23.7,31.1,31.1,35.2,31.0,32.0,29.0,36.0,29.0,31.3,17.9,8.0,14.8,7.6,7.3,17.6,9.4,8.0,13.0,1010.8,1013.6,1013.3,1014.3,1012.2,1012.7,1011.3,1015.2,1013.3,142.086232
2024-08-27,142.086232,79.55,146.0,75.53,2.2398,38.712,851.46,3114.88,6585.83,37924.38,20928.46,1034.0,2476.12,2933.62,27.2,23.9,26.0,25.9,27.9,27.5,27.0,22.8,26.7,23.0,19.0,22.0,20.9,22.0,24.0,23.0,18.6,22.0,30.0,31.0,33.2,32.5,34.0,31.0,34.0,30.0,32.0,11.3,10.4,12.5,7.1,8.0,13.6,11.6,5.4,13.2,1012.9,1015.8,1013.2,1016.6,1013.1,1012.3,1012.4,1016.8,1015.5,143.153165
2024-08-28,143.153165,78.65,145.0,74.52,2.2163,38.2937,878.83,3247.46,6755.0,39006.25,21979.04,1036.17,2422.46,2687.29,26.7,25.2,24.4,25.9,28.1,26.9,26.9,25.3,26.9,21.5,20.0,20.0,20.0,23.0,24.5,21.0,19.0,22.9,30.7,31.2,31.4,32.0,34.0,30.0,34.6,31.3,31.0,9.8,7.8,10.4,4.8,8.2,13.3,11.1,6.9,10.1,1015.1,1016.9,1015.0,1017.5,1015.3,1014.1,1015.0,1018.7,1016.4,140.67517
2024-08-29,140.67517,78.82,143.25,75.91,2.2437,39.2721,845.54,3266.79,6679.83,38045.25,20827.83,1068.58,2428.25,2928.42,27.1,27.3,25.3,26.4,27.0,27.3,27.8,26.2,27.7,23.0,22.0,18.0,20.0,22.9,24.0,21.5,20.0,22.7,31.6,33.0,31.1,33.0,33.0,29.0,34.8,33.0,33.0,10.4,7.2,12.1,4.5,7.7,12.9,9.1,5.6,6.6,1014.8,1016.3,1016.3,1016.8,1015.8,1015.2,1015.3,1018.0,1015.7,136.074845
2024-08-30,136.074845,76.93,143.75,73.55,2.0976,39.3956,811.46,3261.75,6566.38,38326.12,21221.04,1077.96,2414.04,2973.5,28.1,27.2,26.2,26.6,27.8,27.1,28.2,26.1,27.8,25.0,21.0,20.7,20.0,21.0,24.0,22.0,18.0,23.0,31.2,33.3,31.4,34.0,34.0,29.1,35.5,33.0,32.1,12.7,7.4,10.9,4.1,7.2,12.5,7.8,5.4,7.5,1014.2,1016.0,1016.5,1016.5,1015.6,1015.3,1014.9,1017.6,1015.7,124.147132
2024-08-31,124.147132,,,,,39.3956,740.5,2645.54,5906.96,32410.83,17157.46,1028.5,2220.33,2711.54,27.5,27.3,26.2,27.0,28.4,27.4,28.4,26.2,28.1,24.0,21.0,19.8,21.0,23.0,24.0,22.4,20.1,24.0,30.3,33.4,32.5,33.2,35.0,29.5,35.2,33.0,33.6,10.1,7.5,9.0,3.9,7.1,14.1,8.6,6.4,8.5,1014.4,1016.2,1016.0,1016.8,1015.3,1015.0,1014.7,1017.8,1016.4,121.120262
2024-09-01,121.120262,,,,2.0729,,701.92,2444.08,5440.54,29448.21,15383.04,985.58,2076.21,2416.83,26.9,26.5,26.9,27.3,28.4,27.4,28.7,26.0,27.2,21.3,20.0,20.5,21.5,24.0,24.0,23.0,21.0,22.6,31.2,33.0,32.6,34.0,34.0,30.0,35.0,32.0,32.0,9.0,7.6,10.5,4.5,8.2,11.2,6.5,7.8,8.1,1013.7,1016.2,1014.8,1016.6,1014.4,1014.0,1014.0,1017.6,1016.0,163.076904
2024-09-02,163.076904,77.2772,143.9,74.0612,2.0653,38.5487,755.25,3240.67,6464.83,36944.21,20386.62,1059.12,2326.79,2710.92,27.2,25.5,27.4,24.0,27.7,27.2,27.5,22.8,26.1,22.0,20.5,22.0,21.0,24.7,23.0,22.0,19.0,21.0,32.0,29.0,31.3,29.0,31.0,30.0,34.1,25.1,31.0,9.3,9.2,11.6,4.9,6.4,11.6,6.9,8.1,9.5,1014.5,1016.3,1014.7,1016.6,1014.9,1014.1,1014.2,1017.8,1016.0,150.226847
2024-09-03,150.226847,73.67,142.0,70.22,1.9801,36.9721,763.67,3276.71,6464.88,37811.75,21145.25,1059.29,2369.46,2732.5,24.8,26.1,28.1,25.6,26.2,28.9,25.5,23.9,25.7,21.0,21.0,24.9,20.0,24.1,25.4,21.0,19.0,21.0,29.2,32.0,31.4,31.2,29.7,32.0,32.4,30.0,30.0,8.5,8.9,12.6,4.6,8.3,11.7,9.8,6.5,7.5,1015.3,1017.4,1015.0,1015.6,1015.9,1014.7,1015.4,1018.5,1017.0,151.067897
2024-09-04,151.067897,72.72,139.5,69.25,1.9479,35.6222,793.08,3224.62,6546.46,37909.08,20994.33,1116.96,2381.08,2852.54,25.6,24.7,27.2,24.5,26.2,28.7,25.4,22.2,25.5,20.8,22.0,22.6,20.0,22.0,25.7,20.0,19.5,20.0,29.0,30.0,32.0,29.0,31.0,32.0,31.6,27.0,30.0,12.8,8.4,12.6,8.1,6.8,12.8,8.6,6.5,7.7,1013.8,1013.4,1011.0,1014.5,1013.7,1012.1,1013.0,1015.4,1013.6,140.113262
2024-09-05,140.113262,72.69,141.0,69.15,1.9351,35.8797,767.62,3152.12,6533.62,38034.17,21217.71,1124.0,2418.29,2820.79,27.0,22.2,26.4,20.7,25.9,30.1,24.3,18.6,21.6,22.7,19.8,21.8,18.0,23.0,27.8,21.0,16.0,19.5,31.7,26.0,33.0,22.0,30.0,34.0,30.0,21.0,24.0,14.7,8.9,15.2,10.6,8.6,17.1,10.3,8.0,16.0,1010.7,1008.5,1009.9,1009.3,1010.8,1010.4,1009.9,1009.5,1009.8,131.659875
2024-09-06,131.659875,71.06,141.5,67.67,1.8996,36.3673,777.92,3179.42,6364.67,37434.29,20609.58,1087.21,2547.46,2868.04,26.7,22.1,25.2,21.9,26.6,28.5,24.5,20.1,21.8,22.3,18.0,17.0,19.5,23.0,25.8,18.9,16.8,19.0,31.9,27.0,31.8,27.0,30.2,32.4,31.0,25.0,25.6,14.5,6.8,13.6,5.9,6.7,12.4,8.6,5.2,8.1,1011.7,1012.0,1010.5,1012.7,1012.5,1011.4,1012.1,1013.0,1012.4,125.931334
2024-09-07,125.931334,,,,,36.3673,698.17,2500.62,5446.46,30944.92,16142.17,1028.46,2391.12,2737.92,25.7,24.0,28.1,23.1,27.3,28.9,26.2,21.0,22.9,22.0,19.9,23.4,18.0,22.0,26.0,19.3,15.8,18.0,29.7,29.3,33.6,28.1,33.0,33.0,35.0,26.0,27.0,9.9,7.6,12.7,5.4,7.3,11.1,9.2,5.0,8.4,1015.2,1015.6,1012.6,1016.3,1015.6,1014.2,1015.1,1016.6,1015.8,116.070889
2024-09-08,116.070889,,,,1.9339,,660.04,2260.83,5207.46,27676.71,14000.29,986.12,2216.67,2345.29,26.9,22.1,28.0,21.9,27.4,30.2,27.7,19.4,23.2,21.3,20.7,23.5,20.0,22.8,26.0,21.0,16.8,21.0,31.4,24.6,33.1,24.0,32.0,35.2,35.0,21.0,27.0,15.2,6.4,14.2,6.4,6.4,14.4,13.9,4.2,11.1,1013.8,1011.7,1010.1,1012.0,1013.8,1012.8,1012.0,1012.3,1012.0,120.964743
2024-09-09,120.964743,71.84,141.65,68.71,1.9389,37.195,731.33,2918.79,6120.79,34899.71,19129.29,1003.04,2420.75,2575.71,26.3,22.8,25.1,22.9,25.1,27.3,24.5,20.2,22.8,21.9,19.0,23.0,18.0,22.0,24.0,21.7,15.5,19.6,29.5,28.0,29.1,29.0,29.0,33.0,28.0,28.0,27.0,26.2,10.6,23.2,8.9,13.6,28.3,12.8,12.3,13.9,1004.4,1002.5,1009.9,1003.4,1005.6,1007.7,1004.3,1004.6,1002.1,106.988523
2024-09-10,106.988523,69.19,138.75,65.75,1.8854,35.5617,715.12,3042.0,6300.04,36604.17,20693.12,1005.75,2359.5,2488.62,23.3,21.8,24.3,21.9,24.8,26.4,24.8,20.2,21.7,20.2,16.0,20.7,15.0,21.0,25.0,19.7,13.6,17.0,25.7,27.9,28.2,28.2,30.0,27.1,32.0,27.0,25.4,32.6,7.2,30.8,5.2,8.4,26.6,13.8,7.9,10.2,1004.9,1008.1,1011.5,1008.7,1006.2,1008.6,1006.4,1009.4,1008.1,122.500657
2024-09-11,122.500657,70.61,139.0,67.31,1.8998,36.1562,734.83,3024.17,6218.29,35798.83,20197.67,983.25,2278.46,2362.17,23.9,22.5,22.7,21.1,24.0,25.0,22.5,18.6,21.4,20.0,17.0,18.0,17.0,19.0,22.9,16.6,13.7,18.0,26.9,28.0,28.7,25.0,28.0,26.0,29.0,23.0,26.0,20.4,6.3,20.4,5.6,7.6,17.1,10.3,6.2,13.2,1008.3,1007.5,1011.5,1008.3,1009.6,1010.4,1008.9,1008.3,1008.2,112.778536
2024-09-12,112.778536,71.97,138.15,68.97,1.9375,35.238,739.0,3020.54,6164.17,35287.92,19781.54,968.08,2212.38,2402.21,25.0,19.8,20.8,17.9,23.9,24.6,22.1,17.5,17.7,19.6,14.0,17.0,13.5,19.0,22.0,18.5,13.1,14.0,30.4,23.0,27.0,21.0,27.0,26.0,27.0,24.0,23.1,17.0,9.4,14.1,10.0,11.0,22.8,16.7,8.0,16.3,1007.6,1002.5,1011.6,1003.6,1008.8,1011.0,1007.0,1004.1,1003.2,101.669198
2024-09-13,101.669198,71.61,137.9,68.65,1.9376,35.7061,691.29,2914.96,6023.38,34549.21,19534.12,923.12,2163.71,2298.62,23.4,15.0,19.3,15.8,19.9,23.9,16.9,14.7,15.6,16.7,13.0,18.0,9.0,15.9,22.9,14.0,7.7,13.0,28.2,18.0,23.0,22.1,24.0,25.3,22.0,22.0,19.0,33.6,9.4,24.3,13.9,18.4,43.3,14.6,12.0,11.5,1004.2,1007.8,1013.7,1008.6,1006.7,1011.6,1005.7,1010.3,1006.4,98.907603
2024-09-14,98.907603,,,,,35.7061,651.54,2354.46,5110.75,28250.21,15079.04,902.83,1979.62,2171.96,18.2,17.6,19.3,19.3,18.2,22.3,16.5,15.4,17.2,15.4,13.6,13.2,13.6,13.0,21.0,10.6,9.5,14.0,21.8,22.0,25.3,24.0,23.0,23.0,24.0,22.0,22.0,35.4,17.3,12.6,18.2,10.7,28.7,10.2,7.3,8.7,1010.7,1012.7,1017.0,1013.9,1012.1,1014.9,1013.1,1016.1,1011.1,91.591417
2024-09-15,91.591417,,,,1.9305,,594.46,2085.54,4678.12,24638.79,12690.29,844.25,1815.62,1930.5,18.7,18.5,18.7,17.7,19.5,22.5,19.1,17.8,16.2,16.5,13.0,11.7,9.9,15.0,19.0,12.0,9.6,13.0,22.7,24.3,26.0,26.0,24.0,24.2,27.0,27.0,20.0,29.4,11.8,15.2,5.0,7.9,17.8,12.5,6.9,7.8,1012.0,1012.2,1015.9,1012.9,1012.4,1014.8,1012.8,1013.7,1011.7,115.490029
2024-09-16,115.490029,72.75,137.25,70.09,1.9769,34.309,650.62,2762.04,5554.54,31725.62,17840.33,909.54,1911.58,2096.96,19.4,18.7,19.2,18.1,19.6,21.6,19.2,16.8,17.7,17.8,14.0,13.8,11.0,16.3,18.0,14.0,11.8,12.0,21.8,24.0,25.8,23.3,24.0,24.0,25.0,23.0,23.0,23.2,5.5,15.0,5.3,7.3,16.0,7.7,6.4,10.1,1011.4,1011.5,1011.7,1012.4,1010.6,1011.3,1010.1,1013.1,1011.6,114.823411
2024-09-17,114.823411,73.7,139.65,71.19,1.9887,35.5814,660.67,2919.12,5719.96,33175.17,18923.17,900.71,1896.71,2154.83,18.8,16.0,19.1,17.1,18.2,22.3,15.8,14.8,16.5,16.3,14.0,13.6,15.0,16.4,20.8,14.4,10.5,13.6,23.0,19.0,28.2,20.0,20.6,24.0,18.0,18.0,19.7,20.1,9.2,13.5,7.9,8.5,24.2,10.4,6.8,21.1,1011.5,1014.9,1009.6,1016.0,1009.6,1009.2,1010.2,1016.4,1015.8,112.492473
2024-09-18,112.492473,73.65,139.0,70.91,1.9977,35.591,628.75,2824.17,5565.21,32162.12,18395.38,921.42,1760.75,2066.46,19.6,14.2,19.3,15.3,19.1,23.4,17.3,13.3,17.8,16.1,12.9,15.3,12.0,15.0,21.7,13.0,11.1,13.0,23.2,16.0,24.8,18.0,23.0,26.0,23.0,14.5,20.0,12.4,10.5,8.4,4.1,6.1,19.3,9.3,8.5,19.5,1013.7,1017.8,1012.9,1019.8,1013.5,1013.0,1013.6,1020.3,1017.9,109.960626
2024-09-19,109.960626,74.88,139.5,71.16,2.0566,33.0586,636.88,2927.17,5627.21,33104.54,18985.79,904.71,1919.08,2103.71,19.0,15.5,19.7,17.4,19.4,22.7,17.8,16.9,19.8,16.6,13.7,13.0,13.0,16.0,20.0,14.2,13.6,17.0,23.2,18.1,25.0,23.1,24.0,25.0,25.0,22.0,23.4,11.5,10.6,10.8,6.5,7.0,13.7,6.3,9.2,14.5,1013.3,1016.5,1013.3,1017.6,1013.1,1013.3,1013.2,1018.1,1016.1,119.59418
2024-09-20,119.59418,74.49,139.5,71.0,2.045,34.6075,645.67,2827.21,5486.96,32415.58,18579.67,893.5,1906.67,2075.92,19.0,18.3,20.3,18.4,19.7,22.6,18.7,15.9,19.8,16.3,16.0,14.8,15.0,15.0,20.0,12.8,9.6,18.0,22.3,22.0,25.9,24.0,25.0,25.0,26.0,21.0,22.0,14.3,8.7,10.4,5.0,7.7,10.3,8.4,5.7,12.6,1016.3,1019.0,1016.2,1020.4,1015.6,1015.5,1015.9,1020.8,1019.2,105.491422
2024-09-21,105.491422,,,,,34.6075,567.5,2235.96,4845.46,26507.71,14384.67,837.79,1765.12,1871.21,20.0,18.1,21.6,19.0,21.4,22.9,19.8,17.7,19.4,17.3,14.0,15.7,14.0,17.0,20.0,14.2,13.8,16.0,23.1,23.1,26.0,24.0,26.0,25.0,27.0,23.0,23.6,17.1,6.0,11.9,4.3,7.0,13.5,8.5,6.3,9.4,1019.6,1021.0,1017.7,1021.8,1018.9,1017.8,1019.1,1022.3,1020.8,103.331641
2024-09-22,103.331641,,,,2.0395,,524.83,1971.67,4422.42,23703.58,12480.21,846.54,1649.25,1808.67,20.0,18.4,23.0,17.9,21.2,23.4,19.8,17.0,18.8,16.7,14.0,19.3,13.0,17.0,20.5,15.8,13.7,14.4,23.5,23.0,27.0,23.5,25.0,25.9,26.0,22.0,23.0,12.1,8.2,11.2,3.4,6.3,9.6,7.6,4.0,7.4,1018.3,1018.1,1015.4,1018.8,1017.7,1016.5,1017.4,1018.9,1018.0,141.652155
2024-09-23,141.652155,73.9,139.5,70.37,2.0013,36.1989,585.33,2685.21,5198.38,30939.79,17559.0,913.12,1841.83,2156.92,21.3,19.2,23.1,17.8,21.7,23.8,20.7,15.3,18.3,17.1,16.5,20.0,16.0,17.0,21.0,15.5,13.2,14.0,25.8,22.8,29.0,22.0,26.0,26.0,27.0,17.0,22.0,15.7,8.9,10.5,6.9,6.3,13.6,10.2,6.3,11.2,1014.4,1012.1,1012.9,1013.0,1014.0,1013.6,1013.2,1013.0,1012.9,107.012078
2024-09-24,107.012078,75.17,139.5,71.56,2.0311,36.1161,603.17,2789.33,5497.33,32472.88,18737.17,886.71,1836.83,2122.33,23.1,19.6,22.2,17.9,20.9,23.6,20.2,14.4,18.5,20.5,16.0,16.9,15.0,17.0,21.4,17.0,9.2,15.4,28.5,23.4,28.3,21.0,24.0,25.0,25.0,20.3,22.0,15.3,8.7,10.2,4.5,8.0,16.6,10.7,4.6,12.0,1012.9,1010.1,1014.4,1010.5,1014.3,1015.2,1013.4,1010.3,1009.5,114.010677
2024-09-25,114.010677,73.46,139.75,69.69,2.0055,37.5607,635.62,2869.58,5609.29,33224.42,19232.88,895.5,1903.33,2078.21,22.0,19.5,23.4,17.5,20.1,23.0,20.4,15.1,18.6,18.4,13.0,19.0,13.2,16.0,20.0,16.4,8.7,13.0,26.2,25.0,29.7,21.0,24.0,27.4,26.0,21.0,22.0,14.9,6.9,10.4,3.7,6.3,11.4,11.4,5.7,8.7,1015.9,1013.1,1015.6,1013.6,1016.8,1016.5,1015.8,1013.5,1013.2,109.282469
2024-09-26,109.282469,71.6,139.6,67.67,1.9358,37.5631,622.0,2851.12,5521.92,32996.62,19097.75,885.25,1894.96,2123.62,22.8,23.0,22.9,18.0,21.1,24.1,21.4,15.7,19.2,17.6,19.0,17.8,17.0,16.0,20.0,17.5,13.3,17.0,27.3,27.2,27.2,20.0,25.0,27.0,26.0,18.0,22.0,16.1,16.6,10.5,8.1,8.1,11.2,16.6,5.0,9.0,1015.7,1009.5,1015.1,1009.1,1017.2,1016.8,1015.4,1009.1,1010.2,109.06631
2024-09-27,109.06631,71.98,,68.18,1.9557,38.6415,620.42,2822.88,5572.58,32691.67,18661.42,908.33,1915.58,2190.46,24.5,24.9,24.9,20.1,23.2,27.6,23.3,16.5,21.2,18.5,22.8,18.7,16.5,20.0,25.0,17.0,12.3,18.0,30.4,28.0,32.4,26.2,26.4,32.0,29.0,23.0,24.2,19.6,16.9,9.6,5.2,8.2,21.5,18.1,5.6,8.9,1012.3,1005.7,1012.4,1005.6,1014.1,1013.4,1012.0,1005.8,1006.1,102.864181
2024-09-28,102.864181,,,,,38.6415,554.12,2180.17,4811.38,26793.21,14385.0,849.58,1880.17,2132.79,24.3,20.6,21.7,18.8,21.3,24.3,21.6,15.6,18.1,19.4,16.4,17.4,12.0,18.9,21.6,16.8,8.5,14.3,30.8,24.2,25.9,25.0,24.4,25.4,24.0,24.0,23.0,17.4,12.9,23.8,6.2,10.0,16.4,14.9,10.7,10.4,1011.2,1010.3,1016.5,1010.4,1013.6,1014.9,1012.5,1011.7,1010.4,83.136607
2024-09-29,83.136607,,,,1.9498,,525.96,1998.33,4442.25,23570.71,12316.17,800.08,1663.33,1824.58,19.9,17.5,19.4,17.3,19.1,22.9,18.5,15.0,15.9,18.1,13.0,14.7,12.0,13.6,21.0,14.0,8.6,10.8,22.0,22.0,25.9,21.0,24.0,24.0,25.0,21.0,20.0,39.5,9.3,18.6,7.4,7.8,17.7,13.7,6.0,8.9,1017.7,1022.0,1022.4,1022.5,1019.4,1020.4,1019.7,1022.8,1022.6,110.899079
2024-09-30,110.899079,71.7,146.55,68.17,1.9364,38.6526,591.92,2674.79,5280.83,30833.42,17573.96,867.0,1797.38,2047.54,18.7,16.7,18.9,17.4,18.8,22.7,17.3,15.5,16.2,16.9,11.0,12.4,15.0,15.0,21.0,11.2,12.6,13.4,20.5,22.0,25.3,21.0,23.0,24.3,25.0,19.0,19.0,33.1,6.6,10.5,6.6,7.7,12.2,10.5,6.4,11.3,1019.9,1020.3,1021.5,1020.9,1020.4,1020.7,1020.8,1021.1,1021.1,125.117645
2024-10-01,125.117645,73.56,142.65,69.83,1.9846,39.2486,597.46,2806.67,5412.67,32540.79,18913.08,885.38,1844.92,2080.62,18.8,17.8,19.9,16.7,18.7,21.8,18.3,15.2,15.2,16.2,15.7,13.4,15.0,14.0,19.4,13.0,12.3,13.0,22.5,20.3,25.2,19.0,23.0,24.2,26.0,19.0,17.3,18.1,7.1,10.0,6.0,7.0,10.9,7.7,4.0,10.5,1016.8,1015.1,1016.9,1015.8,1017.3,1017.2,1017.1,1015.6,1016.1,127.625782
2024-10-02,127.625782,73.9,141.55,70.1,2.0135,38.8914,614.96,2821.5,5515.33,33047.88,19213.46,889.79,1875.75,2117.08,21.6,18.0,21.5,16.7,19.4,23.8,19.8,15.7,15.7,16.1,15.7,15.3,14.6,14.4,18.0,14.8,12.5,14.0,27.8,24.0,30.0,20.0,23.0,29.0,25.0,20.0,17.5,19.0,7.1,13.2,6.1,5.8,18.2,12.4,4.4,9.6,1010.9,1006.1,1010.5,1006.6,1012.1,1011.3,1010.7,1006.4,1006.8,115.87873
2024-10-03,115.87873,77.62,142.6,73.71,2.0988,39.7492,622.92,2820.0,5451.08,32672.96,18850.04,895.0,1862.38,2171.54,24.1,14.4,20.4,14.7,22.3,26.6,20.6,13.3,13.2,20.4,11.6,18.0,13.0,20.0,23.4,17.0,12.0,10.8,29.6,17.0,26.2,17.0,25.2,32.0,24.0,15.0,17.0,20.9,7.9,14.7,7.0,11.9,23.9,17.1,6.9,31.4,1005.9,1003.8,1005.1,1004.8,1005.6,1006.0,1003.0,1005.1,1004.2,117.803396
2024-10-04,117.803396,78.05,149.6,74.38,2.0926,40.744,611.17,2810.25,5328.67,32956.58,19124.5,889.83,1902.29,2289.88,23.0,13.1,18.9,13.6,19.7,21.9,17.2,13.2,11.8,18.6,11.7,14.0,12.0,17.0,20.8,14.2,9.8,10.5,27.0,16.0,24.1,15.0,22.7,23.0,20.0,17.0,13.0,22.5,7.3,14.3,4.9,13.3,24.5,13.8,7.0,20.1,1006.5,1007.8,1011.1,1007.9,1008.5,1011.3,1007.1,1007.9,1006.8,113.979309
2024-10-05,113.979309,,,,,,574.42,2255.5,4964.83,27061.29,14559.25,863.5,1803.46,2040.33,18.9,12.5,18.2,13.6,18.0,21.1,16.1,12.0,13.8,15.4,11.0,13.0,9.3,15.0,19.7,13.2,7.2,12.0,23.6,14.0,24.6,19.0,21.0,22.0,20.0,18.0,17.0,15.3,7.7,13.7,4.1,8.0,24.6,7.9,5.5,15.8,1010.3,1012.8,1013.6,1013.0,1010.9,1013.3,1010.6,1012.9,1012.1,118.361563
2024-10-06,118.361563,,,,2.079,,543.42,1983.67,4305.17,23369.04,12297.83,787.17,1579.92,1871.88,17.2,13.8,18.7,12.0,17.4,21.3,15.2,12.6,14.0,14.3,9.6,11.8,7.0,12.0,19.0,11.0,8.7,9.0,20.5,19.0,25.9,17.2,22.0,23.0,21.0,17.0,17.6,18.2,7.3,8.8,3.3,7.0,11.7,6.4,5.3,8.0,1012.9,1013.1,1013.8,1013.4,1013.6,1014.5,1013.6,1013.5,1012.6,125.243841
2024-10-07,125.243841,80.93,153.0,77.14,2.1517,40.9531,564.21,2696.83,5297.0,30764.88,17543.5,868.21,1749.25,2045.88,18.1,16.3,21.7,13.8,19.0,22.0,17.4,13.0,14.3,13.9,13.0,15.0,10.0,13.0,17.0,11.9,11.3,11.0,22.6,20.1,27.0,16.2,23.0,26.0,24.0,15.0,17.4,14.0,6.6,10.6,4.4,5.9,8.8,9.6,4.1,7.4,1017.2,1014.7,1013.8,1015.5,1017.2,1016.5,1016.4,1015.6,1015.3,113.583823
2024-10-08,113.583823,77.18,150.8,73.57,2.0751,38.557,573.62,2825.5,5514.79,32616.12,18886.21,895.58,1826.88,2093.54,22.0,17.3,20.3,14.8,20.0,24.4,19.7,13.0,16.8,17.8,15.0,16.6,14.0,16.0,21.0,17.1,11.5,14.0,27.4,20.3,24.4,16.1,25.0,28.8,24.0,15.0,20.0,22.0,10.2,13.3,9.5,8.5,16.9,18.5,4.7,18.9,1015.5,1008.4,1011.9,1008.4,1015.4,1014.4,1012.6,1008.6,1010.0,112.832282
2024-10-09,112.832282,76.58,147.0,73.24,2.0647,38.506,571.62,2840.83,5311.12,33072.67,19278.83,868.42,1865.79,2336.04,22.8,17.9,21.1,15.8,21.0,22.9,19.9,12.6,17.2,19.6,13.0,15.9,13.0,18.0,20.8,15.8,8.1,15.0,27.0,23.0,27.0,18.5,24.0,25.0,25.0,17.0,20.0,18.6,6.7,8.3,7.9,9.2,15.4,11.0,4.8,12.3,1010.9,1005.7,1011.7,1005.5,1012.3,1012.7,1010.8,1005.2,1005.4,103.286783
2024-10-10,103.286783,79.4,150.25,75.85,2.1463,40.0865,637.0,2863.5,5688.21,33681.96,19491.79,907.46,1937.42,2156.58,23.0,20.6,22.2,17.4,21.6,26.2,21.2,15.6,18.2,17.6,16.5,18.9,15.0,18.0,20.0,17.8,11.2,16.0,29.0,24.4,27.4,21.4,25.0,29.0,25.0,23.0,22.0,16.1,11.7,14.7,9.3,10.9,23.6,18.0,7.4,10.7,1007.1,1000.2,1008.1,1000.0,1008.5,1008.9,1006.4,1000.4,1000.6,103.896615
2024-10-11,103.896615,79.04,149.4,75.56,2.1471,39.71,617.08,2739.29,5583.62,32482.33,18636.88,864.67,1915.12,2125.67,22.0,16.8,19.7,14.7,20.1,22.2,18.1,14.0,16.6,18.0,12.7,15.0,9.9,17.3,19.3,13.0,8.1,13.0,24.7,21.0,26.0,20.2,22.6,24.0,25.0,21.0,21.0,20.2,6.8,13.0,4.1,8.3,17.1,6.8,6.7,11.9,1009.6,1010.2,1014.4,1010.8,1011.5,1013.5,1010.8,1011.0,1010.0,95.914472
2024-10-12,95.914472,,,,,39.71,555.25,2221.62,4793.38,27039.21,14769.0,829.54,1786.88,2083.54,18.9,15.9,18.9,14.9,18.8,20.4,17.2,13.6,15.2,16.2,10.5,12.8,11.0,14.0,16.5,11.0,9.3,11.0,21.8,20.0,25.0,19.0,23.8,23.2,25.0,18.0,19.0,22.5,6.8,11.9,4.4,6.1,13.1,6.8,5.3,9.8,1016.7,1017.7,1017.7,1018.4,1017.1,1017.2,1017.2,1018.4,1018.0,93.972585
2024-10-13,93.972585,,,,2.1166,,492.54,1981.5,4292.92,23827.83,12801.46,767.54,1614.17,1877.71,18.3,17.4,19.9,16.7,18.3,20.6,16.9,14.4,15.8,14.4,13.0,14.5,14.4,13.9,17.0,11.0,9.4,12.0,22.8,22.0,24.7,20.0,22.6,24.0,25.0,18.0,19.1,9.1,5.8,9.0,4.0,5.1,9.7,6.9,4.5,5.9,1018.9,1017.6,1019.0,1018.1,1019.7,1019.3,1019.7,1018.4,1017.2,119.192107
2024-10-14,119.192107,77.46,150.9,73.83,2.0603,40.5535,565.17,2584.58,5122.5,30770.46,17834.25,824.92,1747.08,2091.96,18.5,17.1,20.9,15.6,18.8,21.4,17.3,14.4,16.1,15.6,13.4,16.8,14.0,14.0,18.0,10.0,11.1,13.0,22.5,22.0,25.2,18.0,24.0,26.0,25.0,19.0,19.0,10.5,7.4,10.3,4.1,5.4,7.9,6.3,4.0,5.9,1020.1,1019.7,1019.5,1020.2,1020.5,1019.4,1020.6,1020.1,1019.6,108.982861
2024-10-15,108.982861,74.25,148.75,70.58,2.0417,40.0938,570.79,2774.67,5252.04,32622.62,19236.42,855.79,1769.62,2163.29,18.6,17.4,22.5,17.2,19.7,21.9,18.7,15.1,16.3,15.0,13.0,20.9,13.8,16.0,18.0,14.0,11.0,13.9,22.8,21.0,25.2,20.0,24.7,25.0,25.2,20.0,19.0,10.5,6.5,15.7,4.1,4.5,7.9,6.4,3.9,5.7,1020.2,1020.1,1017.7,1020.5,1019.9,1018.8,1019.8,1020.5,1020.3,122.980292
2024-10-16,122.980292,74.22,147.4,70.39,2.0507,39.4777,591.04,2829.17,5397.08,33130.0,19380.71,862.33,1854.88,2214.79,18.7,17.8,23.2,16.1,20.6,23.3,18.1,15.0,15.6,15.3,17.0,20.3,15.0,16.0,21.0,15.0,14.4,12.8,23.0,18.5,26.1,17.2,25.0,26.0,22.0,15.5,18.0,8.6,11.7,12.7,11.7,4.2,9.2,7.1,7.6,8.7,1021.5,1020.7,1016.3,1021.1,1020.4,1019.2,1020.0,1020.5,1021.8,118.411181
2024-10-17,118.411181,74.45,147.6,70.67,2.0423,39.5619,594.5,2812.21,5449.12,33317.83,19381.5,867.21,1891.67,2321.62,21.3,17.5,23.3,16.2,22.8,24.2,20.3,15.0,16.1,17.6,15.8,20.4,15.0,20.0,22.6,16.0,14.1,14.0,25.0,20.0,27.1,17.1,27.0,27.2,25.0,16.0,19.0,15.6,9.0,8.7,11.1,5.6,11.0,10.0,6.5,15.6,1020.8,1019.4,1015.9,1020.1,1019.8,1018.4,1019.2,1019.6,1021.0,115.66844
2024-10-18,115.66844,73.06,145.9,69.22,2.0019,39.3435,591.75,2860.25,5667.75,33689.5,19672.38,871.75,1862.21,2163.42,21.8,17.8,19.7,17.1,19.6,24.2,20.3,16.1,16.9,19.5,16.9,17.5,14.1,18.0,22.4,17.1,13.4,15.6,24.6,20.0,23.7,20.0,21.2,26.0,24.0,20.0,20.0,19.5,6.8,9.5,7.6,6.5,16.6,12.8,7.0,15.0,1017.8,1015.5,1016.8,1016.1,1017.2,1016.4,1016.3,1015.8,1016.4,109.49866
2024-10-19,109.49866,,,,,39.3435,537.5,2341.96,5057.83,27820.25,15256.5,821.04,1803.25,2002.17,19.4,16.7,17.6,14.6,18.2,20.5,17.9,15.2,16.8,18.2,15.6,15.0,12.5,16.0,17.0,16.2,11.7,15.0,20.4,17.0,20.4,16.2,20.4,23.0,21.0,19.0,20.0,32.6,6.8,15.7,4.0,6.7,15.5,9.0,5.6,17.1,1015.6,1015.9,1014.2,1017.8,1013.2,1011.8,1012.7,1018.1,1017.0,118.454176
2024-10-20,118.454176,,,,2.0059,,495.67,1965.46,4283.29,24199.17,13115.54,767.38,1609.79,1962.04,19.4,17.5,17.8,16.8,19.8,19.4,18.0,15.4,17.5,17.5,15.2,13.0,13.5,16.9,17.0,14.0,14.0,15.4,23.2,20.0,23.3,21.1,24.0,22.0,24.0,18.0,20.3,35.0,10.8,9.5,5.7,8.3,10.9,7.0,6.2,12.0,1020.7,1022.5,1017.8,1024.0,1017.9,1016.7,1018.5,1024.6,1023.8,128.871547
2024-10-21,128.871547,74.29,145.6,70.04,2.0149,40.0267,588.67,2699.5,5264.88,31350.92,18011.5,859.58,1826.04,2100.75,20.1,16.5,19.7,16.4,21.4,20.3,19.3,15.9,16.2,17.6,13.7,15.6,11.5,17.6,17.7,14.3,11.3,12.0,24.1,20.0,24.0,22.0,25.0,23.0,27.0,21.0,20.0,19.9,3.3,9.3,4.7,9.5,7.4,6.8,4.4,6.0,1027.6,1028.9,1023.7,1029.3,1025.3,1023.4,1025.4,1029.2,1029.0,124.155062
2024-10-22,124.155062,76.04,144.0,71.74,2.0677,41.0767,565.04,2862.38,5458.71,33204.83,19239.83,850.33,1877.38,2351.17,18.8,17.7,20.1,17.1,20.8,20.5,20.2,16.7,17.5,15.5,16.0,16.5,14.0,19.0,18.8,16.4,13.8,14.3,23.3,19.0,24.7,21.5,26.0,22.3,26.0,22.0,20.3,10.6,4.0,9.9,2.7,7.2,9.1,6.9,4.1,4.7,1027.7,1028.5,1024.6,1028.8,1026.7,1025.2,1026.3,1028.7,1028.4,123.413728
2024-10-23,123.413728,74.96,145.0,70.77,2.0489,41.4642,581.42,2892.21,5588.29,33351.38,19559.12,851.12,1847.58,2031.62,17.8,16.9,20.6,16.6,20.8,21.5,17.7,15.7,16.5,14.4,16.0,17.0,15.0,17.0,19.6,15.9,12.0,15.6,21.6,18.0,24.6,18.0,24.6,23.2,19.0,22.0,18.0,7.5,4.6,8.2,4.5,5.4,7.9,6.0,5.0,9.5,1028.0,1028.3,1025.4,1029.1,1027.1,1026.0,1027.4,1028.7,1028.5,119.625918
2024-10-24,119.625918,74.38,145.9,70.19,2.0306,42.2795,587.25,2917.17,5809.25,33482.83,19486.67,862.88,1833.17,1986.46,17.7,16.0,21.3,16.2,20.4,21.3,19.2,14.7,15.6,13.8,15.7,17.4,15.0,18.9,18.9,16.8,13.2,14.8,22.4,16.1,25.0,17.0,23.0,24.0,24.0,16.0,17.0,8.6,5.3,14.6,7.4,4.2,10.9,6.3,4.2,16.3,1027.1,1027.5,1024.6,1028.1,1027.0,1026.2,1026.8,1028.0,1027.8,121.776013
2024-10-25,121.776013,76.05,145.9,71.78,2.082,43.6075,598.5,2837.75,5507.33,33089.96,19312.79,858.71,1835.42,2139.46,17.9,16.6,22.3,15.4,20.8,21.0,18.9,14.3,16.4,15.1,15.0,21.6,14.9,16.0,19.0,15.2,13.5,14.7,22.0,18.0,24.1,16.2,27.0,23.1,24.0,15.0,19.0,8.8,7.2,24.6,8.6,5.8,9.2,6.8,6.7,8.0,1024.8,1023.9,1021.0,1024.7,1024.1,1023.2,1023.8,1024.7,1024.6,114.392892
2024-10-26,114.392892,,,,,,552.04,2335.92,4938.42,27656.08,15191.17,831.12,1775.83,2031.58,17.8,18.0,22.4,16.4,19.7,20.3,18.4,14.5,17.3,13.6,16.0,21.0,15.4,16.0,18.0,14.2,12.8,16.0,22.4,20.2,24.5,17.0,23.8,23.0,24.0,16.0,19.0,14.1,5.5,30.8,9.4,5.3,7.1,7.5,5.3,11.8,1022.9,1021.2,1017.9,1021.8,1022.1,1020.8,1021.7,1021.5,1022.3,114.060054
2024-10-27,114.060054,,,,2.0142,,544.56,2134.6,4689.44,24751.08,13295.88,777.76,1647.28,1661.56,18.1,18.5,20.4,16.8,19.2,20.8,18.1,15.1,17.1,14.1,17.0,15.9,14.0,15.0,17.0,14.3,12.4,14.0,23.7,20.0,23.2,19.4,24.0,25.0,24.0,18.0,20.2,14.7,4.2,16.7,6.5,4.8,8.2,7.0,5.3,6.0,1023.3,1023.2,1018.9,1023.8,1022.8,1020.8,1022.7,1023.8,1023.5,117.949774
2024-10-28,117.949774,71.42,144.5,67.38,1.9753,42.669,549.08,2707.17,5118.5,31193.25,18077.5,848.38,1731.88,2160.75,17.7,17.5,21.7,15.6,18.8,21.0,17.7,13.8,17.5,14.0,14.9,18.6,12.0,14.0,18.8,13.4,9.3,15.0,21.2,20.3,24.2,21.0,23.9,23.6,25.0,19.9,20.0,14.0,4.9,17.6,3.0,5.4,10.4,6.8,4.2,3.9,1025.1,1026.0,1022.8,1026.4,1024.3,1023.2,1024.8,1026.4,1025.8,129.425697
2024-10-29,129.425697,71.12,145.25,67.21,1.9581,42.3064,573.96,2855.96,5415.67,33202.25,19632.58,834.71,1797.46,2091.92,17.8,16.0,19.7,14.8,18.2,19.9,17.1,13.8,16.1,15.7,13.2,15.1,9.6,14.0,17.7,12.0,10.0,12.0,20.8,20.0,24.4,21.0,23.0,22.3,25.0,19.3,21.0,20.6,8.2,10.2,2.6,4.6,8.3,7.0,4.0,4.7,1024.3,1025.4,1023.1,1025.8,1024.0,1023.6,1024.3,1026.0,1024.9,126.653477
2024-10-30,126.653477,72.16,145.0,68.61,1.9659,41.5269,563.88,2855.67,5398.42,32977.12,19263.75,874.54,1818.38,2202.5,17.7,15.9,20.9,14.2,17.9,19.3,16.5,14.0,16.7,15.0,12.6,18.6,9.7,13.0,16.0,12.0,9.1,12.0,20.4,21.0,24.2,21.0,24.0,22.4,24.0,21.0,22.5,22.3,7.8,13.5,2.9,5.0,7.8,7.4,4.4,5.4,1023.1,1024.6,1022.0,1025.2,1022.8,1022.4,1023.0,1025.2,1023.8,116.436213
2024-10-31,116.436213,72.81,144.05,69.26,2.0012,38.5843,574.92,2678.58,5256.42,31579.92,18215.0,851.67,1787.92,2215.42,17.4,14.9,20.7,13.4,18.3,19.7,16.2,14.0,16.2,14.6,11.9,17.9,9.0,12.0,17.0,11.0,8.8,10.9,20.7,20.1,24.6,20.0,25.0,22.2,24.0,21.0,21.0,19.6,8.0,11.6,2.8,5.9,6.0,7.9,4.1,6.5,1024.0,1025.5,1021.7,1026.1,1023.2,1021.8,1023.5,1026.0,1025.0,107.458997
2024-11-01,107.458997,73.1,143.95,69.33,1.964,38.9382,486.75,2046.58,4395.42,23535.25,12380.46,780.83,1616.12,1829.08,16.7,14.1,20.4,13.3,17.2,19.1,15.9,13.8,14.5,13.3,10.2,15.5,8.2,11.9,16.0,10.0,10.1,10.0,20.8,20.0,24.0,21.0,24.6,22.3,24.0,21.0,19.0,17.3,8.6,12.0,3.0,5.7,9.8,7.9,4.3,5.8,1024.0,1024.4,1021.8,1024.7,1023.6,1022.7,1024.0,1024.8,1023.8,114.811075
2024-11-02,114.811075,,,,,38.9382,503.79,2093.71,4471.04,24465.46,12932.04,808.12,1653.08,2003.67,16.1,14.1,20.7,12.6,16.3,18.4,14.9,13.1,12.2,12.6,10.0,16.0,7.0,10.9,15.0,9.0,8.2,9.7,20.1,20.0,23.1,20.0,23.0,22.0,23.0,21.0,14.1,17.6,7.5,18.5,2.5,5.8,10.7,8.0,4.0,5.8,1021.7,1022.7,1021.2,1023.1,1021.6,1021.6,1022.4,1023.1,1022.7,107.696922
2024-11-03,107.696922,,,,1.9948,,513.88,1988.25,4267.12,23095.92,12247.33,757.88,1535.29,1786.17,16.9,11.4,17.9,12.0,16.5,18.8,14.6,12.2,13.3,14.1,10.0,12.6,7.8,11.0,16.0,9.0,8.8,10.0,20.2,15.0,23.0,17.0,23.2,22.0,23.0,18.0,17.4,22.5,4.6,8.2,3.9,5.1,10.1,7.2,5.1,11.8,1024.2,1026.9,1024.0,1027.4,1023.8,1023.5,1024.1,1027.4,1027.0,128.38595
2024-11-04,128.38595,75.08,143.9,71.47,2.0203,40.4913,547.83,2668.79,5076.08,30188.75,17397.04,824.08,1655.92,2019.0,17.0,12.2,16.1,9.4,16.6,18.1,14.6,11.0,11.7,14.3,8.0,10.4,7.0,11.4,14.0,8.0,7.9,7.0,19.6,17.0,22.0,12.4,22.0,21.1,22.0,15.0,17.0,22.1,6.4,7.8,4.9,6.6,7.8,7.7,5.5,6.0,1024.9,1026.5,1024.2,1027.0,1024.3,1023.9,1024.6,1027.0,1026.1,124.897887
2024-11-05,124.897887,75.53,142.9,71.99,2.0428,40.3622,560.33,2785.92,5315.29,32432.79,19006.04,824.5,1738.25,2202.46,15.6,10.2,16.9,9.3,15.8,17.9,14.1,11.2,12.0,12.5,8.9,11.3,7.7,12.0,14.0,8.0,8.0,8.0,19.6,12.0,22.2,12.7,21.0,21.0,22.0,18.0,18.0,14.7,9.1,9.0,4.0,5.6,7.8,7.3,3.7,8.6,1025.2,1026.3,1023.4,1026.8,1024.1,1023.1,1024.4,1026.4,1025.6,126.539732
2024-11-06,126.539732,74.92,141.1,71.69,2.0345,40.6712,587.75,2798.79,5388.29,33046.08,19409.12,838.08,1798.83,2225.21,15.3,8.3,17.6,8.3,16.3,18.5,13.9,9.6,11.7,12.0,6.0,12.9,6.0,11.0,15.6,8.0,7.6,7.9,19.5,11.0,22.5,12.0,22.0,21.4,21.0,14.0,17.0,10.4,7.6,9.1,3.8,6.3,9.0,7.6,3.9,7.4,1027.4,1028.7,1024.4,1029.0,1025.5,1024.2,1026.0,1028.7,1028.1,126.958081
2024-11-07,126.958081,75.63,142.2,72.36,2.0491,41.5553,593.71,2741.96,5341.83,32456.83,18988.25,833.71,1760.54,2196.83,14.5,8.0,17.9,8.0,17.1,18.5,14.1,10.3,9.8,11.0,5.0,12.0,5.8,13.0,15.8,9.0,6.3,6.0,19.3,11.1,23.3,14.0,22.0,22.0,21.0,17.0,14.0,10.5,5.8,10.1,2.5,7.6,7.5,9.4,3.3,6.4,1029.1,1030.3,1024.4,1030.5,1027.0,1025.4,1027.2,1030.3,1029.9,118.50545
2024-11-08,118.50545,73.87,143.35,70.38,2.0123,42.0442,599.79,2862.29,5575.58,32993.17,19258.58,842.04,1837.17,2017.71,13.8,8.9,18.4,7.8,17.3,19.4,14.5,8.7,9.5,10.3,7.4,15.9,5.8,14.0,16.0,10.4,4.6,5.0,18.6,11.0,22.2,11.1,21.2,22.0,21.0,15.0,14.5,8.6,5.9,7.6,2.8,6.2,9.0,9.1,3.8,6.2,1027.4,1028.8,1022.2,1029.1,1025.1,1023.4,1025.3,1028.9,1028.5,119.18794
2024-11-09,119.18794,,,,,,579.92,2416.67,4930.21,27336.33,15009.75,834.12,1691.79,1873.88,14.2,10.1,17.1,8.5,16.3,18.5,14.2,8.3,10.0,10.7,7.0,12.5,6.0,13.0,15.7,10.1,5.0,6.0,18.5,13.0,22.6,12.0,22.0,21.0,20.0,14.0,15.0,15.2,7.9,6.5,4.0,5.6,6.8,9.7,3.8,6.0,1024.5,1026.8,1021.2,1027.2,1022.9,1021.6,1023.1,1027.3,1026.0,120.06217
2024-11-10,120.06217,,,,2.0091,,508.67,2076.21,4494.21,24280.5,12982.08,766.25,1638.0,1815.08,14.9,9.1,15.9,6.9,16.0,18.4,14.2,9.8,9.9,11.8,4.6,11.5,4.0,12.7,15.0,10.4,6.0,4.0,18.6,15.0,21.3,13.0,21.1,21.0,20.0,16.0,18.0,19.3,7.4,7.6,3.2,7.2,10.7,9.7,4.1,11.3,1020.3,1022.9,1017.8,1023.5,1019.2,1017.6,1019.6,1023.3,1022.3,127.126835
2024-11-11,127.126835,71.83,142.25,68.04,1.9567,43.9516,603.67,2795.83,5374.33,32021.88,18603.96,791.08,1765.83,2087.17,13.8,8.0,15.5,6.6,15.4,17.0,12.8,8.9,8.9,11.5,3.7,10.7,2.0,13.0,14.0,8.0,5.1,5.0,16.4,14.0,22.2,13.0,19.1,20.0,20.0,15.0,14.0,17.2,6.6,6.1,3.8,13.3,6.6,9.9,5.6,15.0,1021.0,1023.8,1017.2,1024.2,1019.1,1016.2,1019.6,1023.9,1024.0,139.60871
2024-11-12,139.60871,71.89,142.25,68.12,1.962,43.4473,605.67,2920.88,5585.62,34020.5,20146.67,804.0,1831.62,2126.04,13.3,6.5,14.9,8.4,14.0,17.5,11.9,7.6,7.1,9.5,3.0,12.7,5.0,11.0,16.0,6.0,3.3,3.0,16.2,11.0,18.0,13.0,17.0,19.0,19.0,12.0,12.0,17.0,7.2,9.1,4.5,14.8,7.6,10.8,6.2,15.9,1020.2,1023.3,1015.0,1023.9,1017.3,1013.7,1017.9,1024.0,1023.7,138.067563
2024-11-13,138.067563,72.28,141.5,68.43,1.9533,43.9012,642.0,3224.33,5590.88,34483.67,20237.25,836.25,1799.17,2153.79,14.0,7.1,15.3,6.8,13.2,19.3,10.0,5.8,6.7,10.9,2.0,9.9,1.4,11.9,16.7,5.0,0.8,2.0,17.4,13.0,21.0,13.0,15.0,22.0,16.0,13.0,11.4,12.4,5.1,6.0,3.1,14.9,21.2,9.5,4.3,11.0,1021.0,1023.7,1018.1,1023.7,1018.6,1016.8,1019.8,1023.7,1023.9,133.489097
2024-11-14,133.489097,72.56,141.5,68.7,1.9757,46.3361,630.75,2950.79,5679.67,34366.5,20207.71,817.29,1838.08,2242.21,13.2,7.0,14.4,7.5,13.0,18.8,8.9,6.1,6.7,10.9,4.3,8.5,3.5,10.0,16.1,6.0,2.5,3.0,14.7,11.0,20.7,12.0,17.0,20.7,13.0,12.0,10.0,12.2,7.7,7.2,4.8,9.7,9.6,13.4,5.0,12.8,1017.4,1023.0,1018.1,1023.2,1016.6,1017.3,1017.9,1023.4,1023.2,134.550334
2024-11-15,134.550334,71.04,141.75,67.02,1.9484,45.7059,674.75,2955.96,5974.79,34244.83,20081.08,849.33,1815.42,1893.5,11.4,6.0,13.8,5.3,11.3,17.7,9.5,5.7,6.0,8.6,2.0,9.0,1.0,8.0,16.0,4.0,2.0,0.7,13.5,12.0,19.2,12.0,15.2,19.0,17.0,12.0,12.0,31.7,6.3,7.8,2.8,9.6,16.7,16.7,2.2,7.1,1017.2,1023.9,1020.4,1024.0,1018.4,1018.1,1019.4,1023.8,1024.0,133.198947
2024-11-16,133.198947,,,,,45.7059,592.71,2357.96,5474.29,28686.42,15785.54,859.04,1756.58,1860.29,12.7,5.4,11.1,3.6,11.5,16.5,9.1,5.1,6.7,10.6,1.8,3.9,1.0,6.5,13.0,2.0,1.6,3.0,14.9,11.0,19.3,5.6,17.0,19.0,18.0,11.0,12.0,25.8,7.0,8.5,5.1,7.2,8.3,8.1,3.2,8.2,1020.3,1022.8,1022.4,1023.2,1020.6,1020.4,1021.4,1022.7,1022.1,123.857666
2024-11-17,123.857666,,,,1.9439,,567.21,2173.04,4773.04,25934.42,14066.04,803.12,1638.42,1913.54,12.3,4.1,12.9,6.2,12.3,16.1,9.8,4.5,4.5,9.6,0.0,6.0,2.9,6.7,13.0,1.0,1.0,0.9,16.3,9.2,21.0,10.3,17.0,19.0,18.0,9.0,8.0,12.5,4.3,9.9,4.0,5.3,9.5,7.2,3.3,6.6,1016.7,1015.3,1018.1,1015.3,1017.1,1017.9,1017.2,1015.2,1015.2,137.210192
2024-11-18,137.210192,73.3,141.75,69.16,2.0164,47.1514,628.54,2876.25,5716.62,33458.62,19487.17,854.29,1783.12,2112.62,13.6,7.2,16.0,7.2,14.8,18.3,14.8,7.2,7.7,10.5,3.0,12.0,3.5,10.0,16.0,9.0,3.6,4.0,17.3,11.0,21.0,9.6,19.0,21.0,21.0,13.0,12.0,11.8,4.2,11.7,2.6,5.3,16.2,11.9,4.1,7.2,1013.9,1012.9,1016.2,1013.2,1013.8,1015.1,1012.7,1013.1,1012.7,141.381389
2024-11-19,141.381389,73.31,141.25,69.24,2.0346,45.904,660.54,3030.54,6044.25,35679.88,21087.75,883.46,1826.54,2146.79,15.0,7.0,16.1,6.8,15.5,19.6,15.3,6.2,8.6,11.5,5.0,11.0,3.6,10.0,17.0,9.0,3.6,5.0,19.8,11.0,22.0,8.4,18.0,21.0,20.0,10.0,12.0,16.8,5.0,9.6,2.8,11.5,23.5,11.4,3.6,5.4,1012.7,1009.8,1016.2,1010.2,1013.5,1016.1,1011.9,1010.0,1009.5,130.983648
2024-11-20,130.983648,72.81,141.5,68.75,2.0426,46.5855,685.21,2942.96,6570.08,35406.96,20854.08,871.67,1834.75,1648.21,16.5,8.7,18.0,9.3,18.0,20.2,16.6,6.6,8.6,12.5,6.0,13.0,6.8,16.0,19.0,13.1,0.4,7.0,20.0,14.0,23.0,14.9,20.0,22.0,19.0,15.0,11.0,29.7,12.2,16.3,12.1,24.6,32.4,18.7,12.9,7.5,1003.7,998.4,1010.8,999.9,1005.1,1011.0,1003.9,1000.6,997.5,134.30106
2024-11-21,134.30106,74.23,141.5,70.1,2.048,48.6731,631.96,2977.88,5936.38,35703.0,21264.54,883.12,1848.46,2160.67,13.0,6.2,17.1,4.3,14.5,19.3,12.1,0.9,4.9,11.6,1.0,13.0,-0.3,12.0,18.0,6.0,-2.0,1.0,15.7,11.0,21.0,8.4,17.0,20.0,17.0,7.0,9.0,26.4,12.1,11.5,6.5,9.1,29.0,10.4,6.6,10.6,1007.2,1002.3,1010.4,1003.4,1007.0,1010.8,1006.6,1003.5,1002.8,136.389945
2024-11-22,136.389945,75.17,141.25,71.18,2.0566,46.8944,643.92,3030.38,5943.96,35574.46,20821.92,910.04,1826.17,2398.08,16.1,6.4,16.3,5.3,15.9,19.2,13.6,1.4,5.3,11.1,3.7,11.6,1.6,8.6,17.8,8.2,-3.9,2.8,20.3,11.0,19.0,11.0,19.0,21.0,17.0,10.0,9.0,37.1,19.7,21.9,15.4,19.3,30.0,16.6,18.2,8.2,1003.4,1002.3,1010.4,1004.3,1005.1,1010.1,1004.6,1005.8,1001.0,137.896267
2024-11-23,137.896267,,,,,46.8944,615.88,2548.0,5360.17,30059.92,16837.42,869.08,1753.33,2076.04,10.2,6.4,11.3,5.0,8.9,15.9,7.2,0.7,4.2,8.5,1.7,7.0,-0.3,6.0,13.0,1.0,-6.0,0.0,11.5,12.0,16.0,12.0,13.0,18.0,14.0,10.0,9.0,31.0,8.9,10.1,6.4,9.3,22.8,8.2,5.0,6.3,1026.1,1026.2,1028.1,1026.6,1026.2,1026.3,1027.3,1027.3,1025.6,132.272329
2024-11-24,132.272329,,,,2.0593,,592.17,2169.96,4863.71,27248.96,15171.33,805.96,1685.08,1960.75,9.3,5.7,13.1,6.6,8.0,13.9,7.1,2.3,5.2,4.8,2.7,5.6,4.9,1.7,8.6,1.0,-2.2,1.0,14.4,10.0,19.3,9.0,15.2,19.0,17.0,11.0,9.0,11.9,5.1,14.8,6.2,4.6,6.9,7.3,3.7,5.9,1034.5,1032.9,1030.9,1033.0,1034.2,1033.0,1034.5,1033.2,1032.8,143.310619
2024-11-25,143.310619,73.01,141.0,68.94,1.9902,47.8933,660.71,2973.71,5873.42,34967.58,20610.62,888.54,1825.46,2135.12,9.2,6.5,16.1,6.7,9.4,16.4,7.7,3.7,6.1,5.1,2.0,11.0,6.0,3.0,12.0,4.0,-0.4,3.0,14.2,9.2,20.5,8.0,14.1,19.5,11.8,10.0,8.0,9.9,5.0,10.7,7.0,5.5,8.4,10.2,5.0,3.7,1029.8,1028.1,1025.2,1028.2,1029.4,1028.4,1029.1,1028.5,1028.1,150.17188
2024-11-26,150.17188,72.81,141.0,68.77,1.9905,46.5639,662.38,3110.25,6027.88,36625.67,21821.12,905.83,1879.0,2219.21,12.1,7.2,12.7,7.2,14.5,19.0,14.6,6.4,7.6,7.2,3.2,6.9,5.9,11.0,17.0,10.0,3.6,4.6,18.2,10.0,21.0,8.2,18.0,22.0,20.0,11.0,9.2,11.3,5.6,7.3,3.5,5.6,15.8,10.2,4.8,5.7,1024.2,1023.0,1022.2,1023.3,1024.5,1024.1,1023.4,1022.9,1022.9,155.751948
2024-11-27,155.751948,72.83,140.7,68.72,1.9748,46.4469,663.92,3152.0,6208.12,36846.17,21825.12,904.38,1845.21,2247.42,14.1,8.9,14.0,9.4,16.0,18.5,14.0,6.4,9.4,10.0,6.9,7.6,8.0,13.0,17.0,8.0,2.5,7.0,19.0,11.0,23.0,12.0,20.0,21.0,19.0,13.0,12.3,11.4,6.6,10.5,4.8,4.3,11.9,8.5,3.1,6.2,1023.5,1024.0,1022.7,1024.2,1023.9,1023.7,1023.0,1024.3,1023.3,144.601669
2024-11-28,144.601669,73.0553,139.45,68.9259,1.9789,46.722,683.58,3105.83,6157.67,36475.88,21492.25,932.75,1859.71,2244.08,14.7,10.1,12.6,9.2,15.4,18.1,12.8,5.6,8.2,11.3,7.0,7.6,7.0,13.9,14.8,9.0,3.0,5.0,18.7,14.0,19.1,11.1,18.2,21.0,20.0,11.0,11.0,13.5,5.7,12.5,5.3,5.3,10.7,5.7,3.3,7.1,1023.4,1022.6,1025.0,1022.6,1023.8,1024.2,1023.7,1023.0,1022.4,136.71907
2024-11-29,136.71907,72.38,138.9,68.63,1.9063,47.9111,697.54,3097.54,6195.58,36510.33,21338.12,912.25,1893.75,2375.54,13.7,8.6,14.2,7.8,13.5,18.4,12.6,5.6,8.5,12.4,6.0,8.4,4.0,11.0,17.0,8.4,1.5,4.0,15.2,11.0,21.2,11.0,15.0,19.0,18.0,11.0,14.0,25.7,5.4,10.8,3.7,10.3,23.1,13.0,5.4,7.4,1020.4,1025.7,1023.3,1025.9,1020.9,1021.7,1021.2,1026.0,1025.6,121.279654
2024-11-30,121.279654,,,,,47.9111,638.46,2474.38,5314.38,30013.71,16653.12,873.46,1807.0,2252.92,11.0,6.9,12.4,4.7,9.8,15.6,9.3,4.7,6.1,9.2,4.0,6.0,3.0,7.0,14.0,7.1,0.8,2.0,12.0,11.0,18.6,7.0,12.4,18.0,13.0,9.0,11.2,32.3,8.4,9.3,4.0,13.7,26.6,22.1,3.7,9.0,1018.5,1029.6,1024.5,1030.1,1020.7,1019.9,1023.3,1030.1,1029.2,115.318871
2024-12-01,115.318871,,,,1.9054,,638.46,2474.38,5314.38,30013.71,16653.12,873.46,1807.0,2252.92,13.2,5.5,9.4,3.4,10.8,15.1,10.2,3.6,7.3,11.8,1.0,3.0,0.0,7.0,12.0,6.7,0.0,2.0,14.4,10.0,18.0,6.3,15.0,16.0,15.0,10.0,14.0,35.1,12.2,12.4,4.5,7.1,19.6,18.1,4.0,10.5,1017.4,1026.0,1023.5,1027.1,1018.8,1019.6,1020.4,1026.9,1025.0,137.604689
2024-12-02,137.604689,71.93,136.0,68.17,1.9176,48.5033,681.75,2951.08,5872.71,34424.12,19898.25,900.54,1864.33,2255.46,12.0,5.1,10.7,3.2,11.6,15.7,8.2,4.2,7.5,10.6,1.0,3.4,-2.0,7.0,14.0,2.0,1.0,3.5,14.2,11.0,19.0,10.0,17.0,17.0,16.0,12.0,13.0,19.2,6.8,10.2,2.9,6.9,11.6,7.1,2.4,8.8,1018.7,1021.2,1021.0,1021.5,1018.6,1019.0,1019.4,1021.2,1020.7,159.843624
2024-12-03,159.843624,73.66,135.15,69.97,1.96,48.4156,711.75,3174.58,6085.54,36799.5,21731.88,915.46,1861.08,2319.21,11.6,4.6,13.2,5.7,11.2,15.7,8.2,4.0,5.6,8.9,1.0,8.7,1.8,5.9,13.0,2.0,1.0,2.5,14.9,7.3,19.1,10.0,16.0,18.0,13.0,10.0,9.0,10.0,6.6,11.8,4.0,5.0,11.7,9.7,4.4,12.9,1016.2,1016.8,1017.5,1016.8,1015.7,1016.7,1015.6,1016.8,1016.6,167.946253
2024-12-04,167.946253,72.31,134.0,68.54,1.9389,47.2828,696.79,3134.12,6050.58,36990.08,21736.88,947.08,1966.17,2458.46,11.9,6.4,12.6,5.2,11.6,15.9,10.3,4.6,8.3,9.2,5.0,9.0,1.0,8.2,12.0,7.0,0.2,7.0,15.8,7.1,16.7,12.0,17.0,18.0,13.0,11.0,10.3,12.2,11.2,11.5,3.1,6.4,16.0,14.2,3.8,16.3,1015.0,1019.8,1015.4,1020.5,1013.9,1014.2,1013.8,1021.0,1019.7,148.532533
2024-12-05,148.532533,72.09,132.6,68.3,1.9331,46.4822,699.33,3115.79,5894.42,37078.92,21875.96,935.12,2001.58,2556.71,12.1,5.7,10.8,3.5,11.6,14.6,10.0,2.8,6.1,10.8,2.0,7.0,-1.0,9.0,12.0,6.5,-1.4,3.0,13.5,10.0,17.0,9.0,14.0,17.0,15.0,9.0,10.0,23.1,7.9,16.6,3.3,15.7,22.8,25.1,5.9,12.8,1013.9,1024.1,1019.2,1024.6,1014.2,1012.5,1016.1,1024.6,1024.3,144.739709
2024-12-06,144.739709,71.12,132.4,67.2,1.9034,46.5302,699.0,3075.67,6483.75,36742.92,21367.83,947.58,1948.21,2220.88,11.8,4.4,12.7,3.4,11.1,15.6,7.9,2.2,3.5,10.3,1.0,4.6,1.0,7.2,12.7,3.0,-1.6,1.0,12.7,9.0,19.5,8.0,15.0,17.0,15.0,8.0,7.2,19.3,8.9,16.5,7.0,8.1,20.3,10.8,4.9,6.5,1016.1,1017.1,1019.4,1017.3,1016.2,1017.2,1016.8,1017.6,1017.0,142.820896
2024-12-07,142.820896,,,,,46.5302,660.83,2575.12,5545.83,30802.96,17088.0,887.33,1922.62,2123.21,10.7,3.0,15.0,1.8,11.8,16.2,9.1,0.6,3.3,7.2,-1.0,10.7,-2.0,8.0,14.0,2.0,-1.6,-1.2,13.5,7.0,19.4,4.4,16.0,18.0,15.0,4.0,8.0,20.9,7.8,16.2,4.1,6.7,13.5,10.0,4.5,8.7,1012.9,1012.1,1014.3,1012.4,1012.3,1013.2,1012.2,1012.0,1012.8,127.987757
2024-12-08,127.987757,,,,1.9087,,581.21,2236.17,4801.79,26219.83,14036.83,839.12,1764.33,1960.38,11.7,4.5,11.2,4.3,11.1,14.9,9.7,2.7,7.4,7.5,2.9,10.0,3.7,8.0,12.0,7.2,-0.3,6.0,15.8,7.0,13.4,5.0,14.0,17.0,13.0,9.0,9.4,24.0,20.5,23.9,6.5,12.8,39.0,13.6,5.1,34.0,1001.0,999.7,1004.9,1001.6,999.9,1005.9,997.1,1001.8,1000.4,129.840673
2024-12-09,129.840673,72.14,133.25,68.37,1.9425,44.9266,698.29,3213.96,6047.79,35357.58,20204.58,968.0,1980.96,2244.0,11.5,5.8,10.3,6.1,10.3,13.2,8.3,3.6,7.2,9.0,5.0,8.5,4.3,7.7,11.0,5.2,1.4,5.0,14.8,6.4,14.2,9.0,14.0,15.2,13.0,8.0,9.0,17.1,12.3,9.3,4.8,6.6,28.4,8.5,6.1,17.1,1006.3,1009.6,1008.0,1010.1,1006.5,1009.1,1005.2,1010.5,1009.4,158.318915
2024-12-10,158.318915,72.19,133.25,68.59,1.9495,45.6506,697.46,3251.71,6199.33,37738.62,22139.08,952.54,2004.29,2494.21,9.5,5.5,10.3,6.6,9.9,13.0,9.7,5.3,7.6,5.2,5.0,6.4,4.5,7.7,11.6,7.6,3.0,6.0,13.0,6.0,15.0,9.0,14.0,15.1,14.1,7.0,9.1,8.2,13.4,7.0,4.0,5.4,21.9,8.2,5.5,17.5,1014.4,1018.3,1013.8,1018.5,1013.8,1014.8,1013.4,1018.2,1018.2,182.117511
2024-12-11,182.117511,73.52,132.5,70.29,1.9907,44.722,733.88,3217.21,6366.92,37227.67,21786.08,986.75,1995.75,2141.08,7.8,6.9,9.9,5.7,10.7,13.7,9.1,6.0,6.5,3.0,4.0,4.6,1.9,7.4,10.0,6.0,2.0,3.0,14.0,10.0,16.4,11.0,16.0,17.1,13.6,11.0,11.0,7.1,8.4,6.1,3.8,6.4,14.6,7.3,4.1,9.2,1021.7,1024.8,1020.6,1024.6,1021.4,1021.0,1020.9,1024.2,1024.8,174.188461
2024-12-12,174.188461,73.41,133.0,70.02,1.9925,42.5608,730.42,3266.71,6305.29,37752.25,22166.12,1002.42,1981.42,2299.88,8.8,4.3,11.3,2.8,10.3,13.7,8.8,2.9,4.6,5.0,1.0,5.6,0.0,5.0,9.8,4.0,-1.0,2.0,14.0,8.0,16.0,7.0,15.0,17.0,13.3,8.0,9.0,10.0,6.9,12.4,4.0,8.6,6.0,6.8,4.7,9.5,1026.7,1028.4,1021.1,1028.9,1025.7,1022.7,1024.8,1028.2,1029.1,173.847205
2024-12-13,173.847205,74.49,130.75,71.29,1.9948,41.1459,727.42,3301.08,6268.38,37446.46,21834.5,1011.96,1987.12,2316.0,8.9,3.2,12.3,3.6,11.5,17.4,11.3,0.7,3.5,3.9,1.4,8.0,1.7,10.0,11.0,7.9,-3.0,-1.0,13.0,4.2,19.0,6.0,13.0,22.2,15.0,4.0,8.0,9.5,6.5,8.2,4.8,8.8,15.7,13.9,3.3,8.9,1028.5,1028.9,1021.4,1029.8,1024.9,1022.0,1023.0,1028.3,1029.1,125.002226
2024-12-14,125.002226,,,,,,656.25,2613.42,5655.12,30841.75,17021.25,953.67,1910.75,2031.29,13.7,5.5,11.2,4.7,12.9,16.4,9.3,0.5,5.2,8.6,4.0,6.4,2.6,9.2,13.0,6.9,-0.8,3.0,18.1,9.0,18.2,8.0,16.0,18.0,14.0,4.0,8.0,20.2,7.5,8.0,6.8,8.5,16.4,6.3,4.5,9.3,1021.7,1022.5,1025.0,1022.6,1022.1,1024.5,1022.0,1023.0,1021.9,119.50793
2024-12-15,119.50793,,,,2.0002,,638.33,2343.79,5185.46,27715.08,14932.67,924.83,1817.62,1872.38,10.3,2.8,9.6,1.4,10.6,14.4,8.0,1.9,4.8,8.8,1.0,6.0,0.0,8.0,9.0,3.0,-3.0,2.0,12.7,5.0,15.0,2.3,15.0,17.0,14.0,12.0,7.0,21.3,6.5,12.1,5.7,7.8,20.3,9.9,6.4,7.8,1022.4,1025.9,1026.1,1025.9,1022.4,1023.9,1023.5,1026.2,1025.2,134.23022
2024-12-16,134.23022,73.91,128.75,70.71,1.9729,39.4746,712.62,3083.38,6118.12,35502.42,20482.96,975.67,1989.62,2140.04,11.3,3.7,8.5,3.9,10.9,13.7,6.8,4.4,2.7,9.2,-1.0,2.9,-0.1,8.0,10.9,0.0,-1.5,1.7,13.8,11.0,16.4,11.7,16.0,16.0,15.0,14.0,4.0,27.4,5.7,9.9,3.3,9.6,18.7,8.0,4.0,5.5,1032.9,1033.9,1036.0,1033.8,1033.1,1032.1,1034.5,1034.0,1034.0,135.723492
2024-12-17,135.723492,73.19,130.35,70.08,1.9462,42.0207,720.62,3187.58,6302.92,36599.5,21182.62,990.92,1997.38,2217.46,10.5,1.6,9.0,4.8,9.9,13.2,7.6,4.1,3.7,6.5,-1.3,3.5,-0.3,4.0,9.7,0.0,1.5,1.9,15.9,6.0,16.0,13.0,16.4,16.3,18.0,10.0,6.0,9.3,3.6,13.2,4.4,4.9,7.2,6.0,2.3,6.2,1031.4,1031.1,1034.7,1030.8,1032.2,1033.2,1032.9,1030.9,1031.2,128.681053
2024-12-18,128.681053,73.39,128.6,70.02,1.9296,41.1137,745.29,3165.04,6268.46,36425.92,20948.33,1015.38,2001.83,2281.58,10.3,2.8,9.3,5.2,11.1,13.1,7.1,5.2,3.2,8.3,-1.0,3.6,2.6,6.0,8.0,0.0,1.7,0.9,13.9,9.0,16.3,9.7,16.0,16.0,14.0,10.0,7.0,13.5,4.1,10.7,4.5,4.5,8.6,5.7,4.1,5.6,1027.8,1027.5,1030.0,1027.4,1027.9,1028.8,1028.7,1027.2,1027.6,119.473547
2024-12-19,119.473547,72.88,127.75,69.38,1.9153,43.5337,740.25,3079.0,6294.54,35928.46,20570.58,996.71,2006.79,2240.58,10.6,3.2,13.8,5.4,11.3,13.8,10.1,4.0,5.9,6.6,0.0,7.0,4.0,7.0,10.4,4.5,1.5,3.0,15.1,5.4,17.5,6.1,14.2,16.2,14.0,7.0,7.0,15.3,3.9,6.7,6.0,4.9,16.0,9.9,3.6,7.7,1019.0,1014.5,1019.7,1014.9,1018.9,1020.5,1018.1,1014.5,1015.0,114.246255
2024-12-20,114.246255,72.94,127.3,69.46,1.9426,43.7517,694.62,3102.5,6409.79,34894.46,19596.5,1013.0,2001.0,2077.04,12.4,6.2,11.8,9.3,11.6,15.3,10.1,4.8,7.6,8.1,3.0,8.6,3.0,6.8,13.0,6.8,-1.7,5.5,16.7,8.0,17.0,13.0,16.0,18.0,13.4,13.0,9.0,24.4,9.5,28.0,17.3,17.0,48.2,20.2,11.3,14.1,1005.9,1009.8,1016.0,1010.1,1007.0,1013.0,1006.4,1012.9,1008.8,100.189081
2024-12-21,100.189081,,,,,,630.92,2490.79,5730.71,29359.29,15583.25,967.17,1995.83,1960.62,9.8,3.3,9.5,3.3,8.3,14.1,7.7,2.2,3.9,7.4,0.7,4.5,0.0,4.1,13.0,3.5,-3.1,0.0,11.8,8.0,15.0,10.0,13.0,15.0,12.0,11.0,9.0,38.0,7.3,12.6,3.2,6.9,29.0,19.3,3.7,6.6,1016.4,1022.2,1023.1,1022.2,1018.3,1020.4,1019.7,1022.6,1022.2,110.609515
2024-12-22,110.609515,,,,1.9426,,637.79,2272.38,5008.33,26237.92,13491.12,948.46,1855.25,2024.58,8.9,3.3,11.2,2.1,9.8,14.0,6.1,1.6,2.4,6.2,0.0,5.0,-0.3,5.0,9.0,0.0,-1.0,-0.3,12.5,7.0,17.1,4.4,15.0,17.0,13.5,6.0,4.0,23.3,8.1,17.4,4.6,10.4,21.1,13.3,5.4,9.9,1015.5,1010.4,1019.2,1010.8,1015.2,1018.8,1014.3,1010.5,1010.7,92.947171
2024-12-23,92.947171,72.63,125.5,69.24,1.9437,45.7679,697.08,2568.54,5685.62,28950.12,14760.71,1007.54,2035.12,2195.5,9.1,4.7,11.0,8.1,9.8,13.1,7.7,3.8,5.1,5.2,1.7,9.0,1.0,5.8,9.6,5.1,-0.8,2.0,11.6,9.0,13.0,11.0,15.0,16.0,12.4,11.0,11.0,37.9,12.3,32.1,17.6,18.0,44.4,25.7,8.2,9.4,994.8,1004.3,1009.1,1005.6,996.8,1005.0,1000.2,1007.6,1003.3,125.506626
2024-12-24,125.506626,73.58,125.0,70.1,1.9632,46.0813,642.71,2348.17,5347.21,26230.62,12885.17,988.12,1995.25,2024.0,8.6,5.0,8.8,9.0,7.5,11.8,7.9,2.9,3.3,5.2,1.0,4.8,2.0,5.0,10.0,5.7,-2.0,-1.0,10.2,11.0,15.3,13.2,10.0,13.0,12.0,11.0,10.0,42.4,10.6,15.1,16.8,15.6,35.7,25.8,6.8,5.9,1003.5,1016.0,1014.8,1016.9,1007.4,1008.0,1011.1,1019.1,1015.4,108.833918
2024-12-25,108.833918,73.617,,70.1728,1.9615,46.1874,508.5,1981.04,4272.17,21773.21,10612.25,856.04,1617.04,1926.17,10.8,4.1,7.2,1.9,9.8,12.4,8.4,2.8,5.0,9.0,-1.0,0.6,-3.0,6.0,9.0,5.4,-1.9,1.0,12.1,10.0,14.4,10.0,12.0,14.1,13.0,11.0,12.0,41.2,7.4,11.5,3.0,15.0,36.8,26.8,2.6,7.1,1016.3,1028.5,1022.6,1029.0,1017.8,1016.1,1020.2,1029.1,1028.4,118.988127
2024-12-26,118.988127,73.26,125.0,69.62,1.9466,45.845,617.21,2069.08,4628.21,23216.21,11338.54,908.04,1812.88,1842.25,11.6,2.4,7.4,1.2,10.9,13.9,9.3,2.6,4.3,10.1,-2.0,1.0,-3.0,9.0,12.7,5.8,-0.6,0.0,13.3,9.0,15.3,10.0,14.0,14.6,15.0,10.0,11.0,24.9,8.3,9.0,3.5,21.4,27.3,23.6,3.4,10.5,1022.4,1032.5,1024.7,1033.0,1022.4,1020.0,1024.0,1032.9,1032.2,132.515388
2024-12-27,132.515388,74.17,125.0,70.6,1.9489,47.7804,687.08,2437.42,5497.83,28145.38,14286.83,979.83,2056.08,2200.29,11.1,3.2,9.0,1.2,11.3,14.5,7.9,3.1,6.1,8.1,-1.0,5.0,-4.2,9.0,12.6,2.0,-3.0,1.0,13.8,10.0,16.0,9.0,15.0,16.0,16.0,10.0,12.0,22.7,8.0,10.6,4.1,15.8,19.3,11.2,2.9,10.6,1026.8,1033.0,1028.0,1033.5,1026.3,1024.6,1027.6,1033.1,1031.9,128.454438
2024-12-28,128.454438,,,,,,675.5,2315.12,5046.88,25919.46,12959.12,931.62,1937.75,2053.46,11.1,5.2,7.8,3.0,10.8,14.5,6.8,4.8,5.4,9.2,0.8,1.4,-2.0,7.0,11.7,0.0,-2.0,0.9,13.3,12.0,16.0,11.0,16.0,15.6,16.0,12.0,12.0,25.6,8.3,11.6,4.3,9.1,15.8,6.5,3.9,6.3,1025.1,1028.5,1027.7,1028.7,1024.9,1025.3,1026.0,1028.4,1027.5,143.601494
2024-12-29,143.601494,,,,1.9564,,677.38,2254.79,4938.75,25462.92,12522.08,946.25,1983.71,2139.96,10.2,5.8,8.4,2.6,9.4,12.4,6.8,5.1,5.7,7.8,0.9,2.5,-2.2,4.0,9.9,0.0,1.0,1.0,13.8,13.0,16.0,11.5,16.0,15.1,16.0,13.0,12.0,16.1,8.1,11.0,2.9,4.7,7.6,6.0,3.7,4.4,1026.8,1027.4,1027.8,1027.7,1026.4,1026.6,1027.1,1027.6,1026.8,147.630065
2024-12-30,147.630065,73.99,124.55,70.99,1.978,48.1853,691.38,2556.92,5392.08,28250.33,14151.79,987.96,2057.79,2412.42,9.0,5.7,7.8,3.0,8.6,11.0,6.9,4.8,4.1,5.5,1.4,1.0,-2.0,3.0,7.4,1.0,0.0,0.0,14.0,12.0,16.1,12.0,16.0,15.0,17.0,12.0,10.1,8.8,7.3,6.9,2.4,3.4,7.2,5.9,2.9,3.8,1029.7,1029.2,1029.8,1029.4,1029.5,1029.5,1029.9,1029.2,1029.0,137.761532
2024-12-31,137.761532,74.64,125.25,71.72,2.0124,50.4541,664.5,2449.67,5145.5,26859.46,13317.46,965.42,2055.08,2261.83,8.0,4.9,9.2,2.6,8.6,11.5,7.0,4.2,3.4,4.4,1.0,2.7,-2.9,4.0,7.0,3.0,0.0,-0.3,13.4,11.0,16.4,10.3,15.0,16.0,15.0,12.0,9.0,6.7,6.7,9.0,2.0,4.3,7.4,7.4,2.4,4.1,1031.7,1031.4,1031.0,1031.5,1031.8,1031.3,1032.2,1031.3,1031.3,140.728274
