date,pun_Price,pun_Price_rolling7_mean,pun_Price_lag1,ttf_gas_Price,coal_Price,pun_Price_rolling7_std,brent_Price,crude_oil_Price,gasoline_Price,Centre-South_Load,Sardinia_Load,napoli_tmin,month,bari_tmin,South_Load,target_pun
2020-01-07,52.590938,42.894166142857145,39.923403,11.929,67.5,5.591727713001724,68.27,62.51,1.7858,5703.08,1162.25,1.1,1,6.1,3019.38,47.919989
2020-01-08,47.919989,44.62671914285714,52.590938,11.964,67.5,4.854759540584291,64.79,59.46,1.6676,5943.38,1153.58,6.0,1,4.0,3165.12,55.440532
2020-01-09,55.440532,46.01173585714286,47.919989,12.179,68.95,6.372745486025224,65.3377,59.55,1.6658,5825.38,1100.17,2.0,1,6.8,3190.79,52.978107
2020-01-10,52.978107,47.303157000000006,55.440532,11.94,70.9,6.785125104692304,65.021,59.0841,1.6687,5678.83,1086.83,1.0,1,1.6,2974.46,45.419283
2020-01-11,45.419283,47.47609671428571,52.978107,11.94,70.9,6.708098677122625,65.021,59.0841,1.6687,5226.33,1046.0,2.0,1,4.2,2825.54,45.060714
2020-01-12,45.060714,48.476138,45.419283,11.94,70.9,5.479813697949726,64.84,58.8386,1.6687,4569.08,1116.08,5.8,1,6.7,2575.46,54.283781
2020-01-13,54.283781,50.52762057142858,45.060714,12.054,70.9,4.306768414068775,64.2342,58.2467,1.6696,5611.75,1018.08,3.5,1,6.0,3043.0,56.214004
2020-01-14,56.214004,51.04520142857143,54.283781,11.303,70.8,4.786995806600122,64.4199,58.2282,1.6686,5728.33,1080.25,1.0,1,4.0,3058.12,54.866988
2020-01-15,54.866988,52.03762985714286,56.214004,11.179,70.5,4.751081871311701,64.0,57.84,1.6611,5808.88,1094.08,4.0,1,2.9,3080.5,50.281465
2020-01-16,50.281465,51.30062028571428,54.866988,11.117,70.45,4.530245834764391,64.62,58.52,1.6737,5834.46,1475.33,2.0,1,4.0,2958.08,51.889451
2020-01-17,51.889451,51.145098,50.281465,10.929,70.0,4.481484382144031,64.85,58.54,1.6618,5810.04,869.42,2.0,1,4.0,3001.42,46.751225
2020-01-18,46.751225,51.33537542857143,51.889451,10.929,70.0,4.218410791430484,64.85,58.54,1.6618,5139.58,1084.04,2.0,1,3.0,2809.0,42.983175
2020-01-19,42.983175,51.03858414285714,46.751225,10.929,70.0,4.770416091503235,64.85,58.54,1.6618,4530.08,959.96,2.0,1,6.5,2491.58,45.856088
2020-01-20,45.856088,49.834628,42.983175,10.566,69.9,4.877185134003921,65.2,58.8004,1.6533,5532.21,1062.75,8.9,1,7.0,2948.0,47.660681
2020-01-21,47.660681,48.61272471428571,45.856088,10.777,69.05,4.006242689437955,64.5758,58.3668,1.6526,5665.21,1159.38,7.0,1,4.0,2975.0,50.816421
2020-01-22,50.816421,48.03407228571428,47.660681,10.455,67.9,3.154269079650793,63.21,56.3056,1.5878,5764.67,1257.04,4.7,1,3.2,2970.38,51.631008
2020-01-23,51.631008,48.226864142857146,50.816421,10.428,69.1,3.3497132260404476,62.04,55.59,1.5746,5676.21,1312.0,3.8,1,3.0,2978.29,51.724331
2020-01-24,51.724331,48.20327557142857,51.631008,10.455,69.1,3.3200730204330515,60.69,54.19,1.5262,5586.42,823.58,2.0,1,2.0,2815.92,45.796182
2020-01-25,45.796182,48.06684085714285,51.724331,10.455,69.1,3.408143598961067,60.69,54.19,1.5262,4927.96,1104.96,5.8,1,5.8,2722.46,45.376838
2020-01-26,45.376838,48.40879271428572,45.796182,10.455,69.1,2.89443708007183,60.69,54.19,1.5262,4698.42,935.0,5.0,1,6.5,2525.08,48.039687
2020-01-27,48.039687,48.72073542857144,45.376838,10.526,69.1,2.6834485254978273,59.32,53.14,1.4875,5509.08,1006.33,5.0,1,7.3,2860.71,45.32706
2020-01-28,45.32706,48.387361,48.039687,10.792,68.35,2.9670615062032044,59.51,53.48,1.5191,5599.79,1043.33,12.0,1,5.0,2949.25,44.50067
2020-01-29,44.50067,47.48511085714286,45.32706,10.15,68.6,3.0639944270357735,59.81,53.33,1.5382,5696.88,969.08,9.0,1,10.0,2916.25,45.490746
2020-01-30,45.490746,46.607930571428575,44.50067,9.781,68.65,2.5076975622461712,58.29,52.14,1.5342,5478.04,1040.38,4.0,1,5.8,2852.17,44.931204
2020-01-31,44.931204,45.63748385714286,45.490746,9.755,68.5,1.1381837326156494,56.62,51.56,1.5006,5536.29,1059.92,6.2,1,4.0,2993.75,40.579922
2020-02-01,40.579922,44.892303857142856,44.931204,9.755,68.5,2.215079662473611,56.62,51.56,1.5006,4787.04,979.12,11.0,2,6.7,2674.0,38.738745
2020-02-02,38.738745,43.94400485714285,40.579922,9.755,68.5,3.1826635539420187,56.62,51.56,1.5006,4472.96,778.04,11.0,2,10.0,2326.38,37.613866
2020-02-03,37.613866,42.454601857142855,38.738745,9.211,66.3,3.379937880249495,54.45,50.11,1.465,5415.96,1125.54,12.0,2,7.0,2893.38,40.085215
2020-02-04,40.085215,41.705766857142855,37.613866,9.366,68.55,3.2140727470981036,53.96,49.61,1.4385,5377.62,1088.79,-15.0,2,8.0,2861.92,39.166379
2020-02-05,39.166379,40.94372528571429,40.085215,9.313,69.3,3.070115018387935,55.28,50.75,1.4999,5302.38,958.88,-16.0,2,6.8,2764.58,40.591906
2020-02-06,40.591906,40.243891000000005,39.166379,9.149,69.7,2.3300086050704927,54.93,50.95,1.5041,5654.62,1004.67,3.0,2,7.0,2915.38,48.074449
2020-02-07,48.074449,40.692926,40.591906,9.068,68.5,3.4280448512000605,54.5036,50.3817,1.5285,5488.67,1115.33,0.0,2,5.0,2848.21,41.339893
2020-02-08,41.339893,40.80149328571429,48.074449,9.068,68.5,3.4358947747133968,54.5036,50.3817,1.5285,5068.71,1057.38,-9.0,2,4.0,2834.88,36.822657
2020-02-09,36.822657,40.52776642857143,41.339893,9.068,68.5,3.6942288408062267,54.5036,50.3817,1.5285,4589.29,915.21,-9.0,2,2.0,2367.71,38.425382
2020-02-10,38.425382,40.64369728571428,36.822657,8.643,68.1,3.5990527735751265,53.27,49.57,1.5272,5397.79,982.46,8.8,2,5.7,2887.96,38.561298
2020-02-11,38.561298,40.42599485714286,38.425382,8.557,68.95,3.683562792816175,54.01,49.94,1.5214,5571.67,971.33,13.1,2,9.5,2965.79,42.865939
2020-02-12,42.865939,40.95450342857142,38.561298,8.722,68.9,3.7377188951262164,55.79,51.17,1.601,5848.92,1050.58,0.0,2,7.3,3002.0,42.177546
2020-02-13,42.177546,41.18102342857143,42.865939,8.889,69.1,3.7600627720252526,56.34,51.42,1.581,5532.42,880.08,5.0,2,3.8,3003.96,38.18762
2020-02-14,38.18762,39.76861928571429,42.177546,8.879,69.45,2.3203944361343094,57.32,52.05,1.5839,5178.67,980.54,10.8,2,8.9,2842.83,36.423655
2020-02-15,36.423655,39.066299571428566,38.18762,8.879,69.45,2.502415371710445,57.32,52.05,1.5839,4648.42,943.58,4.0,2,5.6,2571.67,36.443523
2020-02-16,36.443523,39.012137571428575,36.423655,8.879,69.45,2.5624528111114016,57.32,52.05,1.5839,4342.79,851.38,4.0,2,3.5,2433.71,40.646977
2020-02-17,40.646977,39.32950828571428,36.443523,9.312,69.1,2.614712703135923,57.32,52.05,1.5839,5333.33,838.33,5.0,2,3.0,2813.58,39.37202
2020-02-18,39.37202,39.445325714285715,40.646977,9.38,68.4,2.5928780529587274,57.75,52.05,1.6075,5220.96,811.62,-6.0,2,4.0,2881.83,40.002552
2020-02-19,40.002552,39.03627042857143,39.37202,9.572,68.4,2.151616519456182,59.12,53.29,1.6731,5239.75,787.88,-3.0,2,8.7,2857.88,38.828794
2020-02-20,38.828794,38.55787728571429,40.002552,9.567,68.6,1.650764274490754,59.31,53.78,1.6566,5216.29,822.58,-4.0,2,7.0,2897.92,46.09493
2020-02-21,46.09493,39.687493,38.828794,9.41,67.9,3.268230603506503,58.2434,53.4353,1.6448,5338.21,1045.08,4.0,2,4.1,2996.67,37.748791
2020-02-22,37.748791,39.87679814285714,46.09493,9.41,67.9,3.0806671236642287,58.2434,53.4353,1.6448,4750.0,857.58,7.0,2,4.5,2581.5,32.624379
2020-02-23,32.624379,39.33120614285714,37.748791,9.41,67.9,3.9931101154535678,58.2434,53.4353,1.6448,4281.83,908.38,-2.0,2,3.8,2339.79,38.301587
2020-02-24,38.301587,38.996150428571426,32.624379,9.044,68.0,3.9625874685178535,56.3,51.43,1.6089,5160.04,1003.71,-1.0,2,5.0,2716.58,40.238115
2020-02-25,40.238115,39.11987828571428,38.301587,9.007,67.9,3.9897083155174413,54.95,49.9,1.5267,5317.54,858.21,0.0,2,6.0,2827.17,34.905421
2020-02-26,34.905421,38.391716714285714,40.238115,9.071,67.75,4.257887525247231,53.43,48.73,1.4394,5168.12,1061.62,8.6,2,11.0,2868.21,38.965698
2020-02-27,38.965698,38.411274428571424,34.905421,8.871,67.9,4.260543343660959,52.18,47.09,1.3854,5056.79,1075.21,4.1,2,5.0,2747.58,40.753146
2020-02-28,40.753146,37.64816242857143,38.965698,8.874,67.4,2.923548002689942,50.52,44.76,1.3883,5348.96,984.08,10.0,2,8.0,2724.08,35.17935
2020-02-29,35.17935,37.28109942857143,40.753146,8.874,67.4,3.066609406725176,50.52,44.76,1.3883,4739.29,945.38,4.0,2,2.8,2594.75,24.804817
2020-03-01,24.804817,36.16401914285714,35.17935,8.874,67.4,5.502454892363601,50.52,44.76,1.3883,4159.71,787.58,9.6,3,7.0,2282.33,35.247574
2020-03-02,35.247574,35.72773157142857,24.804817,8.887,66.35,5.4252543180953205,52.0486,46.7658,1.5396,5100.79,1047.83,12.8,3,8.6,2670.58,38.086227
2020-03-03,38.086227,35.420319,35.247574,9.169,66.35,5.182626925386162,51.9,47.25,1.5093,5150.96,815.42,9.0,3,11.0,2826.5,41.960963
2020-03-04,41.960963,36.42825357142857,38.086227,8.912,65.75,5.723651374906169,51.4,47.06,1.5379,5265.38,1076.12,8.0,3,4.0,2808.46,45.838131
2020-03-05,45.838131,37.41002971428571,41.960963,8.849,66.4,6.732026547267145,49.93,45.89,1.494,5357.29,1153.5,5.9,3,8.0,2669.83,36.457765
2020-03-06,36.457765,36.79640385714286,45.838131,8.647,65.9,6.57033374770063,45.5,41.56,1.3821,5233.08,1045.46,10.0,3,11.6,2792.92,40.098095
2020-03-07,40.098095,37.499081714285715,36.457765,8.647,65.9,6.631311099203681,45.5,41.56,1.3821,4587.08,893.42,8.5,3,9.8,2708.25,23.087681
2020-03-08,23.087681,37.25377657142857,40.098095,8.647,65.9,7.1875889905923,45.5,41.56,1.3821,4358.83,970.92,8.0,3,9.2,2443.67,43.461504
2020-03-09,43.461504,38.427195142857144,23.087681,8.627,65.9,7.470400101394827,33.44,30.21,1.187,5271.25,1033.08,5.0,3,5.1,2778.79,39.65422
2020-03-10,39.65422,38.65119414285714,43.461504,8.993,65.3,7.481971307874184,37.81,34.78,1.1603,5301.88,890.12,8.0,3,6.0,2919.04,39.768568
2020-03-11,39.768568,38.33799485714286,39.65422,9.369,65.3,7.365309065839499,35.79,33.11,1.1132,5219.58,772.67,6.0,3,5.0,2955.46,39.678352
2020-03-12,39.678352,37.45802642857143,39.768568,9.324,65.3,6.653454865382141,32.66,30.99,0.9396,4962.83,1097.46,8.7,3,9.8,2797.0,34.172414
2020-03-13,34.172414,37.131547714285716,39.678352,9.285,65.3,6.7658379318848025,34.67,32.9,0.9581,5009.96,1063.54,7.0,3,6.0,2831.38,36.241799
2020-03-14,36.241799,36.58064828571429,34.172414,9.285,65.3,6.6398568789367145,34.67,32.9,0.9581,4235.83,889.92,8.0,3,8.8,2383.38,20.688307
2020-03-15,20.688307,36.23788057142857,36.241799,9.285,65.3,7.4633561894448155,34.67,32.9,0.9581,3942.0,609.67,8.7,3,10.5,2278.96,33.101315
2020-03-16,33.101315,34.757853571428576,20.688307,8.741,65.3,6.78888874514952,29.51,28.57,0.777,4284.67,692.96,7.0,3,5.0,2519.46,33.77712
2020-03-17,33.77712,33.91826785714286,33.101315,8.47,65.3,6.43670680935994,28.62,26.86,0.7585,4444.79,627.42,6.9,3,8.1,2651.17,29.352859
2020-03-18,29.352859,32.43030942857143,33.77712,8.265,66.1,6.051252922236159,24.88,20.37,0.7069,4483.04,873.83,8.0,3,8.5,2580.42,30.981497
2020-03-19,30.981497,31.187901571428572,29.352859,8.544,66.15,5.139161198171344,28.47,25.22,0.7114,4208.0,932.12,6.0,3,9.3,2405.75,30.37618
2020-03-20,30.37618,30.645582428571426,30.981497,8.293,66.15,4.96921647125244,26.98,22.63,0.6734,4090.88,1031.83,6.4,3,4.0,2382.46,26.51632
2020-03-21,26.51632,29.256228285714283,30.37618,8.293,66.15,4.479205803464836,26.98,22.63,0.6734,3839.71,690.08,6.0,3,3.0,2194.08,24.769151
2020-03-22,24.769151,29.839205999999997,26.51632,8.293,66.15,3.2844394265754393,26.98,22.63,0.6734,3640.5,796.5,11.0,3,12.2,2135.92,16.974725
2020-03-23,16.974725,27.53540742857143,24.769151,7.849,66.05,5.514017823519192,27.46,23.36,0.5665,4265.71,880.04,5.0,3,7.2,2288.17,27.289137
2020-03-24,27.289137,26.608552714285715,16.974725,7.908,66.5,4.787389877209142,27.47,24.1,0.5755,4333.0,925.42,3.0,3,1.7,2402.29,25.487049
2020-03-25,25.487049,26.056294142857144,27.289137,7.744,66.35,4.638718176065428,27.45,24.32,0.6419,4454.5,818.92,2.0,3,2.2,2638.17,24.354777
2020-03-26,24.354777,25.109619857142857,25.487049,7.575,66.5,4.112388395295331,26.34,22.6,0.6533,4361.71,810.33,7.0,3,8.0,2735.5,29.955886
2020-03-27,29.955886,25.049577857142857,24.354777,7.218,66.65,4.024815407346491,24.93,21.51,0.6744,4497.17,929.38,8.0,3,10.9,2625.67,31.280417
2020-03-28,31.280417,25.730163142857144,29.955886,7.218,66.65,4.665913343456892,24.93,21.51,0.6744,3955.29,818.38,9.0,3,8.0,2444.96,28.866918
2020-03-29,28.866918,26.31555842857143,31.280417,7.218,66.65,4.780888292343964,24.93,21.51,0.6744,3457.3,665.78,7.0,3,10.5,2031.43,34.353817
2020-03-30,34.353817,28.798285857142854,28.866918,6.897,69.0,3.44858039662679,22.76,20.09,0.6637,4055.54,853.04,9.0,3,5.0,2346.79,24.873989
2020-03-31,24.873989,28.453264714285712,34.353817,6.902,67.85,3.733754565644524,22.74,20.48,0.6308,4689.58,769.04,8.2,3,9.4,2552.38,25.382006
2020-04-01,25.382006,28.438258571428573,24.873989,6.824,67.85,3.7478473171267317,24.74,20.31,0.6381,4414.46,971.62,4.9,4,3.0,2706.71,28.946506
2020-04-02,28.946506,29.094219857142857,25.382006,6.935,66.2,3.287594214643022,29.94,25.32,0.7208,4251.67,958.71,5.0,4,5.9,2478.0,27.927923
2020-04-03,27.927923,28.804510857142855,28.946506,6.922,66.2,3.2883611674458124,34.11,28.34,0.7667,4377.75,809.21,8.0,4,3.6,2412.0,19.244653
2020-04-04,19.244653,27.085116,27.927923,6.922,66.2,4.6448260696274755,34.11,28.34,0.7667,3933.42,742.12,8.0,4,7.0,2262.21,17.51625
2020-04-05,17.51625,25.463592000000002,19.244653,6.922,66.2,5.7652616720501895,34.11,28.34,0.7667,3459.04,997.71,10.2,4,10.2,1955.75,28.826917
2020-04-06,28.826917,24.674034857142857,17.51625,7.287,64.15,4.606906120442228,33.05,26.08,0.7789,4055.38,942.83,12.5,4,9.0,2358.21,30.787693
2020-04-07,30.787693,25.518849714285714,28.826917,7.283,64.15,5.158849245777285,31.87,23.63,0.7217,4080.29,832.62,11.3,4,7.0,2314.88,27.955599
2020-04-08,27.955599,25.886505857142854,30.787693,7.259,62.65,5.238561775391643,32.84,25.09,0.7737,4102.25,842.29,10.0,4,4.0,2474.67,25.948929
2020-04-09,25.948929,25.45828057142857,27.955599,7.279,63.6,5.066422708295098,31.48,22.76,0.7521,3997.42,647.0,8.0,4,5.0,2203.25,22.611802
2020-04-10,22.611802,24.698834714285713,25.948929,7.279,63.6,5.032855962205603,31.48,22.76,0.7521,4052.71,643.46,8.0,4,7.0,2278.0,23.396962
2020-04-11,23.396962,25.292021714285713,22.611802,7.279,63.6,4.499287230418115,31.48,22.76,0.7521,4503.67,1002.42,8.6,4,8.0,2445.46,15.847701
2020-04-12,15.847701,25.05365757142857,23.396962,7.279,63.6,4.996604834622227,31.48,22.76,0.7521,3461.25,660.96,11.2,4,9.0,2123.12,13.968084
2020-04-13,13.968084,22.930967142857146,15.847701,7.279,63.6,6.149635644269665,31.74,22.41,0.7845,3325.83,573.17,11.0,4,9.0,2064.21,25.615152
2020-04-14,25.615152,22.192032714285713,13.968084,6.874,62.75,5.300356118044526,29.6,20.11,0.8099,4162.71,738.0,12.0,4,12.2,2336.46,19.811957
2020-04-15,19.811957,21.028655285714283,25.615152,6.649,62.75,4.682139551090148,27.69,19.87,0.7727,3986.33,721.88,9.0,4,11.3,2400.88,22.954948
2020-04-16,22.954948,20.600943714285716,19.811957,6.907,61.9,4.276983643772361,27.82,19.87,0.7689,3999.58,742.96,5.0,4,3.0,2347.33,30.31259
2020-04-17,30.31259,21.701056285714287,22.954948,6.994,61.9,5.650314495369175,28.08,18.27,0.7657,4195.79,774.25,8.0,4,10.2,2088.67,29.305532
2020-04-18,29.305532,22.545137714285715,30.31259,6.994,61.9,6.344564128323739,28.08,18.27,0.7657,3552.29,857.17,13.4,4,10.9,2102.67,24.299013
2020-04-19,24.299013,23.752467999999997,29.305532,6.994,61.9,5.620466453282312,28.08,18.27,0.7657,3662.04,610.67,15.0,4,13.6,2898.42,30.939103
2020-04-20,30.939103,26.176899285714285,24.299013,6.618,61.5,4.169459234811893,25.57,-37.63,0.7292,3778.46,835.29,15.0,4,15.1,2094.46,27.68922
2020-04-21,27.68922,26.473194714285714,30.939103,6.315,61.25,4.19649375327096,19.33,10.01,0.6089,4000.29,918.75,13.0,4,13.4,2359.08,32.212015
2020-04-22,32.212015,28.244631571428567,27.68922,6.226,61.25,3.4703364280006013,20.37,13.78,0.7211,3928.88,878.12,13.8,4,13.3,2287.12,26.421177
2020-04-23,26.421177,28.739807142857142,32.212015,6.057,60.95,2.7654792201802656,21.33,16.5,0.6707,4032.62,863.58,13.0,4,12.7,2477.75,27.825547
2020-04-24,27.825547,28.384515285714286,26.421177,5.77,61.1,2.6884274049563994,21.44,16.94,0.7,3898.46,900.17,9.0,4,8.9,2490.92,14.176373
2020-04-25,14.176373,26.22320685714286,27.825547,5.77,61.1,5.939838774881782,21.44,16.94,0.7,3601.5,844.88,11.3,4,12.6,2190.67,21.814199
2020-04-26,21.814199,25.868233428571433,14.176373,5.77,61.1,6.144711728647562,21.44,16.94,0.7,3186.17,775.42,11.8,4,13.0,2100.79,31.206392
2020-04-27,31.206392,25.90641757142857,21.814199,5.941,50.5,6.182190899281978,19.99,12.78,0.6836,4098.25,802.54,10.0,4,14.9,2504.79,26.014002
2020-04-28,26.014002,25.667100714285716,31.206392,6.147,50.5,6.133911040194925,20.46,12.34,0.7224,4022.33,863.42,14.0,4,15.5,2318.5,20.675325
2020-04-29,20.675325,24.019002142857143,26.014002,6.014,51.25,5.609775803014506,22.54,15.06,0.7679,4013.92,838.46,15.7,4,14.9,2480.58,24.527973
2020-04-30,24.527973,23.748544428571428,20.675325,6.221,51.25,5.519572492852701,25.27,18.84,0.7836,4067.42,796.88,14.0,4,16.2,2321.12,10.659308
2020-05-01,10.659308,21.296224571428574,24.527973,5.843,51.25,7.0166841001356985,26.44,19.78,0.7659,3762.04,795.75,14.5,5,11.8,1836.25,14.307826
2020-05-02,14.307826,21.315003571428573,10.659308,5.843,51.25,6.994594272301369,26.44,19.78,0.7659,3344.38,622.79,16.4,5,17.5,2018.25,14.534564
2020-05-03,14.534564,20.275055714285713,14.307826,5.843,51.25,7.435285447238752,26.44,19.78,0.7659,3953.88,778.29,16.0,5,15.1,1814.92,29.557824
2020-05-04,29.557824,20.039546,14.534564,5.74,51.25,7.047319092720659,27.2,20.39,0.8403,4326.5,743.92,13.7,5,14.4,2357.71,25.304305
2020-05-05,25.304305,19.938160714285715,29.557824,5.674,50.5,6.951496821629858,30.97,24.56,0.932,4185.0,832.04,11.9,5,13.3,2435.54,25.994146
2020-05-06,25.994146,20.697992285714285,25.304305,5.763,51.2,7.32609476284214,29.72,23.99,0.8809,4219.12,828.17,14.6,5,16.0,2407.08,22.224085
2020-05-07,22.224085,20.36886542857143,25.994146,5.847,51.2,7.175559468652421,29.46,23.55,0.9276,4067.71,794.0,13.9,5,15.8,2366.92,22.66976
2020-05-08,22.66976,22.084644285714287,22.224085,5.831,51.15,5.764015569212988,30.97,24.74,0.954,4168.25,776.92,12.0,5,13.4,2481.5,25.825696
2020-05-09,25.825696,23.73005428571429,22.66976,5.831,51.15,4.724196575362817,30.97,24.74,0.954,3946.96,763.75,11.6,5,9.0,2247.46,20.267446
2020-05-10,20.267446,24.549037428571427,25.825696,5.831,51.15,3.0726123663657114,30.97,24.74,0.954,3533.04,926.42,15.6,5,12.7,2179.62,23.88605
2020-05-11,23.88605,23.738784000000003,20.267446,5.707,51.7,2.1370429572347227,29.63,24.14,0.9341,4051.12,490.83,15.0,5,16.7,2350.21,22.620123
2020-05-12,22.620123,23.35532942857143,23.88605,5.313,52.0,2.0482919786752753,29.98,25.78,0.8903,3981.5,889.67,17.0,5,16.0,2271.92,28.638072
2020-05-13,28.638072,23.733033142857145,22.620123,5.119,52.4,2.7422130870057626,29.19,25.29,0.8476,4233.5,454.33,14.0,5,17.2,2451.0,22.490448
2020-05-14,22.490448,23.771085,28.638072,5.265,51.75,2.7195389750184735,31.13,27.56,0.9287,4490.96,830.08,20.0,5,20.2,2631.58,21.461878
2020-05-15,21.461878,23.59853042857143,22.490448,5.218,51.75,2.836854128321396,32.5,29.43,0.9701,4408.96,965.75,17.0,5,20.4,2518.0,20.720526
2020-05-16,20.720526,22.869220428571428,21.461878,5.218,51.75,2.825061637907653,32.5,29.43,0.9701,3957.79,978.0,16.0,5,14.5,2507.83,18.059006
2020-05-17,18.059006,22.553729,20.720526,5.218,51.75,3.254689650566269,32.5,29.43,0.9701,3710.12,728.54,21.5,5,18.5,2260.5,25.163312
2020-05-18,25.163312,22.736195000000002,18.059006,4.922,51.4,3.375396658857916,34.81,31.82,1.0454,4406.29,874.54,22.0,5,19.7,2379.21,27.754333
2020-05-19,27.754333,23.469653571428573,25.163312,4.612,51.8,3.867865939886853,34.65,32.5,1.0342,4463.96,849.0,18.0,5,19.1,2566.42,24.130928
2020-05-20,24.130928,22.825775857142855,27.754333,4.462,51.8,3.1776565477835477,35.75,33.49,1.0454,4337.33,799.92,16.0,5,13.0,2494.17,17.983404
2020-05-21,17.983404,22.18191242857143,24.130928,3.824,51.9,3.674670199318136,36.06,33.92,1.0489,4635.75,791.08,16.0,5,17.2,2734.29,20.484995
2020-05-22,20.484995,22.042357714285714,17.983404,3.889,51.95,3.7247809106855856,35.13,33.25,1.0334,4470.25,845.33,15.0,5,18.0,2542.12,18.935918
2020-05-23,18.935918,21.787413714285712,20.484995,3.889,51.95,3.88783809915173,35.13,33.25,1.0334,3909.17,727.42,14.0,5,14.0,2396.42,11.893958
2020-05-24,11.893958,20.906692571428575,18.935918,3.889,51.95,5.311017860347057,35.13,33.25,1.0334,4001.71,752.54,16.0,5,19.6,2078.04,17.867406
2020-05-25,17.867406,19.86442028571429,11.893958,4.794,51.95,5.0457176159285515,35.53,33.25,1.0506,4458.21,910.71,18.0,5,18.8,2508.42,24.777131
2020-05-26,24.777131,19.439105714285716,17.867406,4.123,52.4,4.346902232024436,36.17,34.35,1.038,4566.21,1004.12,15.1,5,17.3,2528.75,21.659705
2020-05-27,21.659705,19.086073857142857,24.777131,3.695,52.5,3.9878732525528684,34.74,32.81,0.9727,4630.67,531.12,15.0,5,14.3,2710.58,20.62218
2020-05-28,20.62218,19.463041857142855,21.659705,3.509,52.25,3.990985793586667,35.29,33.71,0.9976,4638.33,794.29,13.9,5,15.8,2478.75,28.880489
2020-05-29,28.880489,20.662398142857143,20.62218,4.385,52.0,5.371879552965294,37.84,35.49,1.0259,4774.33,825.04,14.0,5,16.5,2540.25,24.097793
2020-05-30,24.097793,21.399808857142858,28.880489,4.385,52.0,5.449117998957869,37.84,35.49,1.0259,4200.0,1002.88,13.8,5,14.2,2529.21,21.951861
2020-05-31,21.951861,22.83665214285714,24.097793,4.385,52.0,3.503551827685575,37.84,35.49,1.0259,3774.29,870.21,11.9,5,14.3,2289.62,19.370385
2020-06-01,19.370385,23.051363428571424,21.951861,4.053,55.65,3.179311942845822,38.32,35.44,1.0678,4342.79,990.29,14.4,6,16.0,2506.58,20.64405
2020-06-02,20.64405,22.460923285714284,19.370385,4.852,55.65,3.1891663977764417,39.6,36.81,1.1121,3838.88,786.08,13.7,6,16.9,2138.62,26.73186
2020-06-03,26.73186,23.185516857142854,20.64405,5.331,55.8,3.534317299611992,39.79,37.29,1.1172,4355.04,777.62,16.0,6,17.8,2582.38,24.828996
2020-06-04,24.828996,23.786490571428573,26.73186,5.392,55.2,3.3801019377873422,39.94,37.41,1.1427,4567.54,842.17,17.0,6,15.7,2614.38,23.666564
2020-06-05,23.666564,23.04164414285714,24.828996,5.708,55.6,2.5407519764877886,42.3,39.55,1.2037,4561.42,875.83,16.0,6,16.5,2461.25,16.415981
2020-06-06,16.415981,21.944242428571425,23.666564,5.708,55.6,3.490139721479894,42.3,39.55,1.2037,4101.88,834.5,14.0,6,16.9,2202.83,20.351614
2020-06-07,20.351614,21.715635714285714,16.415981,5.708,55.6,3.541587019799133,42.3,39.55,1.2037,3833.79,573.92,17.9,6,18.3,2311.33,31.244338
2020-06-08,31.244338,23.411914714285718,20.351614,5.249,55.6,4.837552082904642,40.76,38.19,1.2087,4556.67,800.12,19.0,6,20.4,2587.71,30.374356
2020-06-09,30.374356,24.801958428571428,31.244338,4.806,55.6,5.2867826355914005,41.18,38.94,1.2126,4523.62,865.54,18.0,6,19.3,2707.25,27.879992
2020-06-10,27.879992,24.965977285714285,30.374356,4.802,53.05,5.37373053394775,41.73,39.6,1.1938,4736.33,859.08,16.0,6,16.5,2613.04,25.176697
2020-06-11,25.176697,25.015648857142857,27.879992,4.988,52.9,5.373860300553499,38.55,36.34,1.1001,4491.96,844.12,14.8,6,17.6,2562.29,26.08309
2020-06-12,26.08309,25.36086685714286,25.176697,5.273,53.0,5.350318052044721,38.9,36.26,1.1274,5100.08,523.38,14.2,6,18.3,2827.0,23.324529
2020-06-13,23.324529,26.347802285714288,26.08309,5.273,53.0,3.8529819109824186,38.9,36.26,1.1274,4266.08,556.33,15.0,6,14.9,2432.67,20.313026
2020-06-14,20.313026,26.342289714285716,23.324529,5.273,53.0,3.86300521571661,38.9,36.26,1.1274,3788.62,848.08,19.0,6,21.9,2186.75,31.258254
2020-06-15,31.258254,26.344277714285713,20.313026,5.516,53.4,3.865950844183494,39.79,37.12,1.1735,4571.79,929.54,18.9,6,20.3,2681.12,31.290575
2020-06-16,31.290575,26.475166142857145,31.258254,5.261,53.35,4.036868814696193,40.96,38.38,1.189,4529.0,887.29,18.0,6,20.2,2720.08,31.585672
2020-06-17,31.585672,27.004549,31.290575,5.209,53.35,4.47138811264349,40.53,37.96,1.207,4947.5,881.42,19.0,6,18.6,2652.25,30.086069
2020-06-18,30.086069,27.70588785714286,31.585672,5.451,52.95,4.521641647898545,41.46,38.84,1.268,4855.5,861.92,19.0,6,20.7,2578.54,30.971515
2020-06-19,30.971515,28.404234285714285,30.086069,5.615,53.1,4.605947111488811,42.19,39.75,1.2579,4732.21,927.62,17.0,6,20.0,2776.92,26.625478
2020-06-20,26.625478,28.875798428571432,30.971515,5.615,53.1,4.145126691096566,42.19,39.75,1.2579,4329.17,866.58,19.0,6,21.7,2729.42,20.363678
2020-06-21,20.363678,28.883034428571428,26.625478,5.615,53.1,4.127695235046935,42.19,39.75,1.2579,4213.08,795.46,18.0,6,19.9,2515.38,30.177613
2020-06-22,30.177613,28.728657142857145,20.363678,5.495,53.1,4.043403000799948,43.03,40.46,1.3017,4805.88,880.58,17.0,6,21.4,2824.92,31.440869
2020-06-23,31.440869,28.750127714285714,30.177613,5.829,53.0,4.059640585784345,42.63,40.37,1.3002,4964.29,909.21,23.0,6,22.1,2983.33,35.381851
2020-06-24,35.381851,29.292439,31.440869,5.663,52.85,4.703984512131379,40.26,38.01,1.1826,4954.04,873.33,20.0,6,21.3,2800.75,38.352032
2020-06-25,38.352032,30.473290857142853,35.381851,5.256,53.25,5.837384127777275,41.05,38.72,1.2062,5151.08,870.75,19.9,6,19.4,2754.33,36.819163
2020-06-26,36.819163,31.308669142857145,38.352032,5.105,53.5,6.319113710621932,41.02,38.49,1.134,5029.21,916.25,20.0,6,21.1,3202.67,30.145037
2020-06-27,30.145037,31.811463285714286,36.819163,5.105,53.5,6.017188371093472,41.02,38.49,1.134,4547.88,906.21,20.0,6,18.0,2852.62,28.525131
2020-06-28,28.525131,32.977385142857145,30.145037,5.105,53.5,3.8182000747495017,41.02,38.49,1.134,4144.83,803.42,21.0,6,23.3,2571.5,31.896884
2020-06-29,31.896884,33.22299528571428,28.525131,5.839,52.7,3.660109268332008,41.71,39.7,1.1932,5229.5,887.83,21.0,6,23.7,2933.92,38.918846
2020-06-30,38.918846,34.29127771428572,31.896884,6.163,52.15,4.116158179816329,41.15,39.27,1.2162,5239.12,882.08,21.0,6,26.1,2990.17,44.881684
2020-07-01,44.881684,35.64839671428572,38.918846,5.863,51.6,5.7696259311366855,42.03,39.82,1.2143,5629.96,908.5,22.0,7,25.8,3324.71,44.929456
2020-07-02,44.929456,36.58802871428571,44.881684,5.944,52.6,6.737699408926428,43.14,40.65,1.243,5757.08,1027.46,22.0,7,26.4,3298.58,39.398255
2020-07-03,39.398255,36.95647042857143,44.929456,6.031,52.45,6.822429474307417,42.8,40.65,1.243,5892.25,1007.79,22.0,7,25.6,3369.5,32.105427
2020-07-04,32.105427,37.236526142857144,39.398255,6.031,52.45,6.530202168433591,42.8,40.65,1.243,5121.62,909.54,21.9,7,23.1,3158.08,23.389973
2020-07-05,23.389973,36.50293214285715,32.105427,6.031,52.45,7.830844459239465,42.8,40.65,1.243,4676.29,977.71,22.0,7,22.2,3058.88,32.606076
2020-07-06,32.606076,36.60424528571429,23.389973,6.096,52.65,7.765636993642838,43.1,40.63,1.2445,5857.29,981.96,22.0,7,23.8,3417.88,34.101377
2020-07-07,34.101377,35.916035428571426,32.606076,6.124,53.0,7.7397486074483,43.08,40.62,1.2728,5948.54,1022.67,23.0,7,23.2,3634.29,41.799682
2020-07-08,41.799682,35.47574942857143,34.101377,5.937,53.0,7.2145654913923885,43.29,40.9,1.2873,6012.62,988.5,22.0,7,21.0,3517.04,40.907069
2020-07-09,40.907069,34.90112271428571,41.799682,5.757,53.0,6.456457035408494,42.35,39.62,1.2507,5888.58,1027.88,23.0,7,19.7,3431.5,39.59322
2020-07-10,39.59322,34.928974857142855,40.907069,5.475,52.4,6.47946979120484,43.24,40.55,1.2814,5915.96,1050.75,22.0,7,20.6,3490.62,31.832719
2020-07-11,31.832719,34.890016571428575,39.59322,5.475,52.4,6.500063156692549,43.24,40.55,1.2814,5172.29,998.17,23.0,7,22.5,3242.88,28.123884
2020-07-12,28.123884,35.56628957142857,31.832719,5.475,52.4,5.225467409422807,43.24,40.55,1.2814,4634.92,915.71,23.0,7,24.4,2744.42,35.438641
2020-07-13,35.438641,35.970941714285715,28.123884,5.11,52.4,5.065245702397287,42.72,40.1,1.2461,5536.96,901.0,23.0,7,23.2,3177.17,37.24511
2020-07-14,37.24511,36.42004642857143,35.438641,5.085,52.4,5.010932239324126,42.9,40.29,1.2605,5812.92,1012.62,21.2,7,19.8,3388.58,40.858557
2020-07-15,40.858557,36.285599999999995,37.24511,5.226,52.6,4.852662804392411,43.79,41.2,1.2582,5511.08,983.33,21.0,7,20.9,3323.67,41.303823
2020-07-16,41.303823,36.342279142857144,40.858557,5.058,52.6,4.91752167326057,43.37,40.75,1.2349,5497.54,984.25,20.0,7,20.3,2986.96,37.93879
2020-07-17,37.93879,36.105931999999996,41.303823,5.114,52.2,4.772862996474648,43.14,40.59,1.2214,5630.83,974.75,21.0,7,21.5,3481.54,30.964281
2020-07-18,30.964281,35.98186942857142,37.93879,5.114,52.2,4.9117174883083985,43.14,40.59,1.2214,5033.33,987.42,20.8,7,20.3,3128.08,28.878085
2020-07-19,28.878085,36.08961242857142,30.964281,5.114,52.2,4.714947338754298,43.14,40.59,1.2214,4859.88,915.88,20.0,7,20.4,2918.42,36.742992
2020-07-20,36.742992,36.275948285714286,28.878085,4.732,52.0,4.7107052576251105,43.28,40.81,1.2257,5243.17,993.25,20.3,7,19.7,3146.29,38.669941
2020-07-21,38.669941,36.47949557142857,36.742992,4.792,52.0,4.78968284180114,44.32,41.96,1.2799,5089.92,992.58,21.0,7,21.6,3338.08,39.964808
2020-07-22,39.964808,36.35181714285714,38.669941,4.829,52.1,4.663751737459886,44.29,41.9,1.2822,5648.62,1011.83,22.7,7,23.2,3104.04,42.056119
2020-07-23,42.056119,36.459288,39.964808,4.984,51.95,4.803459333026594,43.31,41.07,1.2645,5729.75,1048.38,24.0,7,23.9,3408.54,36.822453
2020-07-24,36.822453,36.299811285714284,42.056119,5.011,52.0,4.764526249213508,43.34,41.29,1.2858,5729.75,1048.38,21.9,7,24.5,3408.54,29.697621
2020-07-25,29.697621,36.11885985714286,36.822453,5.011,52.0,5.018234940015573,43.34,41.29,1.2858,4808.58,966.79,23.0,7,23.6,3110.58,27.717405
2020-07-26,27.717405,35.95304842857143,29.697621,5.011,52.0,5.308158196823412,43.34,41.29,1.2858,3940.46,906.67,22.5,7,22.4,2673.58,39.914986
2020-07-27,39.914986,36.40619042857143,27.717405,4.787,52.25,5.518073870227568,43.41,41.6,1.2812,6086.62,1086.12,22.8,7,19.0,3774.79,41.569684
2020-07-28,41.569684,36.82043942857143,39.914986,4.958,51.8,5.817082874291654,43.22,41.04,1.2546,6106.92,1128.96,22.8,7,23.6,3681.08,51.734191
2020-07-29,51.734191,38.501779857142864,41.569684,5.177,51.8,8.121733310099952,43.75,41.27,1.2418,6323.54,1094.12,23.0,7,24.5,3516.25,49.04583
2020-07-30,49.04583,39.500310000000006,51.734191,5.223,51.9,9.012394625473686,42.94,39.92,1.232,6483.46,1137.92,24.3,7,20.0,3565.67,57.948472
2020-07-31,57.948472,42.51831271428572,49.04583,6.023,51.95,11.230501040272317,43.3,40.27,1.1776,6538.29,1145.08,25.0,7,26.5,3472.25,37.155159
2020-08-01,37.155159,43.583675285714286,57.948472,6.023,51.95,10.109345689043066,43.3,40.27,1.1776,5791.71,1123.5,24.8,8,27.6,3736.33,34.368803
2020-08-02,34.368803,44.533875,37.155159,6.023,51.95,8.563959399200488,43.3,40.27,1.1776,5173.21,1091.79,23.0,8,27.7,3322.67,40.438545
2020-08-03,40.438545,44.608669142857146,34.368803,6.802,52.6,8.519065252076908,44.15,41.01,1.2039,6516.54,1206.92,24.0,8,24.9,3866.21,38.092465
2020-08-04,38.092465,44.11192357142857,40.438545,7.355,52.45,8.821800923551173,44.43,41.7,1.2121,6216.92,1125.96,22.0,8,25.0,3609.79,42.045632
2020-08-05,42.045632,42.72784371428571,38.092465,7.32,52.45,8.161963509244837,45.17,42.19,1.2266,6231.62,1193.25,16.0,8,18.9,3856.17,37.557775
2020-08-06,37.557775,41.086693000000004,42.045632,7.94,50.2,7.82799378398263,45.09,41.95,1.2316,5998.46,1140.21,18.0,8,20.2,3911.75,38.708182
2020-08-07,38.708182,38.338080142857144,37.557775,7.931,51.2,2.4535190766036044,44.4,41.22,1.2138,5550.83,1075.12,21.0,8,21.0,3493.12,33.594822
2020-08-08,33.594822,37.82946057142857,38.708182,7.931,51.2,3.038828542273805,44.4,41.22,1.2138,4955.0,1051.88,21.0,8,24.1,2922.29,29.791703
2020-08-09,29.791703,37.175589142857135,33.594822,7.931,51.2,4.184165278975103,44.4,41.22,1.2138,4738.54,993.12,23.0,8,25.1,2869.83,40.520397
2020-08-10,40.520397,37.18728228571428,29.791703,7.589,50.5,4.194904370366056,44.99,41.94,1.2343,5360.0,1092.42,23.0,8,20.8,2998.67,41.147964
2020-08-11,41.147964,37.62378214285714,40.520397,7.416,50.5,4.455656612250187,44.5,41.61,1.2083,5142.62,1078.67,23.0,8,23.8,3141.88,42.959715
2020-08-12,42.959715,37.754365428571425,41.147964,7.172,50.5,4.617310082955945,45.43,42.67,1.241,5290.79,1108.46,23.5,8,19.8,3114.79,41.341375
2020-08-13,41.341375,38.29487971428572,42.959715,7.312,49.9,4.807983195174555,44.96,42.24,1.2448,5597.92,1060.96,23.0,8,21.0,3704.92,38.948014
2020-08-14,38.948014,38.329141428571425,41.341375,8.019,49.9,4.8122718645636215,44.93,42.01,1.2495,5385.67,1088.33,22.0,8,25.6,3127.54,32.925263
2020-08-15,32.925263,38.23349014285714,38.948014,8.019,49.9,4.9273360015097225,44.93,42.01,1.2495,4382.67,955.71,24.0,8,26.7,2650.83,34.03217
2020-08-16,34.03217,38.83927114285715,32.925263,8.019,49.9,3.8620022196693284,44.93,42.01,1.2495,4128.83,1022.71,24.0,8,25.8,2988.46,42.305189
2020-08-17,42.305189,39.09424142857143,34.03217,8.181,49.9,4.046020686780032,45.37,42.89,1.2677,4716.75,1079.58,23.0,8,24.8,3167.79,43.434
2020-08-18,43.434,39.420818,42.305189,8.549,50.45,4.3222459949653125,45.46,42.89,1.283,5342.79,1137.75,24.0,8,25.0,3376.83,44.338272
2020-08-19,44.338272,39.61775471428572,43.434,8.353,50.25,4.536462205019707,45.37,42.93,1.2905,5725.5,1075.79,23.0,8,24.2,3787.25,44.306131
2020-08-20,44.306131,40.04129128571429,44.338272,8.15,50.1,4.851653648348393,44.9,42.58,1.2965,5529.88,1129.96,22.0,8,22.8,3600.08,39.987341
2020-08-21,39.987341,40.18976657142857,44.306131,7.622,49.8,4.828467661998438,44.35,42.34,1.2841,5116.67,1129.54,23.0,8,23.4,3463.29,40.39062
2020-08-22,40.39062,41.256246142857144,39.987341,7.622,49.8,3.6329574500751085,44.35,42.34,1.2841,4938.92,1069.92,22.0,8,23.4,3287.58,27.526283
2020-08-23,27.526283,40.32683371428571,40.39062,7.622,49.8,5.908584694522507,44.35,42.34,1.2841,4603.0,1005.38,22.0,8,21.7,2909.67,45.764079
2020-08-24,45.764079,40.82096085714286,27.526283,8.361,49.7,6.237104747415868,45.13,42.62,1.3671,5546.92,1092.79,24.7,8,24.8,3591.25,40.638099
2020-08-25,40.638099,40.42154642857143,45.764079,8.867,49.75,6.1304920340576,45.86,43.35,1.3959,5513.58,1128.75,22.0,8,23.0,3683.25,49.040633
2020-08-26,49.040633,41.09331228571428,40.638099,9.149,49.7,6.8469777278494695,45.64,43.39,1.3606,5804.12,1183.5,22.0,8,18.0,3512.92,52.267482
2020-08-27,52.267482,42.23064814285714,49.040633,8.872,49.8,8.028820573234858,45.09,43.04,1.2753,5971.71,1082.08,23.0,8,24.5,3728.42,46.665621
2020-08-28,46.665621,43.18468814285715,52.267482,11.169,49.8,8.114153989977392,45.81,42.97,1.3125,5869.75,1092.83,23.0,8,25.0,3648.0,40.537343
2020-08-29,40.537343,43.20564857142857,46.665621,11.169,49.8,8.105918763265057,45.81,42.97,1.3125,5495.71,1114.92,21.0,8,25.3,3546.67,34.772418
2020-08-30,34.772418,44.240810714285715,40.537343,11.169,49.8,5.9443455273935335,45.81,42.97,1.3125,4968.71,1029.25,22.9,8,25.1,3260.88,54.273927
2020-08-31,54.273927,45.45650328571429,34.772418,11.239,49.8,7.0711759940040775,45.28,42.61,1.2233,5664.92,1066.58,18.0,8,25.2,3666.75,49.357414
2020-09-01,49.357414,46.70211971428572,54.273927,11.297,51.4,6.845294517153463,45.58,42.76,1.2385,5519.58,1029.04,16.0,9,21.8,3556.0,50.206711
2020-09-02,50.206711,46.868702285714285,49.357414,11.11,50.6,6.9254074438517526,44.43,41.51,1.2047,5703.5,1096.04,17.0,9,21.2,3605.88,47.591354
2020-09-03,47.591354,46.20068400000001,50.206711,11.733,49.7,6.532218531588636,44.07,41.37,1.1995,5193.96,936.96,20.8,9,22.4,3654.5,45.113106
2020-09-04,45.113106,45.97889614285714,47.591354,11.682,49.0,6.540152956718759,42.66,39.77,1.1674,5706.29,1057.83,19.7,9,21.5,3492.67,38.187185
2020-09-05,38.187185,45.64315928571428,45.113106,11.682,49.0,6.915596280029405,42.66,39.77,1.1674,5047.21,1032.17,19.0,9,18.5,3237.29,37.554905
2020-09-06,37.554905,46.04065742857143,38.187185,11.682,49.0,6.232891775686971,42.66,39.77,1.1674,4042.33,884.12,18.0,9,20.4,2755.17,48.408606
2020-09-07,48.408606,45.202754428571424,37.554905,11.232,48.5,5.259903704185302,42.01,39.77,1.1636,5306.46,943.46,19.0,9,20.0,3130.17,48.469712
2020-09-08,48.469712,45.07593985714285,48.408606,10.802,48.75,5.152649220452502,39.78,36.76,1.0966,5405.33,961.0,23.8,9,22.0,3129.21,50.89712
2020-09-09,50.89712,45.17456971428572,48.469712,10.734,48.75,5.272444005208547,40.79,38.05,1.1193,5412.08,1020.88,21.0,9,22.7,3328.71,52.30934
2020-09-10,52.30934,45.84856771428571,50.89712,10.516,48.75,5.897403133958841,40.06,37.3,1.0877,5473.58,891.83,21.0,9,23.0,3242.08,56.83105
2020-09-11,56.83105,47.52255971428571,52.30934,10.497,50.75,7.177911152242991,39.83,37.33,1.0949,5875.0,935.5,22.0,9,22.8,3405.75,41.818702
2020-09-12,41.818702,48.04134785714286,56.83105,10.497,50.75,6.488903796295556,39.83,37.33,1.0949,5153.58,945.71,22.0,9,20.0,3236.29,37.300082
2020-09-13,37.300082,48.00494457142857,41.818702,10.497,50.75,6.557886688162812,39.83,37.33,1.0949,4435.17,880.96,23.0,9,22.9,2781.5,54.486418
2020-09-14,54.486418,48.87320342857142,37.300082,10.707,50.75,7.007195207356628,39.61,37.26,1.1068,5528.46,950.54,23.0,9,20.3,3179.08,71.317074
2020-09-15,71.317074,52.13711228571429,54.486418,10.896,51.0,10.981784324841207,40.53,38.28,1.1381,5977.5,1010.62,22.0,9,23.3,3214.5,59.520121
2020-09-16,59.520121,53.36896957142857,71.317074,11.318,51.5,11.298572564296082,42.22,40.16,1.1952,6015.21,953.0,21.0,9,22.5,3519.54,52.562808
2020-09-17,52.562808,53.40517928571429,59.520121,11.121,51.5,11.29501627260689,43.3,40.97,1.2213,5830.96,933.88,23.8,9,23.9,3430.33,46.11767
2020-09-18,46.11767,51.87469642857143,52.562808,11.475,51.5,11.477796773169208,43.15,41.11,1.235,5556.25,970.58,20.0,9,24.0,3351.0,42.147794
2020-09-19,42.147794,51.921709571428565,46.11767,11.475,51.5,11.430318221403702,43.15,41.11,1.235,5134.12,945.38,21.0,9,22.5,3039.0,42.358019
2020-09-20,42.358019,52.644272,42.147794,11.475,51.5,10.471632769228744,43.15,40.8,1.235,4475.08,873.54,20.0,9,21.2,2772.0,59.634962
2020-09-21,59.634962,53.37977828571429,42.358019,11.497,52.45,10.798302454846157,41.44,39.31,1.186,5475.38,947.58,21.0,9,21.5,3106.46,57.932765
2020-09-22,57.932765,51.46773414285714,59.634962,11.704,52.7,7.884708156585,41.72,39.6,1.1736,5515.04,964.08,19.0,9,18.0,3101.29,51.934611
2020-09-23,51.934611,50.384089857142854,57.932765,12.019,52.75,7.073056642687892,41.77,39.93,1.1669,5542.17,964.58,18.0,9,20.9,3166.83,49.290374
2020-09-24,49.290374,49.91659928571428,51.934611,11.634,52.8,7.012944593316424,41.94,40.31,1.1941,5164.38,972.04,17.0,9,17.0,3110.29,49.294633
2020-09-25,49.294633,50.37045114285714,49.290374,11.666,52.8,6.826437077014625,41.92,40.25,1.2137,5108.38,954.54,17.3,9,19.1,2924.62,33.615812
2020-09-26,33.615812,49.15159657142858,49.294633,11.666,52.8,8.96575016431024,41.92,40.25,1.2137,4569.92,901.46,13.0,9,15.4,2708.92,34.972204
2020-09-27,34.972204,48.096480142857146,33.615812,11.666,52.8,10.242213618026717,41.92,40.25,1.2137,4271.38,878.92,14.8,9,16.0,2426.42,47.730414
2020-09-28,47.730414,46.39583042857142,34.972204,12.352,52.8,8.908512908843448,42.43,40.6,1.251,5134.21,886.46,14.0,9,14.0,2858.04,55.11999
2020-09-29,55.11999,45.99400542857143,47.730414,12.28,58.65,8.347149923677861,41.03,39.29,1.1886,5128.71,956.62,12.0,9,13.0,2859.75,51.940299
2020-09-30,51.940299,45.994818,55.11999,13.286,58.65,8.347824857915088,40.95,40.22,1.2063,4860.75,912.04,11.4,9,11.0,2781.38,45.787455
2020-10-01,45.787455,45.494401,51.940299,13.181,58.6,8.221379334778728,40.93,38.72,1.1465,4954.21,932.46,15.9,10,16.1,2799.29,43.621129
2020-10-02,43.621129,44.68390042857143,45.787455,13.026,58.6,8.062417704966235,39.27,37.05,1.1235,4745.0,900.46,13.0,10,16.9,2928.0,31.932807
2020-10-03,31.932807,44.44347114285715,43.621129,13.026,58.6,8.46264964385264,39.27,37.05,1.1235,4464.08,854.88,17.6,10,24.0,2616.29,20.031052
2020-10-04,20.031052,42.309020857142855,31.932807,13.026,58.6,12.275102137575523,39.27,37.05,1.1235,3991.71,920.46,15.8,10,16.0,2250.21,36.420402
2020-10-05,36.420402,40.693304857142856,20.031052,13.419,58.1,12.18660026432143,41.29,39.22,1.1941,4700.83,972.12,15.9,10,19.5,2618.25,40.988561
2020-10-06,40.988561,38.674529285714286,36.420402,13.307,58.1,10.444369331034604,42.65,40.67,1.2351,4667.21,859.54,14.5,10,20.6,2652.5,40.210797
2020-10-07,40.210797,36.998886142857145,40.988561,13.709,58.1,8.767687999318907,41.99,39.95,1.2009,4689.08,854.38,13.8,10,16.0,2789.08,38.346393
2020-10-08,38.346393,35.935877285714284,40.210797,13.9,58.0,7.936214824893552,43.34,41.19,1.2316,4882.0,856.96,12.6,10,16.0,3099.88,47.475792
2020-10-09,47.475792,36.48654342857143,38.346393,13.753,57.4,8.65914679954087,42.85,40.6,1.2032,5048.08,846.04,11.0,10,15.8,2841.67,39.296092
2020-10-10,39.296092,37.538441285714285,47.475792,13.753,57.4,8.458689455005025,42.85,40.6,1.2032,4435.33,872.96,11.0,10,14.2,2577.5,34.805815
2020-10-11,34.805815,39.64912171428572,39.296092,13.753,57.4,4.063461732157107,42.85,40.6,1.2032,3915.29,806.33,14.5,10,15.7,2445.46,48.671832
2020-10-12,48.671832,41.399325999999995,34.805815,13.838,56.85,4.97682114250017,41.72,39.43,1.1757,4835.33,851.62,13.8,10,14.9,2641.75,47.462077
2020-10-13,47.462077,42.324114,48.671832,13.596,54.7,5.465255163222609,42.45,40.2,1.1827,4908.79,892.12,9.0,10,13.3,2663.92,52.81708
2020-10-14,52.81708,44.125011571428566,47.462077,13.872,54.7,6.609938051777466,43.32,41.04,1.1971,5035.17,959.54,10.0,10,12.3,2830.04,45.329742
2020-10-15,45.329742,45.122632857142854,52.81708,14.239,55.7,6.099725287441357,43.16,40.96,1.18,5064.08,901.21,14.3,10,17.5,2734.12,49.112013
2020-10-16,49.112013,45.35637871428571,45.329742,14.499,55.7,6.234784513597883,42.93,40.88,1.1688,5018.96,810.42,10.1,10,13.2,2886.88,45.757197
2020-10-17,45.757197,46.27939371428572,49.112013,14.499,55.7,5.637746461622764,42.93,40.88,1.1688,4487.38,838.75,9.0,10,12.7,2622.96,43.713819
2020-10-18,43.713819,47.551965714285714,45.757197,14.499,55.7,3.0085489201225695,42.93,40.88,1.1688,4040.62,838.96,8.4,10,13.0,2461.21,51.668659
2020-10-19,51.668659,47.98008385714286,43.713819,14.718,57.3,3.3842346926517353,42.62,40.83,1.1623,4932.38,897.88,11.0,10,10.6,2662.33,50.0143
2020-10-20,50.0143,48.34468714285714,51.668659,14.895,57.8,3.4558506441932053,43.16,41.46,1.1879,4882.12,907.92,9.8,10,8.0,2827.58,46.971133
2020-10-21,46.971133,47.50955185714286,50.0143,14.867,57.8,2.8477950109527854,41.73,40.03,1.1403,4895.0,908.96,9.0,10,12.2,2686.33,51.338772
2020-11-01,37.747353,44.34964557142856,40.399481,14.061,58.2,4.520542955534933,37.46,35.79,1.0495,4039.29,870.29,14.0,11,12.9,2273.17,44.174169
2020-11-02,44.174169,44.729544714285716,37.747353,13.656,58.2,4.351177158737179,38.97,36.81,1.052,4760.25,943.58,12.1,11,10.8,2447.21,45.429818
2020-11-03,45.429818,44.308828,44.174169,13.665,60.55,4.07348498487686,39.71,37.66,1.0769,5144.17,942.5,10.0,11,12.9,2812.29,44.52372
2020-11-04,44.52372,43.51971242857143,45.429818,13.883,60.55,3.2226863856330827,41.23,39.15,1.1081,5096.71,939.5,10.6,11,13.5,2644.04,43.617701
2020-11-05,43.617701,43.15631485714285,44.52372,14.456,61.45,3.011657500473506,40.93,38.79,1.1159,4929.5,893.67,13.7,11,11.0,2811.75,42.713404
2020-11-06,42.713404,42.65794942857143,43.617701,13.902,61.65,2.6957408445782485,39.45,37.14,1.0844,4983.96,912.54,13.0,11,15.1,2879.04,39.804799
2020-11-07,39.804799,42.57299485714286,42.713404,13.902,61.65,2.786616197036644,39.45,37.14,1.0844,4454.75,914.33,10.4,11,11.0,2620.88,41.834432
2020-11-08,41.834432,43.15686328571428,39.804799,13.902,61.65,1.8913715633937211,39.45,37.14,1.0844,4020.33,895.88,9.5,11,13.4,2190.25,45.771227
2020-11-09,45.771227,43.38501442857143,41.834432,13.854,61.65,2.117362134482148,42.4,40.29,1.1607,4775.71,976.67,8.0,11,12.2,2727.33,50.51879
2020-11-10,50.51879,44.11201042857143,45.771227,14.035,62.3,3.4134343512291005,43.61,41.36,1.1941,5064.96,968.46,9.5,11,13.0,2750.17,47.973355
2020-11-11,47.973355,44.60481542857143,50.51879,14.096,62.3,3.7181914100994735,43.8,41.45,1.1759,5161.29,968.5,8.2,11,13.5,2919.0,57.862655
2020-11-12,57.862655,46.63980885714286,47.973355,14.001,62.3,6.1746418465522686,43.53,41.12,1.1571,4940.58,932.62,11.0,11,8.6,2650.88,51.208703
2020-11-13,51.208703,47.853423,57.862655,14.239,62.25,6.108809692722549,42.78,40.13,1.1254,4992.46,966.08,12.3,11,12.6,2784.54,48.405192
2020-11-14,48.405192,49.08205057142857,51.208703,14.239,62.25,4.981009869870261,42.78,40.13,1.1254,4546.17,930.38,11.0,11,12.3,2540.33,45.142127
2020-11-15,45.142127,49.554578428571425,48.405192,14.239,62.25,4.287477904779215,42.78,40.13,1.1254,4187.83,891.0,12.0,11,14.2,2444.67,51.816112
2020-11-16,51.816112,50.41813342857142,45.142127,14.494,62.3,3.9974053272147665,43.82,41.34,1.1468,5000.33,914.5,11.8,11,9.0,2749.58,46.484418
2020-11-17,46.484418,49.84179457142857,51.816112,13.968,62.3,4.26251717650713,43.75,41.43,1.1532,5050.08,988.71,13.9,11,14.9,2723.21,48.092958
2020-11-18,48.092958,49.85888071428571,46.484418,13.682,62.3,4.254010567445963,44.34,41.82,1.1629,4917.04,961.04,12.0,11,12.0,2684.08,47.287668
2020-11-19,47.287668,48.34816828571428,48.092958,13.022,62.65,2.420557895755068,44.2,41.74,1.1625,5149.62,973.5,9.0,11,10.0,2663.75,49.855628
2020-11-20,49.855628,48.15487185714286,47.287668,12.894,62.65,2.197833574745997,44.96,42.15,1.1752,5203.25,944.33,10.0,11,11.7,2781.38,41.011456
2020-11-21,41.011456,47.09862385714286,49.855628,12.894,62.65,3.467442515873342,44.96,42.15,1.1752,4526.62,958.25,9.0,11,12.7,2806.21,40.816317
2020-11-22,40.816317,46.480651,41.011456,12.894,62.65,4.185395479829302,44.96,42.15,1.1752,4141.62,925.54,7.0,11,11.7,2414.25,54.331655
2020-11-23,54.331655,46.84001428571429,40.816317,13.537,63.4,4.78491271016015,46.06,43.06,1.204,5125.21,1037.46,7.9,11,8.8,2728.12,55.512962
2020-11-24,55.512962,48.12980628571429,54.331655,13.902,63.5,5.785340199973627,47.86,44.91,1.2582,5303.54,1059.58,9.0,11,12.6,2874.04,55.328839
2020-11-25,55.328839,49.16350357142858,55.512962,13.932,63.75,6.392260568483446,48.61,45.71,1.2875,5296.79,1020.62,8.0,11,11.6,2864.04,57.908679
2020-11-26,57.908679,50.68079085714286,55.328839,13.914,63.85,7.094718461480711,47.8,45.71,1.2663,5231.67,1065.79,7.0,11,10.5,2783.71,68.730983
2020-11-27,68.730983,53.37727014285714,57.908679,14.485,63.9,9.800014618792684,48.18,45.53,1.282,5091.54,1031.29,6.2,11,5.0,2808.46,54.292461
2020-11-28,54.292461,55.27455657142856,68.730983,14.485,63.9,8.154426850044146,48.18,45.53,1.282,4796.29,1035.67,8.6,11,5.0,2617.29,46.889277
2020-11-29,46.889277,56.14212228571429,54.292461,14.485,63.9,6.518839283470275,48.18,45.53,1.282,4323.96,995.29,11.9,11,12.9,2442.54,57.34265
2020-11-30,57.34265,56.57226442857143,46.889277,15.138,63.9,6.478681871864907,47.59,45.34,1.2489,4922.42,1052.25,8.0,11,7.0,2891.79,58.873105
2020-12-01,58.873105,57.05228485714286,57.34265,14.912,70.05,6.511511872548228,47.42,44.55,1.2204,5292.75,1066.42,8.0,12,8.2,2874.88,72.642385
2020-12-02,72.642385,59.52564857142857,58.873105,14.905,71.4,8.67618370020113,48.25,45.28,1.2399,5616.33,1029.42,10.0,12,9.0,2597.17,65.010542
2020-12-03,65.010542,60.54020042857143,72.642385,14.143,73.55,8.868683091172095,48.71,45.64,1.2617,5572.33,1039.38,6.0,12,11.9,2766.96,59.22326
2020-12-04,59.22326,59.1819542857143,65.010542,14.643,74.25,8.099926167335667,49.25,46.26,1.2685,5486.33,1088.88,3.0,12,10.7,2899.79,51.400695
2020-12-05,51.400695,58.76884485714286,59.22326,14.643,74.25,8.456743454963242,49.25,46.26,1.2685,5044.08,1072.58,14.8,12,10.3,2724.58,46.441274
2020-12-06,46.441274,58.70484442857143,51.400695,14.643,74.25,8.562663697314022,49.25,46.26,1.2685,4433.38,1029.12,10.0,12,10.0,2516.83,54.841213
2020-12-07,54.841213,58.347496285714286,46.441274,14.357,74.25,8.680374875238073,48.79,45.76,1.2558,5184.25,1069.12,6.0,12,9.0,2859.54,58.383577
2020-12-08,58.383577,58.27756371428571,54.841213,14.447,75.95,8.677406017867805,48.84,45.6,1.2559,4471.54,965.67,11.0,12,10.1,2530.04,71.919711
2020-12-09,71.919711,58.17432457142858,58.383577,14.733,75.95,8.480072080509856,48.86,45.52,1.2759,5420.33,1141.58,9.0,12,11.1,3045.54,68.666096
2020-12-10,68.666096,58.69654657142858,71.919711,15.539,77.5,9.0637016279365,50.25,46.78,1.3166,5961.29,1081.92,6.6,12,9.2,2864.54,57.420812
2020-12-11,57.420812,58.439054,68.666096,15.959,77.5,9.071843600688036,49.97,46.57,1.3077,5759.42,1127.75,8.0,12,8.5,2934.0,52.824519
2020-12-12,52.824519,58.64245742857143,57.420812,15.959,77.5,8.902106240118389,49.97,46.57,1.3077,5234.83,1102.17,5.0,12,9.1,2806.08,43.678571
2020-12-13,43.678571,58.247785571428565,52.824519,15.959,77.5,9.56942728979398,49.97,46.57,1.3077,4614.79,999.08,6.4,12,9.2,2600.33,52.342857
2020-12-14,52.342857,57.890877571428575,43.678571,16.607,78.75,9.762303292375375,50.29,46.99,1.3191,5392.79,1042.46,3.0,12,10.7,2998.38,57.84815
2020-12-15,57.84815,57.814388,52.342857,17.225,79.5,9.759896787113263,50.76,47.62,1.3268,5541.71,1067.96,2.0,12,8.6,2971.0,65.166208
2020-12-16,65.166208,56.84960185714285,57.84815,16.381,79.25,8.36766540558107,51.08,47.82,1.3529,5867.71,1114.21,4.0,12,7.3,2732.54,68.659818
2020-12-17,68.659818,56.848705,65.166208,15.941,79.5,8.366188020049378,51.5,48.36,1.3881,5640.08,1038.54,5.0,12,6.9,3010.38,65.154797
2020-12-18,65.154797,57.953559999999996,68.659818,15.886,80.0,8.944994296781735,52.26,49.1,1.3956,5777.67,1070.21,4.0,12,8.0,2959.12,57.306976
2020-12-19,57.306976,58.593911,65.154797,15.886,80.0,8.672929159975448,52.26,49.1,1.3956,4988.21,1024.25,3.7,12,8.3,2802.38,46.673825
2020-12-20,46.673825,59.021804428571436,57.306976,15.886,80.0,7.849178669474578,52.26,49.1,1.3956,4617.38,1019.62,7.0,12,9.7,2364.67,56.838251
2020-12-21,56.838251,59.664003571428566,46.673825,16.795,79.85,7.381624294604908,50.91,47.74,1.3604,5321.17,1066.62,8.0,12,10.1,3081.29,56.366974
2020-12-22,56.366974,59.452407,56.838251,17.636,80.0,7.46313083764594,50.08,47.02,1.3395,5262.25,1047.33,5.6,12,8.7,3085.38,51.372247
2020-12-23,51.372247,57.48184114285714,56.366974,17.507,79.85,7.523845277688459,51.2,48.12,1.382,5110.29,1010.29,5.1,12,8.9,2846.04,39.746301
2020-12-24,39.746301,53.35133871428571,51.372247,17.649,79.85,8.264626951942075,51.29,48.23,1.3789,4949.58,1022.42,11.5,12,10.4,2673.33,32.522232
2020-12-25,32.522232,48.68954371428572,39.746301,17.649,79.85,9.59364444642853,51.29,48.23,1.3789,3912.67,903.96,10.0,12,11.8,2202.92,37.234252
2020-12-26,37.234252,45.822011714285715,32.522232,17.649,79.85,9.5884694055784,51.29,48.23,1.3789,3945.79,925.0,7.0,12,9.2,2097.42,35.548796
2020-12-27,35.548796,44.232721857142856,37.234252,17.649,79.85,10.31798553286675,51.29,48.23,1.3789,4319.75,952.71,6.4,12,6.9,2585.33,41.243282
2020-12-28,41.243282,42.004869142857146,35.548796,19.152,85.35,8.699224528762006,50.9,47.62,1.3677,5049.54,1024.0,7.0,12,7.0,2753.33,49.425889
2020-12-29,49.425889,41.01328557142857,41.243282,18.774,85.35,7.023506464598482,51.23,48.0,1.3783,5029.17,1036.5,6.0,12,11.8,2511.58,51.426631
2020-12-30,51.426631,41.02105471428571,49.425889,19.001,81.6,7.0368922706048975,51.63,48.4,1.4013,5005.08,1057.5,7.0,12,11.3,2499.25,48.921109
2020-12-31,48.921109,42.331741571428566,51.426631,19.123,80.5,7.592404948272673,51.8,48.52,1.4101,4798.67,1047.42,5.0,12,8.3,2563.46,48.167024
2021-01-01,48.167024,44.56671185714286,48.921109,19.123,80.5,6.438504939481911,51.8,48.52,1.4111,4326.79,963.67,2.6,1,6.1,1446.0,51.219247
2021-01-02,51.219247,46.56456828571429,48.167024,19.123,80.5,5.9340447032420025,51.8,48.52,1.4111,4830.08,996.04,10.8,1,9.4,2396.62,47.732548
2021-01-03,47.732548,48.305104285714286,51.219247,19.123,80.5,3.417796508269793,51.8,48.52,1.4111,4815.17,1065.54,8.2,1,7.7,2032.46,59.100515
2021-01-04,59.100515,50.85613757142857,47.732548,19.844,80.5,3.8988280408561153,51.09,47.62,1.3729,5746.79,1173.33,9.1,1,8.1,2091.92,59.290325
2021-01-05,59.290325,52.265342714285715,59.100515,18.007,80.5,4.939535288779864,53.6,49.93,1.4521,5585.12,1117.46,10.1,1,6.4,1881.25,58.233649
2021-01-06,58.233649,53.23777385714286,59.290325,17.564,80.5,5.3958616782036,54.3,50.63,1.475,4903.21,1056.92,9.8,1,10.2,1940.38,71.963709
2021-01-07,71.963709,56.52957385714286,58.233649,19.303,80.5,8.474150501254165,54.38,50.83,1.4827,5765.17,1188.5,9.0,1,9.9,1996.62,75.813747
2021-01-08,75.813747,60.479105714285716,71.963709,20.118,80.5,10.194956602521875,55.99,52.24,1.5423,6152.67,1108.79,9.2,1,7.7,2082.0,60.805139
2021-01-09,60.805139,61.84851885714285,75.813747,20.118,80.5,9.352870402251545,55.99,52.24,1.5423,5220.46,1039.54,8.8,1,7.9,1847.75,57.336457
2021-01-10,57.336457,63.22050585714286,60.805139,20.118,80.5,7.447356793226171,55.99,52.24,1.5423,5037.96,1047.46,9.0,1,7.9,1788.83,66.83481
2021-01-11,66.83481,64.32540514285714,57.336457,22.124,84.5,7.306640723647702,55.66,52.25,1.5208,6275.04,1121.38,8.6,1,7.2,2224.79,68.1153
2021-01-12,68.1153,65.58611585714286,66.83481,26.155,86.5,7.0499116121433545,56.58,53.21,1.553,6371.58,1112.12,7.4,1,6.1,2189.33,73.77578
2021-01-13,73.77578,67.80642028571428,68.1153,21.5,87.3,6.791061404926348,56.06,52.91,1.5488,6624.5,1111.04,8.5,1,5.4,2239.12,76.713622
2021-01-14,76.713622,68.48497928571429,73.77578,21.333,87.25,7.478226023402448,56.42,53.57,1.5539,6478.08,1122.25,7.6,1,4.8,2294.38,71.877692
2021-01-15,71.877692,67.92268571428572,76.713622,20.2,87.4,6.965745134477614,55.1,52.36,1.5284,6522.17,1190.71,6.1,1,6.3,2486.29,57.275926
2021-01-16,57.275926,67.41851242857143,71.877692,20.2,87.4,7.659899019574754,55.1,52.36,1.5284,5941.12,1115.88,5.3,1,6.1,2285.71,58.509288
2021-01-17,58.509288,67.58605971428571,57.275926,20.2,87.4,7.411412950575049,55.1,52.36,1.5284,5376.88,1037.33,3.9,1,3.0,1969.79,69.898226
2021-01-18,69.898226,68.02369057142857,58.509288,19.026,86.4,7.450003836390777,54.75,52.09,1.5236,6451.38,1172.96,5.5,1,4.0,2405.62,70.233027
2021-01-19,70.233027,68.326223,69.898226,20.327,85.0,7.497193219779788,55.9,52.98,1.5381,6504.38,1142.12,5.2,1,4.7,2400.79,63.022596
2021-01-20,63.022596,66.79005385714285,70.233027,20.26,85.5,7.293370453808109,56.08,53.31,1.5439,6724.92,1096.12,12.2,1,6.4,2404.5,61.121535
2021-01-21,61.121535,64.56261285714285,63.022596,20.063,85.5,6.028874451993146,56.1,53.13,1.5479,6707.58,1124.5,13.4,1,8.8,2466.5,59.762045
2021-01-22,59.762045,62.83180614285715,61.121535,21.483,85.9,5.27018640809835,55.41,52.27,1.5487,6543.33,1039.88,13.6,1,12.1,2443.0,52.963505
2021-01-23,52.963505,62.215746,59.762045,21.483,85.9,6.198226107035632,55.41,52.27,1.5487,5780.62,992.88,11.5,1,9.9,2072.04,48.589031
2021-01-24,48.589031,60.79856642857143,52.963505,21.483,85.9,8.045690217598569,55.41,52.27,1.5487,5271.5,994.42,11.4,1,8.6,1786.92,59.107364
2021-01-25,59.107364,59.25701471428572,48.589031,20.162,85.9,6.974005018509347,55.88,52.77,1.5611,6279.62,1094.96,10.8,1,7.8,2086.38,63.100217
2021-01-26,63.100217,58.23804185714285,59.107364,19.509,86.0,5.459696180752984,55.91,52.61,1.5807,6550.04,1088.79,6.6,1,6.7,2130.04,60.493943
2021-01-27,60.493943,57.87680571428571,63.100217,19.701,86.0,5.166129839006515,55.53,52.85,1.5771,6461.25,1082.29,3.5,1,5.1,2223.5,60.820815
2021-01-28,60.820815,57.833845714285715,60.493943,20.908,86.3,5.135811988485703,55.1,52.34,1.5754,6435.33,1037.62,6.1,1,3.7,2322.42,54.04999
2021-01-29,54.04999,57.01783785714286,60.820815,19.819,86.2,5.231282801683096,55.04,52.2,1.5527,6444.38,1052.96,10.9,1,7.5,2270.79,49.684138
2021-01-30,49.684138,56.54935685714286,54.04999,19.819,86.2,5.773605691041113,55.04,52.2,1.5527,5668.12,1050.21,11.5,1,10.8,2100.25,46.471843
2021-01-31,46.471843,56.246901428571434,49.684138,19.819,86.2,6.292274083334747,55.04,52.2,1.5527,5118.88,1009.83,11.9,1,10.3,1876.67,60.265605
2021-02-01,60.265605,56.41236442857143,46.471843,18.139,86.2,6.394429412657067,56.35,53.55,1.5901,6223.5,1061.33,10.8,2,9.8,2210.62,58.979867
2021-02-02,58.979867,55.823743,60.265605,18.251,85.0,5.8419707892490775,57.46,54.76,1.616,6307.75,1050.92,10.7,2,10.9,2258.12,57.811045
2021-02-03,57.811045,55.44047185714286,58.979867,17.854,83.75,5.56599886260636,58.46,55.69,1.6486,6055.08,1014.08,10.7,2,8.3,2460.21,53.813378
2021-02-04,53.813378,54.43940942857142,57.811045,18.12,83.75,5.042593912775982,58.84,56.23,1.6448,6201.75,1065.5,12.2,2,9.8,2498.79,62.815994
2021-02-05,62.815994,55.69169571428571,53.813378,18.38,86.65,5.938637543188707,59.34,56.85,1.6493,5988.88,951.29,11.3,2,11.3,2294.46,56.79625
2021-02-06,56.79625,56.707711714285715,62.815994,18.38,86.65,5.3151946673357555,59.34,56.85,1.6493,5210.33,903.67,12.4,2,10.3,1972.88,37.002342
2021-02-07,37.002342,55.35492585714286,56.79625,18.38,86.65,8.565688786505943,59.34,56.85,1.6493,4639.79,900.54,13.6,2,12.5,1869.54,47.587237
2021-02-08,47.587237,53.54373042857143,37.002342,20.179,87.5,8.693727285592988,60.56,57.97,1.6748,5691.08,916.12,12.1,2,12.1,2248.21,59.248487
2021-02-09,59.248487,53.58210471428571,47.587237,19.045,87.5,8.722267703154857,61.09,58.36,1.6736,5782.25,960.12,11.7,2,11.8,2286.33,63.875658
2021-02-10,63.875658,54.44847800000001,59.248487,18.558,87.6,9.480566156857376,61.47,58.68,1.6534,5778.79,963.96,12.3,2,12.6,2276.58,69.016547
2021-02-11,69.016547,56.620359285714294,63.875658,17.373,87.4,10.939931535978694,61.14,58.24,1.6502,6129.21,946.71,11.3,2,10.7,2053.5,66.36373
2021-02-12,66.36373,57.12717871428571,69.016547,17.618,87.45,11.349316674748183,62.43,59.47,1.6925,6421.96,970.42,9.3,2,7.6,2209.12,58.496218
2021-02-13,58.496218,57.37003128571428,66.36373,17.618,87.45,11.359238876013707,62.43,59.47,1.6925,5381.17,918.62,4.3,2,4.4,2230.92,45.721731
2021-02-14,45.721731,58.61565828571428,58.496218,17.618,87.45,8.983066230403693,62.43,59.47,1.6925,4937.67,865.04,1.9,2,3.5,2018.71,58.172317
2021-02-15,58.172317,60.12781257142857,45.721731,16.54,87.45,7.601941361177747,63.3,59.47,1.7813,6412.46,993.96,2.2,2,5.0,2225.92,61.867215
2021-02-16,61.867215,60.50191657142857,58.172317,16.715,87.45,7.6158793044636885,63.35,60.05,1.7729,6265.29,976.42,2.8,2,3.6,2318.54,63.134073
2021-02-17,63.134073,60.39597585714285,61.867215,16.54,86.0,7.566122495197006,64.34,61.14,1.8105,6682.62,1002.67,9.3,2,4.4,2224.96,60.38297
2021-02-18,60.38297,59.162607714285706,63.134073,17.329,85.75,6.563977467543483,63.93,60.53,1.7943,6572.67,1042.83,5.3,2,6.8,2410.08,61.805632
2021-02-19,61.805632,58.511450857142854,60.38297,16.554,86.0,5.925596729435029,62.91,59.26,1.8069,6413.17,1052.25,9.8,2,6.3,2389.54,54.084377
2021-02-20,54.084377,57.881187857142855,61.805632,16.554,86.0,6.157574067112045,62.91,59.26,1.8069,5606.04,928.88,8.8,2,5.3,2188.21,43.729215
2021-02-21,43.729215,57.59654271428572,54.084377,16.554,86.0,6.823404514841414,62.91,59.26,1.8069,5246.67,866.25,7.0,2,5.9,2021.21,56.221833
2021-02-22,56.221833,57.31790214285714,43.729215,15.96,85.75,6.835787224027781,65.24,61.7,1.8417,5922.12,971.5,8.9,2,7.2,2107.92,57.269006
2021-02-23,57.269006,56.661015142857146,56.221833,16.248,85.5,6.540305312423963,65.37,61.67,1.8586,5931.67,978.71,8.3,2,8.5,2133.04,54.587655
2021-02-24,54.587655,55.440098285714285,57.269006,16.381,85.5,5.896573015093982,66.18,63.22,1.8956,5907.08,894.38,8.9,2,9.0,2281.04,59.259967
2021-02-25,59.259967,55.27966928571429,54.587655,15.935,85.5,5.753212057859697,66.11,63.53,1.9764,5768.71,940.92,9.4,2,8.5,2156.08,60.911071
2021-02-26,60.911071,55.15187485714286,59.259967,15.694,85.1,5.591762839269452,64.42,61.5,1.9505,5697.58,943.62,8.3,2,8.4,2177.58,51.666509
2021-02-27,51.666509,54.80646514285714,60.911071,15.694,85.1,5.7413694401812165,64.42,61.5,1.9505,5082.96,888.83,9.4,2,8.9,1965.67,43.150623
2021-02-28,43.150623,54.72380914285714,51.666509,15.694,85.1,5.928536912303977,64.42,61.5,1.9505,4725.67,811.33,8.7,2,9.6,1739.92,55.676063
2021-03-01,55.676063,54.645842,43.150623,16.082,85.6,5.909109624520739,63.69,60.64,1.9429,5582.71,938.42,8.5,3,6.9,2027.46,61.31946
2021-03-02,61.31946,55.224478285714284,55.676063,15.869,87.5,6.387721392231521,62.7,59.75,1.9364,5814.0,974.88,7.9,3,7.4,2316.25,62.520605
2021-03-03,62.520605,56.35775685714286,61.31946,15.527,87.5,6.936084226698141,64.07,61.28,1.9518,5696.21,968.33,7.3,3,7.3,2165.79,61.878083
2021-03-04,61.878083,56.73177342857143,62.520605,15.932,87.5,7.184793486238735,66.74,63.83,1.9979,5711.38,985.83,9.5,3,6.7,2159.96,57.709665
2021-03-05,57.709665,56.274429714285716,61.878083,16.367,87.75,6.973200430497427,69.36,66.09,2.0647,5786.08,957.42,9.2,3,6.3,2181.67,55.827943
2021-03-06,55.827943,56.86892028571428,57.709665,16.367,87.75,6.686374569022251,69.36,66.09,2.0647,5115.21,933.88,10.1,3,8.9,2159.79,53.592666
2021-03-07,53.592666,58.36064071428571,55.827943,16.367,87.75,3.5405080174533525,69.36,66.09,2.0647,4552.58,924.54,9.3,3,8.7,1817.04,62.901216
2021-03-08,62.901216,59.39280542857143,53.592666,16.151,88.0,3.6779410129671053,68.24,65.05,2.0487,5748.21,993.79,11.0,3,8.6,2101.17,64.305024
2021-03-09,64.305024,59.81931457142856,62.901216,16.925,88.5,4.088765577418385,67.52,64.01,2.0502,5954.12,1026.04,11.5,3,11.1,2131.58,55.619885
2021-03-10,55.619885,58.83349742857143,64.305024,17.632,89.0,4.160196597003741,67.9,64.44,2.0795,5713.71,1003.5,9.4,3,8.7,2144.67,61.279474
2021-03-11,61.279474,58.747981857142854,55.619885,18.127,89.0,4.092788862740951,69.63,66.02,2.138,6049.83,950.62,6.0,3,9.6,2042.46,60.591457
2021-03-12,60.591457,59.15966642857143,61.279474,18.448,90.0,4.115811654499773,69.22,65.61,2.15,6092.46,948.08,12.8,3,9.2,2055.21,56.480068
2021-03-13,56.480068,59.25282714285714,60.591457,18.448,90.0,4.034405114243488,69.22,65.61,2.15,5095.29,932.29,12.8,3,12.2,2062.33,43.889609
2021-03-14,43.889609,57.866676142857145,56.480068,18.448,90.0,6.930604749145902,69.22,65.61,2.15,4487.58,901.08,11.4,3,9.3,1689.29,53.630971
2021-03-15,53.630971,56.54235542857142,43.889609,17.932,90.5,6.689762354241561,68.88,65.39,2.1046,5585.71,970.38,7.6,3,6.1,2001.58,62.542112
2021-03-16,62.542112,56.290510857142856,53.630971,17.658,90.5,6.374579697083497,68.39,64.8,2.1012,6024.79,969.96,7.0,3,6.8,2118.25,60.418067
2021-03-17,60.418067,56.975965428571435,62.542112,17.972,90.75,6.546113895186688,68.0,64.6,2.0471,5894.38,1032.08,6.8,3,6.9,1950.92,72.007099
2021-03-18,72.007099,58.50848328571429,60.418067,17.761,91.0,8.641799159830402,63.28,60.0,1.9441,5878.96,1046.75,7.0,3,6.5,1993.12,63.802724
2021-03-19,63.802724,58.96723571428572,72.007099,17.266,92.75,8.853447398466,64.53,61.44,1.9431,5966.79,983.83,5.4,3,4.8,2191.75,65.432327
2021-03-20,65.432327,60.24612985714286,63.802724,17.266,92.75,9.078028379165632,64.53,61.44,1.9431,5308.08,949.83,6.5,3,6.4,2052.54,55.274095
2021-03-21,55.274095,61.872485,65.432327,17.266,92.75,6.233427818801198,64.53,61.44,1.9431,4891.29,937.88,7.4,3,6.8,1669.17,62.617137
2021-03-22,62.617137,63.156223000000004,55.274095,18.046,94.0,5.070006657681815,64.62,61.56,1.9598,5931.71,962.92,7.2,3,6.6,2090.67,61.650421
2021-03-23,61.650421,63.02883857142857,62.617137,18.39,94.0,5.099126148142335,60.79,57.76,1.8964,5981.08,1022.75,5.4,3,8.2,2203.5,62.347131
2021-03-24,62.347131,63.304419142857135,61.650421,18.589,94.5,4.985370419258973,64.41,61.18,1.989,6090.88,1021.79,4.9,3,7.5,2225.0,65.709223
2021-03-25,65.709223,62.40472257142857,62.347131,18.367,94.5,3.500089921565385,61.95,58.56,1.9209,6065.12,985.62,6.4,3,8.5,2069.58,65.687385
2021-03-26,65.687385,62.673959857142854,65.709223,18.699,93.95,3.6927365726020547,64.57,60.97,1.9673,5945.79,989.21,10.2,3,5.9,2141.5,58.052305
2021-03-27,58.052305,61.619671,65.687385,18.699,93.95,3.825098032109462,64.57,60.97,1.9673,5262.17,901.46,11.8,3,8.2,2187.25,63.271475
2021-03-28,63.271475,62.762153857142856,58.052305,18.699,93.95,2.6176803300526936,64.57,60.97,1.9673,4318.3,874.17,8.7,3,10.3,1791.0,63.208269
2021-03-29,63.208269,62.84660128571428,63.271475,18.443,93.95,2.62175421923799,64.98,61.56,1.9952,5221.21,922.88,8.6,3,12.3,1984.33,62.424452
2021-03-30,62.424452,62.95717714285714,63.208269,18.804,93.85,2.578867474906075,64.17,60.55,1.9964,5444.33,926.0,10.2,3,12.5,2058.08,60.582182
2021-03-31,60.582182,62.70504157142857,62.424452,18.994,96.25,2.730286429610562,62.74,59.16,1.9597,5589.54,931.29,10.1,3,12.9,1966.75,61.288187
2021-04-01,61.288187,62.073465,60.582182,19.172,96.25,2.412361636379589,64.86,61.45,2.0223,5372.71,946.62,11.8,4,12.5,2057.96,56.873449
2021-04-02,56.873449,60.81433128571429,61.288187,19.172,96.25,2.509938799013359,64.86,61.45,2.0223,5393.38,952.21,13.1,4,13.6,1987.04,59.322547
2021-04-03,59.322547,60.995794428571436,56.873449,19.172,96.25,2.315343232128301,64.86,61.45,2.0223,4884.04,908.54,12.6,4,13.6,1914.08,40.261519
2021-04-04,40.261519,57.70865785714285,59.322547,19.172,96.25,7.971401730619022,64.86,61.45,2.0223,4158.79,882.0,10.4,4,12.4,1716.38,53.30344
2021-04-05,53.30344,56.29368228571429,40.261519,19.172,96.5,7.707189326397036,62.15,58.65,1.9611,4010.42,871.96,8.9,4,7.8,1719.29,60.51566
2021-04-06,60.51566,56.02099771428571,53.30344,19.781,94.85,7.4846828509900405,62.74,59.33,1.9663,5036.12,1031.46,12.6,4,8.2,1895.33,67.182713
2021-04-07,67.182713,56.963930714285716,60.51566,19.287,94.85,8.501749739642857,63.16,59.77,1.9518,5616.54,917.33,7.9,4,7.6,2036.17,72.098901
2021-04-08,72.098901,58.508318428571435,67.182713,18.991,94.85,10.22538256051872,63.2,59.6,1.9593,5577.12,996.04,5.1,4,5.9,2252.54,71.324965
2021-04-09,71.324965,60.572820714285726,72.098901,18.938,93.1,11.248030453729514,62.95,59.32,1.9621,5439.46,1019.62,7.2,4,5.6,2079.12,59.789904
2021-04-10,59.789904,60.639586,71.324965,18.938,93.1,11.240756984632592,62.95,59.32,1.9621,5230.5,937.96,9.7,4,8.4,1982.62,58.542967
2021-04-11,58.542967,63.251221428571434,59.789904,18.938,93.1,7.065331141304037,62.95,59.32,1.9621,4620.75,879.33,10.7,4,10.1,1807.33,73.394692
2021-04-12,73.394692,66.12140028571429,58.542967,19.65,93.3,6.400254916753464,63.28,59.7,1.97,5486.08,960.12,12.0,4,13.5,2062.5,75.694002
2021-04-13,75.694002,68.28973485714286,73.394692,19.512,93.3,6.746335224036586,63.67,60.18,1.9757,5436.08,945.96,12.1,4,12.6,1825.83,81.553913
2021-04-14,81.553913,70.34276342857143,75.694002,19.682,93.4,8.349517690042575,66.58,63.15,2.0355,5575.29,923.04,9.5,4,9.0,2037.17,76.185023
2021-04-15,76.185023,70.92649514285714,81.553913,20.26,93.5,8.630850215634693,66.94,63.46,2.0518,5918.96,984.92,8.4,4,7.6,2162.12,74.161908
2021-04-16,74.161908,71.33177271428572,76.185023,20.538,94.3,8.71883804785287,66.77,63.13,2.0399,5788.54,933.38,4.0,4,8.7,2151.67,68.140129
2021-04-17,68.140129,72.524662,74.161908,20.538,94.3,7.338480583806726,66.77,63.13,2.0399,5065.21,928.58,4.0,4,9.9,2137.54,68.734775
2021-04-18,68.734775,73.98063457142858,68.140129,20.538,94.3,4.603553684780336,66.77,63.13,2.0399,4587.62,895.0,5.0,4,10.1,1730.67,80.899553
2021-04-19,80.899553,75.05275757142856,68.734775,20.941,94.35,5.270012786294385,67.05,63.43,2.0445,5712.79,1053.04,4.0,4,10.4,2067.62,79.254897
2021-04-20,79.254897,75.56145685714286,80.899553,21.066,94.0,5.508683527292994,66.57,62.67,2.0174,5560.88,1017.54,9.4,4,8.5,2062.62,78.401726
2021-04-21,78.401726,75.11114442857142,79.254897,21.109,93.75,5.0466440073203405,65.32,61.35,1.9834,5844.54,1077.71,10.9,4,8.3,1895.46,73.737647
2021-04-22,73.737647,74.76151928571429,78.401726,21.368,93.95,5.044622718569208,65.4,61.43,1.9747,5746.96,976.83,11.1,4,11.9,2112.08,70.803928
2021-04-23,70.803928,74.28180785714285,73.737647,20.046,93.0,5.265951068644028,66.11,62.14,1.9957,5655.83,960.67,12.4,4,13.5,2079.71,64.726902
2021-04-24,64.726902,73.794204,70.803928,20.046,93.0,6.031765192824324,66.11,62.14,1.9957,4931.29,962.62,12.6,4,13.4,1968.62,67.071575
2021-04-25,67.071575,73.556604,64.726902,20.046,93.0,6.29144777447664,66.11,62.14,1.9957,4386.71,892.38,10.7,4,10.9,1584.29,72.797382
2021-04-26,72.797382,72.39915099999999,67.071575,20.001,93.1,5.397121555236993,65.65,61.91,1.9786,5284.54,900.0,12.7,4,11.6,2099.83,77.042147
2021-04-27,77.042147,72.08304385714285,72.797382,21.403,93.1,4.977117958738196,66.42,62.94,2.0204,5531.62,959.33,13.9,4,15.3,1908.88,76.126003
2021-04-28,76.126003,71.75794057142858,77.042147,21.554,92.9,4.551742315400418,66.78,63.86,2.0722,5401.67,913.17,15.1,4,15.3,1980.25,76.473887
2021-04-29,76.473887,72.148832,76.126003,22.501,92.9,4.857322462807311,68.05,65.01,2.1038,5367.12,919.12,13.2,4,13.9,2049.08,74.850927
2021-04-30,74.850927,72.72697471428572,76.473887,23.285,93.3,4.911114888349218,66.76,63.58,2.0763,5362.83,921.04,15.1,4,17.2,2122.67,57.608763
2021-05-01,57.608763,71.71009771428571,74.850927,23.285,93.3,7.0950121781854145,66.76,63.58,2.0763,4362.88,847.88,16.6,5,17.4,1664.21,45.83849
2021-05-02,45.83849,68.67679985714285,57.608763,23.285,93.3,12.148066433055014,66.76,63.58,2.0763,4089.83,851.75,15.8,5,17.3,1730.62,71.990303
2021-05-03,71.990303,68.56150285714286,45.83849,23.813,92.8,12.106197864907434,67.56,64.49,2.1015,5115.42,883.54,14.0,5,16.2,2151.96,74.41445
2021-05-04,74.41445,68.18611757142857,71.990303,23.048,93.0,11.837154971078162,68.88,65.69,2.1512,5260.33,874.67,13.1,5,13.0,2265.71,72.76723
2021-05-05,72.76723,67.70629285714286,74.41445,23.962,93.8,11.525642534693514,68.96,65.63,2.1513,5276.75,860.88,13.8,5,15.0,2062.79,73.852565
2021-05-06,73.852565,67.33181828571428,72.76723,24.33,93.8,11.232148434982586,68.09,64.71,2.1137,5101.04,911.54,15.2,5,14.9,2101.12,74.630812
2021-05-07,74.630812,67.30037328571429,73.852565,23.941,96.15,11.20787180705783,68.28,64.9,2.1269,5179.38,898.62,15.7,5,16.7,2234.67,71.562862
2021-05-08,71.562862,69.29381599999999,74.630812,23.941,96.15,10.409315905988,68.28,64.9,2.1269,4873.0,835.12,15.0,5,17.6,1999.29,70.140265
2021-05-09,70.140265,72.76549814285714,71.562862,23.941,96.15,1.6492051428905876,68.28,64.9,2.1269,4248.58,808.58,15.2,5,14.3,1737.67,71.269085
2021-05-10,71.269085,72.662467,70.140265,25.192,97.6,1.7264261008336346,68.32,64.92,2.1334,5086.0,857.0,16.4,5,14.6,1983.38,76.362915
2021-05-11,76.362915,72.94081914285714,71.269085,25.803,98.7,2.158888373300037,68.55,65.28,2.1399,5367.79,879.5,16.2,5,15.9,1955.42,68.374505
2021-05-12,68.374505,72.31328699999999,76.362915,26.42,100.0,2.7697565951640346,69.32,66.08,2.161,5464.25,894.88,14.9,5,16.3,2107.96,71.211471
2021-05-13,71.211471,71.93598785714286,68.374505,26.251,101.0,2.704238919822454,67.05,63.82,2.0953,5208.0,947.92,15.1,5,16.4,2339.54,77.175188
2021-05-14,77.175188,72.29947014285715,71.211471,26.83,99.0,3.2439624480123825,68.71,65.37,2.1266,5379.96,902.29,15.7,5,16.5,2290.92,63.04375
2021-05-15,63.04375,71.08245414285715,77.175188,26.83,99.0,4.794052259165577,68.71,65.37,2.1266,4779.42,875.79,14.7,5,15.3,2002.29,46.113647
2021-05-16,46.113647,67.65008014285715,63.04375,26.83,99.0,10.630011705910837,68.71,65.37,2.1266,4363.0,840.08,16.7,5,15.8,1791.5,68.267626
2021-05-17,68.267626,67.22130028571429,46.113647,26.31,98.35,10.519664877228893,69.46,66.27,2.1583,5077.25,901.17,17.2,5,19.2,2041.54,75.092674
2021-05-18,75.092674,67.03983728571428,68.267626,24.811,98.35,10.34520015593495,68.71,65.49,2.1609,5179.17,902.12,16.6,5,17.9,1989.67,76.553974
2021-05-19,76.553974,68.20833285714285,75.092674,22.663,99.1,10.964478888708177,66.66,63.35,2.102,5332.38,870.25,16.2,5,16.8,2331.5,71.22109
2021-05-20,71.22109,68.20970700000001,76.553974,24.685,99.75,10.964918585230786,65.11,61.94,2.0472,5237.38,793.75,14.2,5,14.6,2212.08,77.704556
2021-05-21,77.704556,68.28533100000001,71.22109,24.794,101.0,11.038636030855782,66.44,63.58,2.0685,5153.92,821.88,11.9,5,15.0,2206.29,62.55208
2021-05-22,62.55208,68.21509242857142,77.704556,24.794,101.0,11.079037066921105,66.44,63.58,2.0685,4969.29,808.42,15.4,5,16.0,1833.62,62.988904
2021-05-23,62.988904,70.62584342857143,62.55208,24.794,101.0,6.253365583855302,66.44,63.58,2.0685,4397.96,825.29,17.3,5,17.2,1546.58,74.455105
2021-05-24,74.455105,71.509769,62.988904,24.761,101.0,6.301590679916988,68.46,65.78,2.1177,5246.71,910.0,16.2,5,18.8,2058.12,68.440968
2021-05-25,68.440968,70.55952528571429,74.455105,26.188,105.0,6.171437705350074,68.65,65.79,2.1173,5284.17,893.04,17.6,5,20.2,2212.08,81.960021
2021-05-26,81.960021,71.33181771428572,68.440968,26.427,105.0,7.284489207472996,68.73,65.96,2.1501,5419.46,897.17,14.0,5,19.3,2229.46,82.942375
2021-05-27,82.942375,73.006287,81.960021,25.199,105.5,8.500475930002208,69.2,66.6,2.1552,5499.04,896.25,15.7,5,17.5,2176.67,79.166667
2021-05-28,79.166667,73.21516,82.942375,24.931,106.0,8.651779208698613,68.72,66.1,2.1369,5333.96,949.08,15.4,5,18.6,2159.5,68.738153
2021-05-29,68.738153,74.09888471428572,79.166667,24.931,106.0,7.637574133340059,68.72,66.1,2.1369,4838.88,886.04,17.6,5,16.7,2073.17,59.87998
2021-05-30,59.87998,73.6547527142857,68.738153,24.931,106.0,8.439589632813503,68.72,66.1,2.1369,4683.88,831.83,18.0,5,16.7,1906.71,70.827755
2021-05-31,70.827755,73.13655985714286,59.87998,25.123,118.9,8.49344575203659,69.32,66.93,2.1463,5384.17,918.62,16.9,5,15.9,2072.04,73.162597
2021-06-01,73.162597,73.81107828571429,70.827755,25.975,118.9,8.242157825546402,70.25,67.52,2.1704,5506.12,903.83,16.2,6,15.0,1995.25,69.505958
2021-06-02,69.505958,72.03192642857142,73.162597,25.723,118.9,7.50077904537955,71.35,68.63,2.1941,4408.29,831.0,15.6,6,12.8,1678.67,71.029418
2021-06-03,71.029418,70.33007542857143,69.505958,25.707,119.0,5.762857726594106,71.31,68.6,2.2018,5817.25,900.79,16.7,6,15.7,2314.08,79.784028
2021-06-04,79.784028,70.41826985714286,71.029418,25.795,119.0,5.92312693155332,71.89,69.39,2.2115,5438.38,945.25,19.0,6,18.1,2153.25,69.70987
2021-06-05,69.70987,70.55708657142857,79.784028,25.795,119.0,5.888473812267237,71.89,69.39,2.2115,5084.96,901.5,19.3,6,19.7,1989.04,69.584936
2021-06-06,69.584936,71.94350885714286,69.70987,25.795,119.0,3.6863271635905037,71.89,69.39,2.2115,4609.96,827.08,19.6,6,22.7,1699.62,78.147893
2021-06-07,78.147893,72.98924285714286,69.584936,26.492,121.6,4.303653612015164,71.49,69.04,2.1931,5533.42,905.75,19.2,6,20.4,2207.75,77.929482
2021-06-08,77.929482,73.67022642857144,78.147893,27.802,122.75,4.695003500729076,72.22,69.87,2.219,5611.17,983.88,18.1,6,19.3,2128.21,75.866819
2021-06-09,75.866819,74.57892085714286,77.929482,28.298,123.7,4.3581753762171065,72.22,69.79,2.2025,5668.5,958.12,17.7,6,21.4,2096.67,83.398063
2021-06-10,83.398063,76.34587014285715,75.866819,28.687,126.0,5.119988359593542,72.52,70.09,2.2122,5599.33,942.75,17.4,6,20.7,2053.08,84.272085
2021-06-11,84.272085,76.98702114285713,83.398063,27.845,127.0,5.851098402459605,72.69,70.6,2.1861,5518.67,970.5,18.1,6,20.2,2292.21,76.525424
2021-06-12,76.525424,77.96067171428571,84.272085,27.845,127.0,4.933428324725047,72.69,70.6,2.1861,4994.21,964.96,18.0,6,20.5,2292.25,68.023603
2021-06-13,68.023603,77.73762414285714,76.525424,27.845,127.0,5.389440672188379,72.69,70.6,2.1861,4561.25,864.75,20.0,6,21.1,2058.92,75.5738
2021-06-14,75.5738,77.36989657142858,68.023603,28.81,125.55,5.444319271387057,72.86,70.63,2.1712,5674.0,899.67,20.8,6,22.2,2336.04,84.516882
2021-06-15,84.516882,78.31095371428572,75.5738,28.133,125.0,6.08838811474028,73.99,71.86,2.1705,6007.54,936.79,19.2,6,20.9,2503.33,90.602615
2021-06-16,90.602615,80.41606742857142,84.516882,28.03,125.25,7.488896619049851,74.39,71.95,2.1562,5768.0,970.96,19.8,6,19.1,2344.58,90.427347
2021-06-17,90.427347,81.42025085714286,90.602615,28.312,126.0,8.374327495254555,73.08,70.78,2.1342,6017.33,990.42,19.6,6,19.5,2482.21,89.533089
2021-06-18,89.533089,82.17182285714286,90.427347,29.404,125.0,8.892949711636765,73.51,71.29,2.1683,6189.92,1011.04,20.7,6,21.4,2373.54,78.905119
2021-06-19,78.905119,82.51177928571428,89.533089,29.404,125.0,8.684160570306926,73.51,71.29,2.1683,5557.71,1029.04,21.4,6,22.6,2246.17,80.641115
2021-06-20,80.641115,84.31428100000001,78.905119,29.404,125.0,6.101050655954443,73.51,71.29,2.1683,4952.46,987.17,21.9,6,24.0,2057.33,85.218711
2021-06-21,85.218711,85.69212542857143,80.641115,29.616,125.5,4.734091135358048,74.9,73.12,2.1969,6244.08,1018.21,21.8,6,25.6,2151.38,90.979346
2021-06-22,90.979346,86.61533457142856,85.218711,30.737,127.25,5.083912726624468,74.81,72.85,2.2243,6617.17,1011.38,22.0,6,26.5,2343.29,101.670622
2021-06-23,101.670622,88.19647842857141,90.979346,31.547,127.5,7.619494457569259,75.19,73.08,2.2669,6291.08,1068.75,22.9,6,26.1,2716.92,106.558113
2021-06-24,106.558113,90.50087357142857,101.670622,32.016,127.5,10.354881018665372,75.56,73.3,2.2809,7136.42,1108.29,23.1,6,28.6,2771.42,98.155644
2021-06-25,98.155644,91.73266714285715,106.558113,32.383,127.7,10.726750525232424,76.18,74.05,2.2639,7192.46,1115.83,22.5,6,27.1,2959.46,91.81721
2021-06-26,91.81721,93.57725157142856,98.155644,32.383,127.7,9.147155979883602,76.18,74.05,2.2639,5979.62,1058.79,21.2,6,25.3,2691.46,87.093009
2021-06-27,87.093009,94.49895071428571,91.81721,32.383,127.7,7.861062717414984,76.18,74.05,2.2639,4853.62,979.29,22.1,6,24.3,2282.21,99.79426
2021-06-28,99.79426,96.581172,87.093009,32.289,128.55,6.859856353947756,74.68,72.91,2.2166,6380.5,1068.04,23.1,6,24.7,2795.17,112.105969
2021-06-29,112.105969,99.599261,99.79426,33.486,128.55,8.448102489654792,74.28,72.98,2.2415,6984.46,1062.58,23.6,6,26.4,2981.0,103.377809
2021-06-30,103.377809,99.84314485714286,112.105969,34.622,128.55,8.541985983948422,74.62,73.47,2.2418,7159.67,1161.08,24.1,6,24.3,3023.79,98.072153
2021-07-01,98.072153,98.63086485714287,103.377809,36.143,137.75,8.016144155281353,75.84,75.23,2.2676,7344.38,1105.12,23.1,7,25.7,3008.79,110.261929
2021-07-02,110.261929,100.36033414285716,98.072153,35.827,139.25,9.125694246376518,76.17,75.16,2.2998,7290.38,1121.62,23.5,7,24.5,3149.0,107.20875
2021-07-03,107.20875,102.55912557142857,110.261929,35.827,139.25,8.56098530425167,76.17,75.16,2.2998,6024.83,984.33,22.6,7,25.1,2490.88,94.011929
2021-07-04,94.011929,103.5475427142857,107.20875,35.827,139.25,6.667806293042753,76.17,75.16,2.2998,5625.04,981.46,24.1,7,25.6,2437.0,96.762734
2021-07-05,96.762734,103.11446757142856,94.011929,37.945,139.25,7.040258804071171,77.16,75.16,2.314,6509.04,1091.92,23.7,7,25.2,2558.58,105.562244
2021-07-06,105.562244,102.1796497142857,96.762734,34.105,140.75,6.00581363752165,74.53,73.37,2.2282,6951.0,1103.54,23.6,7,23.8,2567.54,112.727896
2021-07-07,112.727896,103.51537642857144,105.562244,32.338,140.75,7.231407628477226,73.43,72.2,2.206,7158.54,1150.21,23.4,7,23.5,2744.04,111.699662
2021-07-08,111.699662,105.46216342857143,112.727896,33.312,142.25,7.35508360923419,74.12,72.94,2.2552,7211.88,1135.29,23.9,7,26.9,2596.42,96.744044
2021-07-09,96.744044,103.53103699999998,111.699662,36.632,143.0,7.653394031857457,75.55,74.56,2.292,7145.54,1142.62,24.3,7,27.1,2761.71,91.892644
2021-07-10,91.892644,101.34302185714286,96.744044,36.632,143.0,8.562139414263472,75.55,74.56,2.292,6226.88,1087.12,22.1,7,25.6,2627.62,87.734035
2021-07-11,87.734035,100.44617985714287,91.892644,36.632,143.0,9.709880791259254,75.55,74.56,2.292,5497.42,1050.17,23.9,7,24.0,2398.46,103.558933
2021-07-12,103.558933,101.41706542857143,87.734035,34.649,142.25,9.619544662465392,75.16,74.1,2.2772,6968.5,1116.54,23.7,7,26.1,2884.71,107.813337
2021-07-13,107.813337,101.73865014285715,103.558933,35.463,144.6,9.81681978889801,76.49,75.25,2.3183,7245.08,1113.92,23.7,7,25.5,3026.71,99.599262
2021-07-14,99.599262,99.863131,107.813337,34.775,144.5,8.538248818665926,74.76,73.13,2.2935,7048.96,1084.62,23.4,7,26.9,2898.08,96.383797
2021-07-15,96.383797,97.67515028571428,99.599262,33.797,146.0,6.781121331359263,73.47,71.65,2.2503,6140.62,1064.92,22.8,7,22.9,3048.38,98.998615
2021-07-16,98.998615,97.99723185714286,96.383797,34.842,148.1,6.78306817533898,73.59,71.81,2.2536,6340.12,1097.79,21.8,7,23.2,2769.67,93.503648
2021-07-17,93.503648,98.22737528571429,98.998615,34.842,148.1,6.565257347321775,73.59,71.81,2.2536,5448.92,1066.54,20.9,7,21.7,2550.96,82.561353
2021-07-18,82.561353,97.48842071428571,93.503648,34.842,148.1,8.063366864133451,73.59,71.81,2.2536,4806.71,1034.12,21.0,7,21.1,2251.42,98.814661
2021-07-19,98.814661,96.81066757142858,82.561353,35.649,150.0,7.657236879139311,68.62,66.35,2.1104,5736.46,1105.21,21.9,7,23.4,2492.38,110.478646
2021-07-20,110.478646,97.19142599999999,98.814661,35.165,150.0,8.332063776385004,69.35,67.2,2.1315,5992.04,1122.04,21.1,7,23.1,2577.42,103.697945
2021-07-21,103.697945,97.77695214285714,110.478646,35.949,149.75,8.666765543242024,72.23,70.3,2.2167,6560.92,1115.5,20.7,7,24.2,2391.29,103.369568
2021-07-22,103.369568,98.77491942857144,103.697945,36.129,149.75,8.879206513339348,73.79,71.91,2.2732,6681.42,1145.88,22.3,7,24.5,2369.25,109.683692
2021-07-23,109.683692,100.301359,103.369568,35.523,149.75,9.79526250106891,74.1,72.07,2.2913,6508.21,1214.58,22.5,7,22.8,2307.12,105.068879
2021-07-24,105.068879,101.95353485714286,109.683692,35.523,149.75,9.425988732041839,74.1,72.07,2.2913,5512.5,1185.25,24.5,7,24.0,2305.54,88.604614
2021-07-25,88.604614,102.81685785714285,105.068879,35.523,149.75,7.416370025299189,74.1,72.07,2.2913,5334.62,1085.75,24.2,7,25.3,2038.92,105.8517
2021-07-26,105.8517,103.82214914285714,88.604614,36.914,149.75,7.258715213196513,74.5,71.91,2.3083,6472.29,1173.96,24.6,7,28.6,2514.92,112.351059
2021-07-27,112.351059,104.08963671428572,105.8517,37.59,149.75,7.572606167559683,74.48,71.65,2.3141,6184.58,1156.0,24.4,7,26.8,2308.29,115.338996
2021-07-28,115.338996,105.752644,112.351059,39.698,150.1,8.670848615979978,73.87,72.39,2.3082,6631.42,1214.67,24.4,7,28.4,2687.38,115.292627
2021-07-29,115.292627,107.45593814285714,115.338996,41.154,150.0,9.274745658564116,75.1,73.62,2.3251,7089.25,1249.25,25.6,7,28.8,3249.38,109.597015
2021-07-30,109.597015,107.44355571428571,115.292627,40.756,149.75,9.271332983761829,75.41,73.95,2.3347,7373.17,1296.29,24.8,7,28.2,3442.17,109.084205
2021-07-31,109.084205,108.0171737142857,109.597015,40.756,149.75,9.224018187017844,75.41,73.95,2.3347,6372.67,1241.83,24.3,7,26.2,3004.67,91.875912
2021-08-01,91.875912,108.484502,109.084205,40.756,149.75,8.089696678167977,75.41,73.95,2.3347,5754.04,1147.21,26.0,8,28.9,2364.46,108.75386
2021-08-02,108.75386,108.89909628571426,91.875912,42.153,149.75,8.006214695236268,72.89,71.26,2.2747,6670.67,1203.12,24.7,8,27.8,3139.75,112.283875
2021-08-03,112.283875,108.88949857142858,108.75386,41.243,152.75,8.001425685758855,72.41,70.56,2.2708,6809.21,1248.0,22.9,8,25.0,3336.17,113.759884
2021-08-04,113.759884,108.66391114285715,112.283875,42.253,152.75,7.809239051219126,70.38,68.15,2.25,7036.42,1206.42,23.1,8,26.1,3618.54,106.5312
2021-08-05,106.5312,107.4122787142857,113.759884,42.899,156.0,7.251985752248416,71.29,69.09,2.294,7052.46,1166.79,24.3,8,27.8,3675.83,109.924232
2021-08-06,109.924232,107.459024,106.5312,43.118,160.95,7.2694489122195804,70.7,68.28,2.2569,6386.21,1153.79,23.7,8,25.6,2838.29,98.798061
2021-08-07,98.798061,105.98957485714287,109.924232,43.118,160.95,7.898580318056389,70.7,68.28,2.2569,6198.54,1142.29,23.9,8,25.0,2702.5,97.483192
2021-08-08,97.483192,106.79061485714286,98.798061,43.118,160.95,6.363919661402685,70.7,68.28,2.2569,5632.46,1056.0,24.4,8,26.5,2485.67,107.570211
2021-08-09,107.570211,106.62152214285716,97.483192,42.786,167.0,6.318625021494788,69.04,66.48,2.2348,6302.5,1133.0,24.7,8,25.1,2761.42,113.441307
2021-08-10,113.441307,106.78686957142857,107.570211,44.655,167.1,6.503921639897152,70.63,68.29,2.2679,6464.58,1171.62,24.6,8,26.6,2874.67,120.296423
2021-08-11,120.296423,107.72066085714286,113.441307,45.986,168.75,7.974828322592734,71.44,69.25,2.3022,6657.38,1219.08,25.4,8,25.2,2984.5,118.925802
2021-08-12,118.925802,109.49131828571429,120.296423,45.871,171.25,8.979431101543042,71.31,69.09,2.2754,6759.92,1241.29,25.0,8,26.0,2984.71,124.54655
2021-08-13,124.54655,111.58022085714286,118.925802,44.628,172.25,10.643535498606036,70.59,68.44,2.2626,6692.54,1266.17,26.2,8,25.9,3121.67,115.406946
2021-08-14,115.406946,113.95291871428572,124.54655,44.628,172.25,9.051348300270968,70.59,68.44,2.2626,5692.96,1236.17,25.9,8,25.6,2818.5,115.55694
2021-08-15,115.55694,116.53488271428571,115.406946,44.628,172.25,5.419358139693974,70.59,68.44,2.2626,5039.75,1084.88,25.9,8,25.2,2723.29,117.542045
2021-08-16,117.542045,117.95943042857142,115.55694,47.988,173.4,3.7117008560882536,69.51,67.29,2.2009,5725.58,1191.83,26.5,8,25.4,2684.0,114.667193
2021-08-17,114.667193,118.134557,117.542045,46.949,172.0,3.48499264056267,69.03,66.59,2.1656,6008.0,1216.42,25.8,8,27.1,2708.25,111.782627
2021-08-18,111.782627,116.91830042857144,114.667193,45.385,171.0,4.045356020978421,68.23,65.21,2.1477,6331.54,1208.79,24.0,8,25.6,2636.75,122.518365
2021-08-19,122.518365,117.4315237142857,111.782627,40.395,170.9,4.5401230834395445,66.45,63.5,2.0815,6558.17,1273.5,23.3,8,24.4,2715.08,109.230682
2021-08-20,109.230682,115.24354257142856,122.518365,41.944,167.75,4.218919314282574,65.18,62.14,2.0236,6616.62,1166.46,23.3,8,23.9,2744.17,106.306865
2021-08-21,106.306865,113.943531,109.230682,41.944,167.75,5.397576243352634,65.18,62.14,2.0236,6180.79,1086.71,23.0,8,24.3,2773.29,101.431659
2021-08-22,101.431659,111.92563371428572,106.306865,41.944,167.75,7.073936456811976,65.18,62.14,2.0236,5067.5,1050.71,23.7,8,23.1,2596.75,108.937923
2021-08-23,108.937923,110.69647342857142,101.431659,41.68,170.0,6.671456069157625,68.75,65.64,2.1232,6173.96,1096.04,24.8,8,24.4,2528.42,116.053167
2021-08-24,116.053167,110.89446971428572,108.937923,44.87,170.0,6.827677629757699,71.05,67.54,2.1808,6285.58,1109.33,23.3,8,25.3,2755.79,109.138222
2021-08-25,109.138222,110.51669757142857,116.053167,45.285,170.75,6.843484626778194,72.25,68.36,2.3008,6480.08,1159.96,23.8,8,23.9,2651.83,129.627601
2021-08-26,129.627601,111.53230271428572,109.138222,45.788,171.0,9.082640247274483,71.07,67.42,2.2554,6433.46,1176.96,22.2,8,22.0,2589.17,112.785689
2021-08-27,112.785689,112.04016085714287,129.627601,47.806,170.95,9.031742201668372,72.7,68.74,2.2742,6147.33,1133.96,24.0,8,20.4,2617.46,112.548301
2021-08-28,112.548301,112.93179457142857,112.785689,47.806,170.95,8.672337760954646,72.7,68.74,2.2742,5350.33,1070.79,23.3,8,21.8,2348.88,103.667655
2021-08-29,103.667655,113.25122257142857,112.548301,47.806,170.95,8.206842445462433,72.7,68.74,2.2742,4602.29,1009.54,20.7,8,19.9,2046.62,126.174653
2021-08-30,126.174653,115.71361257142857,103.667655,49.679,171.35,9.220272291825232,72.23,69.21,2.1538,5772.08,1037.67,20.3,8,19.8,2137.38,126.681263
2021-08-31,126.681263,117.231912,126.174653,50.338,172.0,10.116965564850112,71.63,68.5,2.1419,5904.25,1116.62,21.8,8,20.5,2242.38,126.877079
2021-09-01,126.877079,119.76603442857143,126.681263,50.232,174.6,9.972353004707927,71.59,68.59,2.1109,5902.79,1020.38,21.5,9,21.8,2214.83,139.320141
2021-09-02,139.320141,121.150683,126.877079,51.916,177.5,12.030369720022438,73.03,69.99,2.1635,5994.88,1061.54,21.7,9,21.2,2083.83,145.293144
2021-09-03,145.293144,125.79460514285714,139.320141,51.505,179.0,14.31957856710319,72.61,69.29,2.154,6315.75,1097.29,22.0,9,19.5,2447.5,136.360236
2021-09-04,136.360236,129.19631014285716,145.293144,51.505,179.0,13.450333240306742,72.61,69.29,2.154,5266.54,1064.29,20.9,9,19.8,2138.5,113.094663
2021-09-05,113.094663,130.54302557142856,136.360236,51.505,179.0,10.64834960485339,72.61,69.29,2.154,4670.62,1030.58,21.1,9,20.9,1913.0,131.541058
2021-09-06,131.541058,131.30965485714287,113.094663,51.505,178.0,10.473167639391267,72.22,68.88,2.1468,5916.08,1108.79,20.4,9,21.3,2226.5,137.502726
2021-09-07,137.502726,132.85557814285713,131.541058,53.908,177.2,10.474782493977152,71.69,68.35,2.13,6174.75,1110.62,21.4,9,20.5,2248.08,139.394145
2021-09-08,139.394145,134.64373042857142,137.502726,55.288,177.35,10.351766307758195,72.6,69.3,2.1321,6418.25,1043.33,21.0,9,20.2,2473.21,145.030311
2021-09-09,145.030311,135.459469,139.394145,56.581,177.5,10.987179106868302,71.45,68.14,2.0997,6155.92,1089.08,19.4,9,20.9,2447.88,145.207961
2021-09-10,145.207961,135.44729999999998,145.030311,57.916,177.6,10.974512320485529,72.92,69.72,2.154,6115.38,1046.92,20.8,9,19.6,2326.92,139.235988
2021-09-11,139.235988,135.85812171428572,145.207961,57.916,177.6,11.06781224459528,72.92,69.72,2.154,5240.25,1021.83,22.5,9,19.8,2218.42,133.703473
2021-09-12,133.703473,138.80223742857143,139.235988,57.916,177.6,5.176413564765518,72.92,69.72,2.154,4890.54,989.0,20.0,9,18.9,2071.96,148.182048
2021-09-13,148.182048,141.17952171428573,133.703473,61.279,177.5,5.106650892009595,73.51,70.45,2.1609,5703.62,1071.33,21.8,9,19.4,2168.67,152.580567
2021-09-14,152.580567,143.33349900000002,148.182048,65.764,177.45,6.330547367696295,73.6,70.46,2.1724,6065.46,1055.46,22.1,9,20.4,2249.38,174.582561
2021-09-15,174.582561,148.36041557142858,152.580567,70.707,177.5,13.06746031355289,75.46,72.61,2.2066,6193.12,1046.88,21.4,9,20.7,2402.12,183.415471
2021-09-16,183.415471,153.84400985714288,174.582561,63.251,176.0,18.402127525954754,75.67,72.61,2.1812,6170.21,1073.29,23.2,9,22.3,2337.0,167.382542
2021-09-17,167.382542,157.01180714285715,183.415471,65.103,177.5,18.575502326566085,75.34,71.97,2.1713,6153.46,1116.79,22.7,9,22.7,2495.17,156.690869
2021-09-18,156.690869,159.50536157142855,167.382542,65.103,177.5,16.886356817362973,75.34,71.97,2.1713,5407.83,1028.33,21.2,9,24.2,2180.08,158.222348
2021-09-19,158.222348,163.00805799999998,156.690869,65.103,177.5,12.655175314581548,75.34,71.97,2.1713,4913.88,992.67,22.2,9,23.0,1976.58,159.169505
2021-09-20,159.169505,164.57769471428568,158.222348,75.317,177.5,11.095031727208932,73.92,70.14,2.1152,5817.04,1033.21,22.2,9,23.9,2109.17,175.959909
2021-09-21,175.959909,167.91760071428573,159.169505,73.782,179.5,10.377357548992709,74.36,70.49,2.1052,6031.46,1015.92,22.3,9,20.9,2170.88,181.184326
2021-09-22,181.184326,168.86070999999998,175.959909,71.692,180.0,11.339425444885297,76.19,72.23,2.1239,5955.21,1042.71,19.5,9,19.9,2235.54,170.845359
2021-09-23,170.845359,167.06497971428573,181.184326,69.684,185.9,9.495794240904193,77.25,73.3,2.1715,5967.54,1059.62,19.3,9,20.1,2227.17,191.199968
2021-09-24,191.199968,170.46746914285714,170.845359,70.24,181.0,13.18066085317807,78.09,73.98,2.1875,6158.46,1060.29,17.5,9,15.9,2284.67,164.582014
2021-09-25,164.582014,171.59477557142856,191.199968,70.24,181.0,12.099084369034747,78.09,73.98,2.1875,5117.25,1023.88,20.4,9,16.6,2003.38,163.806426
2021-09-26,163.806426,172.392501,164.582014,70.24,181.0,11.222812068075653,78.09,73.98,2.1875,4641.12,971.75,20.4,9,18.5,1904.75,173.631607
2021-09-27,173.631607,174.45851557142856,163.806426,76.507,204.75,9.596161657053273,79.53,75.45,2.2237,5680.75,1021.42,22.0,9,21.3,2089.58,178.788594
2021-09-28,178.788594,174.86261342857142,173.631607,78.565,210.0,9.728568263221689,79.09,75.29,2.2019,5868.17,1059.12,21.6,9,22.3,2318.67,218.408375
2021-09-29,218.408375,180.1803347142857,178.788594,86.609,212.0,19.26219278796832,78.09,74.83,2.175,6036.04,1005.5,19.8,9,19.7,2325.67,206.366665
2021-09-30,206.366665,185.254807,218.408375,97.774,218.0,20.99413674260023,78.31,75.03,2.194,6013.42,1023.04,21.1,9,19.1,2314.12,205.613268
2021-10-01,205.613268,187.31384985714288,206.366665,93.625,228.0,22.338185012670273,79.28,75.88,2.25,6046.04,1030.25,19.9,10,20.2,2229.08,227.12875
2021-10-02,227.12875,196.24909785714286,205.613268,93.625,228.0,24.164665568279574,79.28,75.88,2.25,5226.54,968.92,19.8,10,18.0,2091.71,191.5975
2021-10-03,191.5975,200.21925128571428,227.12875,93.625,228.0,19.842555068296672,79.28,75.88,2.25,4697.75,944.12,19.9,10,17.6,2147.92,211.114763
2021-10-04,211.114763,205.57398785714287,191.5975,96.652,240.0,16.1939230908645,81.26,77.62,2.3085,5771.54,1006.38,20.0,10,18.4,2411.88,206.707847
2021-10-05,206.707847,209.56245257142857,211.114763,116.02,269.5,11.149979278537236,82.56,78.93,2.3508,5795.25,912.96,19.8,10,19.5,2273.33,242.456974
2021-10-06,242.456974,212.99796671428572,206.707847,108.191,242.0,16.66889379399493,81.08,77.43,2.3082,5826.67,985.62,17.2,10,18.9,2206.33,307.715101
2021-10-07,307.715101,227.4763147142857,242.456974,96.584,231.9,39.002383604726205,81.95,78.3,2.3344,5701.5,964.92,16.3,10,18.9,2138.96,229.0741
2021-10-08,229.0741,230.82786214285713,307.715101,87.606,238.6,37.80001229304859,82.39,79.35,2.3662,5794.12,955.67,15.3,10,15.6,2102.12,200.179508
2021-10-09,200.179508,226.9779704285714,229.0741,87.606,238.6,39.570468983966286,82.39,79.35,2.3662,5065.25,878.71,16.8,10,15.3,2081.83,171.865463
2021-10-10,171.865463,224.159108,200.179508,87.606,238.6,43.05988268919822,82.39,79.35,2.3662,4584.96,886.38,13.3,10,11.9,1939.5,203.476238
2021-10-11,203.476238,223.06789014285712,171.865463,85.216,244.5,43.539659819756515,83.65,80.52,2.3779,5522.5,959.58,12.5,10,11.1,2138.42,218.539331
2021-10-12,218.539331,224.75810214285715,203.476238,85.698,242.35,43.025323906122075,83.42,79.19,2.3829,5583.88,946.5,13.1,10,13.2,2164.12,215.782201
2021-10-13,215.782201,220.9474202857143,218.539331,93.616,243.35,42.372826682038806,83.18,79.12,2.4055,5826.62,947.0,15.1,10,13.6,2198.62,214.065942
2021-10-14,214.065942,207.568969,215.782201,102.172,245.0,18.4326804950136,84.0,80.05,2.435,5643.38,944.33,13.1,10,16.1,2074.83,211.857417
2021-10-15,211.857417,205.10944285714285,214.065942,93.648,240.0,16.08393352788889,84.86,80.88,2.4864,5618.5,957.42,11.8,10,14.5,2190.67,217.446378
2021-10-16,217.446378,207.5761385714286,211.857417,93.648,240.0,16.51999345829446,84.86,80.88,2.4864,5378.04,934.79,12.1,10,13.3,1922.33,192.080555
2021-10-17,192.080555,210.4640088571429,217.446378,93.648,240.0,9.521408335203255,84.86,80.88,2.4864,4765.33,892.04,14.4,10,14.3,1848.29,246.654207
2021-10-18,246.654207,216.63229014285713,192.080555,93.933,239.35,16.013072482836925,84.33,80.74,2.4866,5521.38,912.08,14.7,10,14.1,1925.5,250.544841
2021-10-19,250.544841,221.2045058571429,246.654207,89.932,229.9,20.56939128529447,85.08,81.5,2.4755,5764.25,940.42,14.4,10,13.4,2041.0,232.336821
2021-10-20,232.336821,223.56945157142854,250.544841,93.451,232.0,20.792528385378994,85.82,82.38,2.5084,5855.75,970.29,16.0,10,12.6,2123.71,216.013468
2021-10-21,216.013468,223.84766957142855,232.336821,88.463,228.5,20.65675747670942,84.61,81.36,2.4801,5827.96,927.17,18.1,10,14.1,2059.25,233.277114
2021-10-22,233.277114,226.9076262857143,216.013468,87.338,230.0,20.16521219229331,85.53,82.5,2.4821,5687.17,928.58,18.2,10,18.0,2210.38,219.745922
2021-10-23,219.745922,227.23613257142856,233.277114,87.338,230.0,20.003474994173303,85.53,82.5,2.4821,5272.38,899.5,18.7,10,17.3,1981.92,189.631105
2021-10-24,189.631105,226.88621114285712,219.745922,87.338,230.0,20.729208138433787,85.53,82.5,2.4821,4835.79,868.08,17.8,10,17.0,1837.58,211.932215
2021-10-25,211.932215,221.92592657142856,189.631105,88.643,226.0,19.31673626463491,85.99,82.61,2.5162,5601.83,933.12,16.2,10,17.7,2075.67,239.877509
2021-10-26,239.877509,220.402022,211.932215,88.493,223.35,16.959652375195894,86.4,83.36,2.5168,5900.71,947.42,16.0,10,13.7,2156.38,224.420649
2021-10-27,224.420649,219.27114028571432,239.877509,86.819,223.35,16.281566948330024,83.87,81.48,2.4497,5898.54,938.75,15.7,10,15.2,2004.33,213.778064
2021-10-28,213.778064,218.95179685714285,224.420649,77.032,223.7,16.377749797309765,83.66,81.46,2.3589,5740.17,962.42,14.8,10,12.5,1943.67,218.036382
2021-10-29,218.036382,216.77454942857142,213.778064,64.864,223.45,15.120761439713602,83.72,81.78,2.3697,5836.29,959.38,12.4,10,13.6,1989.38,190.077731
2021-10-30,190.077731,212.5362364285714,218.036382,64.864,223.45,18.027629437192953,83.72,81.78,2.3697,5224.0,942.58,13.8,10,14.3,1941.79,194.343366
2021-10-31,194.343366,213.2094165714286,190.077731,64.864,223.45,17.093545696577856,83.72,81.78,2.3697,4753.92,900.88,16.1,10,12.9,1596.88,166.614192
2021-11-01,166.614192,206.7354132857143,194.343366,65.619,150.0,24.594140582971217,84.71,82.45,2.4093,4543.46,829.29,16.9,11,14.1,1789.08,202.612886
2021-11-02,202.612886,201.41189571428572,166.614192,67.606,140.9,19.78824715853303,84.72,82.44,2.4501,5051.29,965.67,18.5,11,17.2,3172.88,199.890678
2021-11-03,199.890678,197.9076141428571,202.612886,76.542,157.3,17.011759677213295,81.99,79.57,2.3385,6100.12,986.58,17.9,11,16.2,2202.29,191.28315
2021-11-04,191.28315,194.694055,199.890678,73.376,154.75,15.578422116563438,80.54,77.7,2.2926,5990.0,938.75,14.5,11,19.0,1967.71,209.274972
2021-11-05,209.274972,193.44242500000001,191.28315,74.027,155.4,13.619203849948178,82.74,80.13,2.3209,5889.54,927.38,13.4,11,17.0,1993.17,174.424416
2021-11-06,174.424416,191.20623714285713,209.274972,74.027,155.4,15.428631548315604,82.74,80.13,2.3209,5391.25,930.17,15.4,11,15.9,1994.08,195.481352
2021-11-07,195.481352,191.36880657142856,174.424416,74.027,155.4,15.473127547266042,82.74,80.13,2.3209,4871.79,918.29,15.1,11,15.9,1898.92,217.422025
2021-11-08,217.422025,198.62706842857142,195.481352,79.074,163.0,13.745961517009572,83.43,80.74,2.3222,5765.38,1008.88,16.2,11,16.5,2161.96,211.2995
2021-11-09,211.2995,199.8680132857143,217.422025,72.587,162.0,14.535203928240286,84.78,82.56,2.3752,5971.88,998.92,16.7,11,18.4,2058.62,232.942152
2021-11-10,232.942152,204.58965242857144,211.2995,68.0,158.5,19.17234955192935,82.64,80.06,2.2972,5973.29,999.67,16.9,11,16.3,2183.17,199.446067
2021-11-11,199.446067,205.75578342857145,232.942152,74.79,151.5,18.46324437751709,82.87,80.42,2.3178,5556.25,992.08,16.2,11,15.8,1923.83,202.706036
2021-11-12,202.706036,204.817364,199.446067,75.675,153.0,18.421455840372946,82.17,79.69,2.3114,6007.79,1010.29,15.2,11,15.5,2084.04,189.382813
2021-11-13,189.382813,206.95427785714287,202.706036,75.675,153.0,14.824694950677237,82.17,79.69,2.3114,5429.08,995.54,14.4,11,14.6,1911.38,178.629835
2021-11-14,178.629835,204.5469182857143,189.382813,75.675,153.0,18.021782454319133,82.17,79.69,2.3114,4830.46,953.92,14.5,11,14.8,1850.83,228.469351
2021-11-15,228.469351,206.1251077142857,178.629835,79.947,149.35,19.739079250490743,82.05,79.75,2.3288,5787.25,1017.42,14.1,11,13.7,2109.5,237.312434
2021-11-16,237.312434,209.84124114285714,228.469351,94.189,150.4,23.04703505752037,82.43,79.74,2.3497,5978.29,1026.25,14.6,11,15.7,2156.79,244.988341
2021-11-17,244.988341,211.5621252857143,237.312434,95.004,150.15,25.390061703882562,80.28,77.55,2.2803,5990.46,1017.75,13.6,11,15.4,2125.38,247.470427
2021-11-18,247.470427,218.42274814285716,244.988341,95.167,152.5,27.931647647031298,81.24,77.55,2.2237,5808.58,1026.54,14.3,11,14.2,2320.46,243.492267
2021-11-19,243.492267,224.24935257142855,247.470427,87.125,152.5,28.3574862033682,77.37,75.23,2.1404,5999.75,979.67,13.8,11,13.2,2176.42,230.29388
2021-11-20,230.29388,230.09379071428572,243.492267,87.125,152.5,23.827997091496734,77.37,75.23,2.1404,5308.25,947.88,11.4,11,12.7,1958.5,223.466328
2021-11-21,223.466328,236.499004,230.29388,87.125,152.5,9.263169867573167,77.37,75.23,2.1404,4872.12,949.67,12.9,11,9.9,1882.29,258.531112
2021-11-22,258.531112,240.7935412857143,223.466328,84.017,154.0,11.595077965151146,78.35,76.12,2.1865,5812.79,1018.17,13.9,11,12.0,2142.75,270.205193
2021-11-23,270.205193,245.49250685714284,258.531112,90.927,157.0,15.837930234330294,80.66,77.94,2.2598,6051.38,1003.5,13.3,11,12.5,2179.67,289.273454
2021-11-24,289.273454,251.81895157142858,270.205193,93.984,160.0,22.88154290798156,80.42,77.81,2.2503,6023.5,1018.08,14.6,11,12.4,2134.83,292.226661
2021-11-25,292.226661,258.2126992857143,289.273454,93.194,158.0,27.291950222171103,80.36,78.08,2.3024,5924.42,1034.08,13.3,11,11.2,2117.88,256.397578
2021-11-26,256.397578,260.05631514285716,292.226661,87.772,157.5,26.55784373833645,71.21,67.84,1.9701,5613.21,1084.33,12.3,11,13.3,2161.75,223.182269
2021-11-27,223.182269,259.0403707142857,256.397578,87.772,157.5,27.983870699382482,71.21,67.84,1.9701,5029.33,999.25,12.9,11,11.8,2107.54,204.214812
2021-11-28,204.214812,256.29015414285715,223.182269,87.772,157.5,32.62403421529899,71.21,67.84,1.9701,4665.67,1022.75,11.4,11,11.4,1905.42,287.007736
2021-11-29,287.007736,260.3582432857143,204.214812,93.146,159.3,34.66186220473241,72.84,69.62,2.0218,5559.0,1067.54,8.5,11,8.5,2287.67,270.642227
2021-11-30,270.642227,260.4206767142857,287.007736,92.513,152.0,34.68294193074395,68.88,65.85,1.9282,5464.33,1046.71,5.6,11,6.2,2395.88,280.460909
2021-12-01,280.460909,259.1617417142857,270.642227,95.675,157.0,33.604246997105705,68.57,65.37,1.9363,5646.42,1128.83,8.8,12,6.0,2197.21,275.751485
2021-12-02,275.751485,256.80814514285714,280.460909,94.83,155.0,31.407608618037,69.32,66.27,1.9508,6233.04,1143.46,13.3,12,11.0,2078.58,290.596846
2021-12-03,290.596846,261.6937548571429,275.751485,89.478,155.25,33.89456873624243,69.51,66.1,1.9402,6100.88,1160.38,11.1,12,11.0,2268.17,223.435092
2021-12-04,223.435092,261.7298724285714,290.596846,89.478,155.25,33.846792925952926,69.51,66.1,1.9402,5798.33,1085.79,9.6,12,8.6,2118.33,221.865606
2021-12-05,221.865606,264.2514144285714,223.435092,89.478,155.25,29.18419290076842,69.51,66.1,1.9402,4665.67,1022.75,10.4,12,10.4,1905.42,269.725727
2021-12-06,269.725727,261.782556,221.865606,89.928,151.25,27.62774506632995,72.69,69.3,2.0283,6238.71,1098.46,9.3,12,8.9,2256.5,252.597351
2021-12-07,252.597351,259.20471657142855,269.725727,95.883,154.1,27.50488202885693,75.1,71.84,2.0864,6266.21,1085.42,6.9,12,7.4,2365.54,245.101685
2021-12-08,245.101685,254.1533988571429,252.597351,101.502,159.0,26.164767407456182,75.59,71.9,2.1346,5143.38,1099.0,6.8,12,6.6,2003.29,278.545948
2021-12-09,278.545948,254.55260785714287,245.101685,100.445,161.0,26.567442088611465,74.23,70.54,2.1165,5814.71,1108.96,8.7,12,9.0,2123.79,256.324701
2021-12-10,256.324701,249.65658714285715,278.545948,105.776,163.25,21.490811810924033,74.91,71.22,2.127,6185.92,1143.79,8.9,12,7.5,2497.17,246.138107
2021-12-11,246.138107,252.899875,256.324701,105.776,163.25,18.358968906568396,74.91,71.22,2.127,5729.29,1155.08,9.3,12,9.1,2535.0,240.00524
2021-12-12,240.00524,255.49125128571427,246.138107,105.776,163.25,14.014573235943798,74.91,71.22,2.127,5380.92,1083.67,9.1,12,9.0,2140.33,294.749431
2021-12-13,294.749431,259.0660661428571,240.00524,116.084,164.25,20.11458361774861,74.28,70.8,2.1057,6129.88,1147.21,6.1,12,11.2,2402.62,309.676033
2021-12-14,309.676033,267.2201635714286,294.749431,128.301,164.75,27.330319489081496,73.63,70.26,2.0971,6225.88,1120.71,10.5,12,11.3,2396.42,341.991622
2021-12-15,341.991622,281.06158314285716,309.676033,132.284,164.75,37.063296784478766,73.78,70.36,2.1123,6065.75,1177.96,11.2,12,9.8,2763.21,347.345062
2021-12-16,347.345062,290.890028,341.991622,142.765,168.5,44.63390090926799,74.92,71.75,2.1644,6110.17,1149.67,10.2,12,10.7,2505.04,329.71766
2021-12-17,329.71766,301.37473642857145,347.345062,136.913,168.0,43.77295600130955,73.52,70.35,2.1148,6079.5,1141.58,8.3,12,10.8,2497.83,297.884461
2021-12-18,297.884461,308.76707271428575,329.71766,136.913,168.0,36.68560208984312,73.52,70.35,2.1148,5368.71,1073.17,7.2,12,10.1,2318.25,334.322511
2022-01-01,150.689166,196.1430102857143,167.534758,70.343,169.6,31.481468887800325,77.35,74.88,2.2286,4267.58,882.12,10.4,1,8.6,1565.88,167.212316
2022-01-02,167.212316,190.04730185714286,150.689166,70.343,169.6,32.49259235641877,77.35,74.88,2.2286,4626.54,949.08,9.7,1,8.3,1768.79,193.642835
2022-01-03,193.642835,182.9063974285714,167.212316,80.434,157.5,22.801956894801478,78.57,75.85,2.2593,5295.04,967.38,11.9,1,8.6,2089.12,166.092295
2022-01-04,166.092295,178.57658457142858,193.642835,88.741,174.0,22.68977236739317,79.55,76.74,2.282,5349.08,962.54,13.1,1,8.9,2146.17,192.537931
2022-01-05,192.537931,174.81759857142856,166.092295,91.522,180.0,16.1397485414099,80.19,77.47,2.2975,5559.58,1050.42,13.8,1,11.5,2205.25,225.70256
2022-01-06,225.70256,180.48740871428572,192.537931,96.502,193.0,25.172220299083637,81.29,78.88,2.3103,4797.62,963.21,10.7,1,12.2,1886.33,233.97287
2022-01-07,233.97287,189.97856757142856,225.70256,88.174,195.0,31.26284477877919,81.06,78.44,2.3058,4988.21,1006.08,9.8,1,10.0,2105.38,234.467665
2022-01-08,234.467665,201.94692457142858,233.97287,88.174,195.0,29.712860602731126,81.06,78.44,2.3058,4851.71,986.5,7.6,1,7.9,2065.38,213.27625
2022-01-09,213.27625,208.52748657142857,234.467665,88.174,195.0,25.54688017348094,81.06,78.44,2.3058,4796.21,960.38,6.5,1,4.9,1797.42,252.188037
2022-01-10,252.188037,216.89108685714288,213.27625,84.607,203.0,29.185900313729448,80.3,77.1,2.2825,6324.62,1060.46,6.6,1,7.0,2285.5,245.244166
2022-01-11,245.244166,228.198497,252.188037,78.736,197.1,20.16299348022649,83.08,79.98,2.3607,6265.29,1070.96,7.8,1,9.8,2326.75,234.329741
2022-01-12,234.329741,234.1687555714286,245.244166,75.153,205.0,12.620658396593717,83.98,81.18,2.3936,6351.33,1093.71,6.7,1,8.1,2306.54,223.405197
2022-01-13,223.405197,233.84056085714286,234.329741,85.46,209.5,12.904197336878239,83.77,80.86,2.3877,6081.42,1100.54,6.3,1,7.3,2293.96,227.55297
2022-02-01,239.501756,246.42343985714288,231.008097,76.167,210.5,19.742632550918376,89.16,86.46,2.5752,6418.62,985.92,7.7,2,8.3,2306.21,213.266118
2022-02-02,213.266118,237.9342964285714,239.501756,77.351,220.0,19.337527199428404,89.47,86.69,2.607,6529.83,1048.42,5.7,2,7.2,2057.5,213.619662
2022-02-03,213.619662,230.74572657142858,213.266118,80.223,221.0,17.30526882197066,91.11,88.45,2.6427,6784.42,1014.29,8.1,2,8.1,2089.25,228.214907
2022-02-04,228.214907,226.04033114285716,213.619662,82.652,227.0,10.982344057583349,93.27,90.33,2.6785,6743.38,1013.17,8.2,2,5.8,2198.0,224.270478
2022-02-05,224.270478,224.08537514285715,228.214907,82.652,227.0,9.644405203855012,93.27,90.33,2.6785,5797.71,928.08,10.1,2,7.8,2181.71,205.6225
2022-02-06,205.6225,222.2147882857143,224.270478,82.652,227.0,11.871869706667821,93.27,90.33,2.6785,5027.25,902.79,9.8,2,9.1,1981.88,204.4246
2022-02-07,204.4246,218.41714585714286,205.6225,79.595,236.0,12.805348146913921,92.69,89.77,2.6853,6155.42,960.04,10.0,2,9.4,2189.96,205.290395
2022-02-08,205.290395,213.52980857142856,204.4246,77.3,239.25,9.525492025445432,90.78,87.9,2.6251,6655.38,1009.79,6.3,2,9.3,2185.5,220.210395
2022-02-09,220.210395,214.52184814285715,205.290395,74.417,239.25,9.849549014160786,91.55,88.53,2.6534,6434.25,988.17,5.0,2,7.4,2232.67,213.644531
2022-02-10,213.644531,214.52540085714284,220.210395,74.353,239.1,9.849173839079686,91.41,87.26,2.6654,6214.25,1054.67,9.2,2,7.0,2180.38,219.700935
2022-02-11,219.700935,213.30911914285713,213.644531,77.426,245.0,8.277132541360471,94.44,89.7,2.7386,6401.83,1008.38,8.2,2,7.4,2172.75,191.492985
2022-02-12,191.492985,208.62662014285712,219.700935,77.426,245.0,10.11086281673145,94.44,89.7,2.7386,5684.62,952.83,5.8,2,10.3,2056.42,197.219968
2022-02-13,197.219968,207.42625842857143,191.492985,77.426,245.0,10.987706607478403,94.44,89.7,2.7386,5064.92,932.08,9.1,2,8.6,1920.75,210.211389
2022-02-14,210.211389,208.25294257142858,197.219968,80.771,240.0,10.941825953848502,96.48,91.52,2.7794,5926.92,992.25,10.9,2,7.2,2230.67,210.201465
2022-02-15,210.201465,208.954524,210.211389,70.919,239.0,10.877468051444138,93.28,88.29,2.6691,6143.42,996.33,9.7,2,9.4,2252.46,221.780561
2022-02-16,221.780561,209.1788334285714,210.201465,69.795,236.0,11.160766531169445,94.81,89.81,2.6771,6154.67,972.29,8.7,2,10.1,2402.62,182.678526
2022-02-17,182.678526,204.75511842857145,221.780561,74.914,234.5,14.678302101971305,92.97,88.19,2.6486,6219.83,998.71,6.2,2,8.4,2275.96,201.370544
2022-02-18,201.370544,202.13649114285712,182.678526,73.762,232.5,13.119913392916397,93.54,88.6,2.7887,6234.71,982.92,10.6,2,8.4,2149.96,178.560195
2022-02-19,178.560195,200.28894971428574,201.370544,73.762,232.5,15.553437005564717,93.54,88.6,2.7887,5424.46,920.92,11.9,2,9.5,1982.5,182.485833
2022-02-20,182.485833,198.18407328571428,178.560195,73.762,232.5,16.970440961857765,93.54,88.6,2.7887,4884.71,860.67,11.2,2,13.3,1825.46,185.021881
2022-02-21,185.021881,194.58557214285716,182.485833,72.564,233.85,16.662921451476326,91.17,92.0,2.7538,5834.04,947.79,11.0,2,12.2,2135.54,184.804934
2022-02-22,184.804934,190.9574962857143,185.021881,79.789,236.25,15.414181455010306,91.75,90.39,2.8298,5971.75,937.96,8.4,2,9.5,2192.58,191.481452
2022-02-23,191.481452,186.62905214285715,184.804934,88.891,238.0,7.57899674421102,92.18,90.69,2.8545,6035.5,950.71,6.8,2,11.6,2230.08,218.182491
2022-02-24,218.182491,191.70104714285713,191.481452,134.316,239.25,13.811734526833973,92.89,90.94,2.8868,6126.67,957.79,7.1,2,8.2,2086.5,284.290595
2022-02-25,284.290595,203.54676871428572,218.182491,94.422,239.0,37.95098029020148,91.77,89.89,2.848,5903.58,950.17,10.9,2,6.7,2094.33,250.205706
2022-02-26,250.205706,213.78184171428572,284.290595,94.422,239.0,39.70955375676615,91.77,89.89,2.848,5459.62,908.54,5.6,2,5.5,1987.0,202.540471
2022-02-27,202.540471,216.64679,250.205706,94.422,239.0,37.75041878509788,91.77,89.89,2.848,5146.62,851.33,4.2,2,5.4,1979.54,247.035474
2022-02-28,247.035474,225.5058747142857,202.540471,98.595,274.5,36.342166241779736,95.1,93.5,2.9089,6127.5,968.29,6.6,2,5.7,2091.21,271.131057
2022-03-01,271.131057,237.83817799999997,247.035474,121.674,301.0,34.844916023555626,101.13,100.21,3.0621,5996.96,972.88,4.9,3,2.6,2161.33,274.628241
2022-03-02,274.628241,249.7162907142857,271.131057,165.543,400.0,30.28185593900461,108.29,107.06,3.2749,6182.54,982.71,3.8,3,6.3,2149.46,362.72858
2022-03-03,362.72858,270.365732,274.628241,160.823,370.0,48.81008403659337,106.54,104.61,3.2457,6117.33,986.46,6.6,3,5.7,2275.67,383.132318
2022-03-04,383.132318,284.48597814285716,362.72858,192.55,418.75,65.09131723015278,114.34,112.11,3.4764,6362.75,981.25,7.5,3,6.8,2180.75,363.084502
2022-03-05,363.084502,300.61152042857145,383.132318,192.55,418.75,69.04543983109146,114.34,112.11,3.4764,5692.67,957.29,6.6,3,6.0,2215.12,377.752452
2022-03-06,377.752452,325.64180342857145,363.084502,192.55,418.75,58.52467241411811,114.34,112.11,3.4764,5124.58,936.58,6.2,3,6.3,2015.04,453.508015
2022-03-07,453.508015,355.1378807142857,377.752452,227.201,422.65,64.0722335802352,118.87,115.8,3.5286,6018.5,955.42,4.4,3,4.8,2064.21,587.668625
2022-03-08,587.668625,400.3575332857143,453.508015,214.554,405.0,97.7506934779334,123.48,119.65,3.6392,6582.46,980.0,4.8,3,4.4,2383.83,463.008375
2022-03-09,463.008375,427.26898100000005,587.668625,155.88,420.65,82.0354388407758,107.03,105.05,3.2537,6380.38,992.12,3.3,3,7.7,2312.54,388.229561
2022-03-10,388.229561,430.91197828571427,463.008375,126.399,380.0,79.20920853760369,105.43,99.64,3.1342,6461.08,1028.29,4.8,3,7.5,2424.79,371.492172
2022-03-11,371.492172,429.2491002857143,388.229561,131.229,368.65,80.49125584210466,109.1,103.2,3.28,6404.83,1018.83,5.8,3,8.0,2501.79,281.106722
2022-03-12,281.106722,417.53798885714286,371.492172,131.229,368.65,96.16081397310946,109.1,103.2,3.28,5738.42,943.75,4.5,3,4.4,2108.71,307.069135
2022-04-01,306.954062,260.997436,281.899331,112.15,258.75,35.370715874298604,102.82,97.9,3.1089,5683.33,1033.5,10.9,4,12.6,2206.58,278.485226
2022-04-02,278.485226,267.168299,306.954062,112.15,258.75,33.87446685241909,102.82,97.9,3.1089,5082.62,1028.75,6.6,4,9.2,2006.29,277.502232
2022-04-03,277.502232,277.264067,278.485226,112.15,258.75,20.96707388582255,102.82,97.9,3.1089,4796.5,911.17,6.1,4,6.6,1744.67,348.914861
2022-04-04,348.914861,291.1450854285714,277.502232,109.523,264.0,31.015274045484443,106.0,101.84,3.1561,6163.67,1118.62,9.5,4,8.4,2050.58,296.743917
2022-04-05,296.743917,297.90233271428576,348.914861,108.564,281.0,24.981189948811014,105.2,100.68,3.1311,6170.17,1116.79,8.9,4,8.8,2070.38,283.310252
2022-04-06,283.310252,296.2585544285715,296.743917,106.791,286.5,25.589231942714125,100.25,95.41,3.0186,6051.04,1035.92,10.3,4,8.1,2117.96,240.002595
2022-04-07,240.002595,290.2733064285714,283.310252,104.564,285.0,33.25817209577988,100.05,95.51,3.0205,5908.42,1014.17,11.7,4,11.9,2244.88,269.517312
2022-04-08,269.517312,284.9251992857143,240.002595,103.882,291.6,33.13855764091099,102.17,97.01,3.1091,5802.17,1017.96,13.7,4,11.4,2179.17,235.324707
2022-04-09,235.324707,278.7594108571429,269.517312,103.882,291.6,38.169798195176654,102.17,97.01,3.1091,5385.33,1021.21,13.3,4,14.3,1968.71,195.846222
2022-04-10,195.846222,267.0942665714286,235.324707,103.882,291.6,49.43360566608304,102.17,97.01,3.1091,4884.04,935.21,9.4,4,10.0,1768.04,238.189521
2022-04-11,238.189521,251.27636085714286,195.846222,100.137,292.0,34.28196773451238,98.27,93.46,2.9892,5422.38,917.0,7.9,4,10.5,1989.58,267.284342
2022-04-12,267.284342,247.06785014285714,238.189521,102.219,303.5,29.201871321718713,104.22,99.4,3.1375,5701.25,906.08,9.9,4,7.3,2060.17,246.03264
2022-04-13,246.03264,241.742477,267.284342,105.324,312.0,24.51373256643416,108.08,102.89,3.2706,5639.46,892.12,11.2,4,9.6,2008.5,243.485662
2022-04-14,243.485662,242.240058,246.03264,95.62,314.0,24.50787935420396,110.8,105.44,3.3606,5479.54,889.92,11.3,4,10.2,1971.88,245.348557
2022-04-15,245.348557,238.78737871428572,243.485662,95.62,314.0,21.548333745109698,111.6,105.44,3.3731,5265.67,905.75,12.1,4,10.2,2084.88,194.138909
2022-04-16,194.138909,232.9036932857143,245.348557,95.62,314.0,27.462567238618092,111.6,105.44,3.3731,4704.42,868.5,12.7,4,12.9,1876.88,172.324364
2022-04-17,172.324364,229.54342785714286,194.138909,95.62,314.0,33.52291472106812,111.6,105.44,3.3731,4222.79,813.92,11.5,4,14.0,1663.21,175.927189
2022-04-18,175.927189,220.648809,172.324364,95.62,309.1,38.70585937260324,111.94,106.41,3.358,4209.0,807.08,9.6,4,11.6,1668.17,233.78467
2022-04-19,233.78467,215.86314157142857,175.927189,93.768,321.0,33.729860449087404,106.63,101.16,3.2289,5272.42,862.54,10.3,4,9.9,1968.92,238.50279
2022-04-20,238.50279,214.78744871428572,233.78467,94.231,326.35,32.712067485783834,105.21,101.36,3.2134,5365.62,901.5,13.4,4,10.8,1957.58,245.23329
2022-04-21,245.23329,215.0371098571429,238.50279,100.061,331.1,32.973225618587485,106.77,102.96,3.2645,5437.92,938.0,13.2,4,13.9,2174.42,231.907126
2022-04-22,231.907126,213.11690542857144,245.23329,94.875,326.0,31.260744733075793,104.87,101.05,3.234,5283.04,924.0,13.1,4,16.1,2049.58,258.37486
2022-04-23,258.37486,222.29346985714287,231.907126,94.875,326.0,34.06380710804278,104.87,101.05,3.234,4841.96,900.96,13.5,4,13.8,1922.79,206.199147
2022-04-24,206.199147,227.13272457142858,258.37486,94.875,326.0,27.568837216753433,104.87,101.05,3.234,4322.21,869.67,13.3,4,15.9,1626.04,260.96164
2022-04-25,260.96164,239.28050328571427,206.199147,92.837,328.5,18.482666045878677,101.2,97.67,3.1665,4502.29,877.17,13.6,4,15.1,1633.79,251.922286
2022-04-26,251.922286,241.8715912857143,260.96164,103.208,325.0,18.851472057929964,103.52,100.41,3.248,4928.5,884.88,10.5,4,13.2,1903.33,239.521619
2022-04-27,239.521619,242.01713828571428,251.922286,107.427,326.05,18.825042065654713,103.85,100.68,3.3336,5571.29,879.79,12.8,4,14.1,1805.58,242.771456
2022-04-28,242.771456,241.66544771428568,239.521619,100.142,326.05,18.777880658727963,105.72,103.47,3.4009,5752.08,869.04,14.5,4,13.9,1756.17,244.025535
2022-04-29,244.025535,243.396649,242.771456,99.45,326.3,18.280310793654685,105.45,102.94,3.3744,5564.58,925.62,14.2,4,13.5,2000.54,210.705798
2022-04-30,210.705798,236.586783,244.025535,99.45,326.3,20.513181071584484,105.45,102.94,3.3744,5051.71,884.83,12.2,4,14.1,1827.12,208.746315
2022-05-01,208.746315,236.9506641428571,210.705798,99.45,326.3,19.897654620755805,105.45,102.94,3.3744,4455.67,787.83,14.1,5,13.1,1682.29,228.240917
2022-05-02,228.240917,232.27627514285717,208.746315,97.051,299.8,16.940500299864706,105.97,103.42,3.4291,5485.08,856.96,12.4,5,13.0,1953.67,255.802927
2022-05-03,255.802927,232.83065242857143,228.240917,99.426,325.0,17.73541451560554,103.73,100.9,3.4187,5669.5,863.88,12.9,5,12.5,1992.88,248.659803
2022-05-04,248.659803,234.1361072857143,255.802927,103.821,355.0,18.62405727236872,108.72,106.22,3.5675,5493.88,905.21,14.0,5,12.5,1978.92,262.329301
2022-05-05,262.329301,236.93008514285717,248.659803,106.508,374.35,21.396167079788288,109.22,106.74,3.58,5507.96,861.0,12.4,5,13.0,2081.92,271.169698
2022-05-06,271.169698,240.80782271428572,262.329301,101.708,379.5,25.045037876656615,110.84,108.33,3.661,5600.79,903.58,16.1,5,15.6,2050.58,217.803802
2022-05-07,217.803802,241.82182328571432,271.169698,101.708,379.5,23.73246451056301,110.84,108.33,3.661,4928.88,890.54,15.1,5,15.4,1896.92,208.854344
2022-05-08,208.854344,241.837256,217.803802,101.708,379.5,23.70739338049684,110.84,108.33,3.661,4392.96,899.67,14.8,5,15.7,1738.88,255.516117
2022-05-09,255.516117,245.73371314285714,208.854344,93.787,377.0,23.338870158233426,104.6,100.1,3.5296,5303.0,858.92,15.0,5,14.3,2021.38,237.162595
2022-05-10,237.162595,243.07080857142859,255.516117,98.801,377.5,23.060264290186407,101.24,96.87,3.4349,5536.38,962.33,14.2,5,15.1,2049.58,237.403592
2022-05-11,237.403592,241.46277842857143,237.162595,94.012,385.0,22.997952420313418,106.1,102.2,3.5736,5425.54,902.17,16.1,5,16.7,2007.92,228.399828
2022-05-12,228.399828,236.61571085714286,237.403592,106.701,391.5,21.386153443070903,105.99,102.42,3.645,5227.21,956.0,14.3,5,16.6,2082.5,252.248825
2022-05-13,252.248825,233.91272899999998,228.399828,96.881,393.0,17.04640142101365,109.75,106.27,3.7848,5428.08,911.04,15.4,5,16.4,2029.67,217.092257
2022-05-14,217.092257,233.81107971428568,252.248825,96.881,393.0,17.160211875189987,109.75,106.27,3.7848,4916.12,862.71,16.6,5,19.3,1930.75,217.559262
2022-05-15,217.559262,235.05463942857142,217.092257,96.881,393.0,15.260488555816117,109.75,106.27,3.7848,4469.42,831.5,15.3,5,19.5,1820.5,237.885671
2022-05-16,237.885671,232.53600428571426,217.559262,92.86,402.5,12.531514142657086,112.11,108.91,3.8405,5409.08,873.67,15.0,5,18.8,1811.71,236.825088
2022-05-17,236.825088,232.487789,237.885671,94.175,414.0,12.51137951839503,109.85,106.76,3.7763,5652.75,878.75,17.9,5,20.1,1885.83,230.569891
2022-05-18,230.569891,231.511546,236.825088,94.538,412.0,12.329163026189473,106.93,104.07,3.5913,5828.38,891.33,16.3,5,20.2,2190.83,247.439044
2022-05-19,247.439044,234.231434,230.569891,91.024,412.1,13.566302825130133,109.82,106.82,3.5138,5558.62,946.92,16.9,5,19.2,2134.46,246.45743
2022-05-20,246.45743,233.40409185714284,247.439044,87.902,417.25,12.411852995252222,107.32,107.17,3.5263,5498.25,951.21,15.9,5,14.8,2092.42,213.1122
2022-05-21,213.1122,232.8355122857143,246.45743,87.902,417.25,13.340080636228492,107.32,107.17,3.5263,4857.12,891.38,18.3,5,18.0,1985.75,192.466742
2022-05-22,192.466742,229.2508665714286,213.1122,87.902,417.25,19.891675417943237,107.32,107.17,3.5263,5031.38,886.21,18.0,5,20.2,1905.33,221.405304
2022-05-23,221.405304,226.89652842857143,192.466742,83.288,416.0,19.673438750012654,108.1,107.54,3.5284,5565.25,1012.33,17.8,5,20.7,1754.79,227.690128
2022-05-24,227.690128,225.59153414285714,221.405304,84.507,408.0,19.202419934386487,108.11,107.2,3.5331,5621.21,994.92,17.6,5,20.6,2254.08,214.647901
2022-05-25,214.647901,223.31696414285713,227.690128,88.078,400.0,19.455765968786878,108.68,107.75,3.5793,6315.58,963.75,19.0,5,20.3,1945.96,222.663679
2022-05-26,222.663679,219.77762628571426,214.647901,85.971,403.0,16.34026027010036,111.55,111.25,3.6515,6107.88,984.5,20.4,5,19.5,1832.75,244.50317
2022-05-27,244.50317,219.49844628571427,222.663679,86.875,406.65,15.816761307734929,112.7,112.23,3.7558,6199.83,999.0,21.7,5,21.3,2190.96,202.213525
2022-05-28,202.213525,217.94149271428572,244.50317,86.875,406.65,17.0393430079802,112.7,112.23,3.7558,5237.46,951.67,19.5,5,21.9,1955.12,187.76832
2022-05-29,187.76832,217.27028957142855,202.213525,86.875,406.65,18.25896625834311,112.7,112.23,3.7558,4943.92,877.96,19.6,5,19.8,1746.88,225.528063
2022-05-30,225.528063,217.85925514285714,187.76832,87.987,401.0,18.479733978526763,114.51,117.24,4.0378,6055.04,947.71,20.6,5,19.7,2020.38,233.57787
2022-05-31,233.57787,218.70036114285716,225.528063,94.004,427.0,19.12450428235081,112.58,111.91,3.7455,5866.08,994.12,19.6,5,20.6,1948.5,241.570426
2022-06-01,241.570426,222.54643614285715,233.57787,85.551,412.0,20.806855309789153,113.56,112.72,3.8712,5794.46,956.08,19.6,6,21.0,2071.17,213.495357
2022-06-02,213.495357,221.23667585714287,241.570426,83.945,412.5,21.08495257687926,115.03,114.3,3.9726,5056.58,977.42,20.1,6,21.3,1776.92,266.92962
2022-06-03,266.92962,224.44045442857143,213.495357,83.101,412.5,26.274567442728433,117.03,116.23,4.0278,5833.96,1042.33,22.4,6,23.1,2061.92,209.735401
2022-06-04,209.735401,225.51500814285714,266.92962,83.101,412.5,25.351649882322427,117.03,116.23,4.0278,5640.29,1019.54,22.8,6,24.9,2078.12,202.335
2022-06-05,202.335,227.59596242857145,209.735401,83.101,412.5,22.1300121520878,117.03,116.23,4.0278,5100.08,949.29,22.9,6,24.8,1782.12,247.526817
2022-06-06,247.526817,230.7386415714286,202.335,82.558,415.25,23.31756261435219,116.97,116.06,3.9904,6795.17,1043.17,22.7,6,26.7,1718.54,229.691804
2022-06-07,229.691804,230.1834892857143,247.526817,79.608,403.0,23.28493665460721,118.14,114.54,3.9788,6527.75,1074.62,22.1,6,25.1,2157.62,196.82441
2022-06-08,196.82441,223.7912012857143,229.691804,79.407,395.4,25.658871344317003,120.89,117.15,4.0425,6564.25,1040.5,22.2,6,21.9,2485.17,211.384092
2022-06-09,211.384092,223.489592,196.82441,84.88,396.0,25.81201673035466,120.3,116.49,4.0839,6711.12,1053.96,18.1,6,18.9,2609.92,203.564772
2022-06-10,203.564772,214.43747085714284,211.384092,82.464,392.35,17.953353378619777,119.02,115.34,3.9976,6323.96,1076.46,18.1,6,17.4,2277.75,189.324977
2022-06-11,189.324977,211.521696,203.564772,82.464,392.35,20.342701684250162,119.02,115.34,3.9976,5316.58,965.83,19.7,6,22.8,2262.88,165.602925
2022-06-12,165.602925,206.2742567142857,189.324977,82.464,392.35,26.815237845422935,119.02,115.34,3.9976,5017.0,942.33,21.5,6,21.9,1809.42,210.104945
2022-06-13,210.104945,200.92827499999999,165.602925,83.402,390.35,20.11295471178182,119.07,115.31,3.8929,6188.12,1024.75,19.6,6,21.9,2008.54,218.380347
2022-06-14,218.380347,199.31235257142856,210.104945,97.04,383.0,17.73011309854109,117.78,113.48,3.8419,6336.0,1028.12,21.2,6,22.0,2071.17,249.953497
2022-06-15,249.953497,206.90222214285714,218.380347,120.332,386.35,25.95263080094173,115.47,110.75,3.7705,6640.17,1053.38,20.9,6,22.5,2269.17,276.738912
2022-06-16,276.738912,216.238625,249.953497,124.364,395.0,37.16658767753243,117.0,112.7,3.6857,6611.25,1092.33,22.4,6,20.6,1992.25,327.488234
2022-06-17,327.488234,233.94197671428574,276.738912,117.738,389.35,55.2420729711505,110.39,105.78,3.5237,6779.67,1054.25,21.9,6,22.8,1997.92,294.756018
2022-06-18,294.756018,249.00355400000004,327.488234,117.738,389.35,55.42236753417733,110.39,105.78,3.5237,6020.5,1095.58,21.5,6,23.5,1917.71,256.375833
2022-06-19,256.375833,261.97111228571424,294.756018,117.738,389.35,41.53595940741181,110.39,105.78,3.5237,5312.5,980.92,20.5,6,21.6,2208.08,308.88631
2022-06-20,308.88631,276.0827358571429,256.375833,120.627,392.75,37.568574128460604,108.88,110.18,3.847,6558.5,1089.83,22.3,6,22.2,2149.08,342.524728
2022-06-21,342.524728,293.81764742857143,308.88631,125.56,390.0,35.00397499627621,109.19,107.34,3.5413,6940.17,1148.96,21.7,6,24.1,2220.62,368.065423
2022-06-22,368.065423,310.6907797142857,342.524728,127.171,392.0,38.616533431950906,106.15,103.99,3.5612,7136.29,1175.92,21.6,6,24.7,2671.17,363.663407
2022-06-23,363.663407,323.1085647142857,368.065423,133.347,395.0,39.83587193289716,103.69,101.58,3.5,6884.79,1166.83,22.6,6,27.2,2683.42,318.342158
2022-06-24,318.342158,321.8019824285714,363.663407,128.505,397.0,39.818268807490604,106.09,104.45,3.6048,6899.54,1214.25,23.5,6,26.5,2446.71,305.1475
2022-06-25,305.1475,323.2864798571428,318.342158,128.505,397.0,38.82316458365517,106.09,104.45,3.6048,6004.17,1140.92,23.3,6,26.6,2302.0,286.14861
2022-06-26,286.14861,327.5397337142857,305.1475,128.505,397.0,31.142104900517815,106.09,104.45,3.6048,5350.83,1117.79,23.4,6,25.2,2150.58,347.720067
2022-06-27,347.720067,333.08741328571426,286.14861,129.459,392.45,30.721443598557823,107.88,106.38,3.5927,6799.83,1182.38,25.1,6,26.0,2597.25,386.459627
2022-06-28,386.459627,339.3638274285714,347.720067,129.176,393.5,36.847929039441965,110.78,108.89,3.6914,7176.54,1218.21,25.5,6,27.1,2736.67,335.947094
2022-06-29,335.947094,334.77549471428574,386.459627,139.588,380.0,34.61007114090661,109.26,107.01,3.5818,6897.54,1154.08,24.0,6,26.2,2707.88,364.651998
2022-06-30,364.651998,334.916722,335.947094,144.514,385.95,34.74933213411509,105.59,103.1,3.4019,7285.54,1242.33,23.1,6,26.0,3118.17,370.683085
2022-07-01,370.683085,342.3939972857143,364.651998,147.784,388.0,36.18988241016962,107.8,105.39,3.5312,6917.5,1171.25,23.2,7,25.8,2598.33,355.80125
2022-07-02,355.80125,349.6302472857143,370.683085,147.784,388.0,32.3629294101134,107.8,105.39,3.5312,6273.83,1125.5,23.7,7,27.6,2712.12,373.084709
2022-07-03,373.084709,362.04968999999994,355.80125,147.784,388.0,16.954108649143542,107.8,105.39,3.5312,5773.29,1095.0,25.0,7,25.9,2705.17,390.596198
2022-07-04,390.596198,368.1748515714286,373.084709,162.94,396.45,18.58131944660621,109.46,105.39,3.6613,7033.21,1252.75,24.5,7,26.5,2838.0,418.680273
2022-07-05,418.680273,372.777801,390.596198,165.073,397.6,26.267048975764762,98.99,96.52,3.1906,6978.12,1219.46,25.5,7,25.8,3143.79,428.80405
2022-07-06,428.80405,386.04308042857144,418.680273,170.999,399.7,27.959534158121226,97.09,94.98,3.0905,7467.71,1258.21,24.8,7,26.3,3099.17,412.902011
2022-07-07,412.902011,392.93593942857143,428.80405,183.183,410.0,27.753848110525055,100.98,99.25,3.2459,7674.21,1232.79,24.9,7,26.0,3129.96,422.058887
2022-07-08,422.058887,400.2753397142857,412.902011,175.212,412.0,27.681357983318915,103.46,101.53,3.2824,6854.12,1271.38,21.1,7,19.7,2910.12,369.90245
2022-07-09,369.90245,402.28979685714285,422.058887,175.212,412.0,24.199541970262175,103.46,101.53,3.2824,5939.0,1165.42,21.3,7,24.4,2423.54,323.98326
2022-07-10,323.98326,395.2753041428572,369.90245,175.212,412.0,37.52390747014315,103.46,101.53,3.2824,5748.79,1089.92,21.4,7,21.2,2508.58,414.329602
2022-07-11,414.329602,398.6657904285715,323.98326,164.52,419.0,38.09848256541734,103.65,101.21,3.3103,6213.0,1156.62,21.1,7,22.3,2342.29,435.05625
2022-07-12,435.05625,401.0052157142857,414.329602,172.609,426.0,39.98821056109355,96.12,93.31,3.1185,6428.33,1175.58,22.6,7,23.2,2461.96,438.856543
2022-07-13,438.856543,402.44128614285717,435.05625,180.505,432.0,41.31152705356591,96.29,91.36,3.0806,6194.88,1204.21,21.8,7,21.3,2410.67,446.146449
2022-07-14,446.146449,407.1904915714286,438.856543,175.033,415.0,44.50221611597591,95.31,90.15,3.0172,6813.83,1146.42,20.8,7,21.3,2067.58,438.609221
2022-07-15,438.609221,409.55482500000005,446.146449,159.567,410.0,45.843247964764565,97.15,91.74,3.0541,7128.04,1159.12,23.5,7,22.1,2191.38,425.149166
2022-07-16,425.149166,417.447213,438.609221,159.567,410.0,42.513653519465876,97.15,91.74,3.0541,5534.29,1241.46,23.8,7,23.9,2273.83,362.33786
2022-07-17,362.33786,422.9264415714286,425.149166,159.567,410.0,28.681704595339237,97.15,91.74,3.0541,4863.08,1158.21,24.5,7,25.8,1996.96,462.879979
2022-07-18,462.879979,429.86220971428565,362.33786,157.258,396.05,31.94131706553148,101.86,96.36,3.1204,6523.12,1229.29,25.7,7,25.7,2381.79,495.630717
2022-07-19,495.630717,438.51570499999997,462.879979,154.457,399.0,40.61162404773441,102.88,97.45,3.1689,6779.25,1261.5,25.2,7,23.7,2564.83,540.2572
2022-07-20,540.2572,453.0015131428571,495.630717,155.038,408.6,55.94367586867793,102.37,96.88,3.1356,7281.62,1293.21,24.4,7,22.6,2971.08,547.936826
2022-07-21,547.936826,467.54299557142855,540.2572,155.6,403.4,66.16105093196938,96.97,93.78,2.9979,7230.62,1310.96,23.9,7,22.5,2966.92,519.050586
2022-07-22,519.050586,479.03461914285714,547.936826,159.864,409.2,67.27453039250338,95.93,92.43,2.7642,7143.54,1342.0,25.2,7,24.6,2837.54,458.191666
2022-07-23,458.191666,483.7549762857143,519.050586,159.864,409.2,63.940061609294915,95.93,92.43,2.7642,6670.71,1257.79,25.4,7,24.0,2586.75,362.64794
2022-07-24,362.64794,483.7992734285714,458.191666,159.864,409.2,63.841957528879036,95.93,92.43,2.7642,6299.71,1223.75,25.6,7,27.2,2190.62,527.957973
2022-07-25,527.957973,493.0961297142857,362.64794,176.616,410.25,65.01554475352413,97.8,94.42,2.8346,7617.71,1324.5,24.9,7,26.8,2594.46,521.041445
2022-07-26,521.041445,496.72623371428574,527.957973,199.918,414.0,65.8842410165212,97.14,92.88,2.8122,7911.08,1322.0,26.5,7,27.2,2945.71,526.21048
2022-07-27,526.21048,494.7195594285714,521.041445,205.225,411.5,64.53757025612339,99.44,95.29,2.8831,7559.46,1323.54,25.4,7,25.6,2791.75,564.157247
2022-07-28,564.157247,497.0367624285714,526.21048,198.93,411.4,67.01059223873334,99.49,94.65,2.8385,7701.5,1326.04,25.1,7,24.6,2663.38,516.079182
2022-07-29,516.079182,496.6122761428572,564.157247,190.915,407.9,66.85713727514782,101.44,96.75,2.8652,8192.58,1311.67,25.2,7,25.7,2804.46,436.267133
2022-07-30,436.267133,493.48019999999997,516.079182,190.915,407.9,69.42139984447361,101.44,96.75,2.8652,7002.38,1230.88,24.9,7,23.7,2814.04,385.711528
2022-07-31,385.711528,496.7749982857143,436.267133,190.915,407.9,62.36585748084824,101.44,96.75,2.8652,6112.46,1129.96,24.6,7,25.5,2455.96,464.170762
2022-08-01,464.170762,487.66253957142857,385.711528,200.794,405.0,61.70683519802169,97.95,92.39,2.743,7099.5,1243.92,25.1,8,25.4,2878.75,483.106675
2022-08-02,483.106675,482.2432867142857,464.170762,205.174,403.5,59.9269381895029,98.64,93.22,2.7826,7255.96,1290.33,24.1,8,26.0,3196.46,515.888783
2022-08-03,515.888783,480.7687585714285,483.106675,199.195,393.5,58.78082627692912,95.2,89.74,2.6644,6957.46,1201.67,25.5,8,25.9,2632.42,538.231949
2022-08-04,538.231949,477.0651445714285,515.888783,199.248,390.0,53.20318627988435,92.5,87.56,2.5631,6876.79,1270.33,25.2,8,24.6,2716.17,532.092917
2022-08-05,532.092917,479.352821,538.231949,196.32,361.0,55.45689100534491,93.18,88.08,2.6028,6869.88,1257.46,25.2,8,24.4,2820.71,535.489166
2022-08-06,535.489166,493.5273971428572,532.092917,196.32,361.0,55.28906314029666,93.18,88.08,2.6028,6518.33,1220.17,26.0,8,25.7,2755.17,459.70625
2022-08-07,459.70625,504.09807171428577,535.489166,196.32,361.0,34.3480160668075,93.18,88.08,2.6028,5733.92,1105.29,24.8,8,27.1,2485.42,477.103333
2022-08-08,477.103333,505.9455818571429,459.70625,193.055,371.0,32.11788195458083,95.12,89.93,2.6497,6275.75,1216.46,25.4,8,26.2,2868.96,474.395
2022-08-09,474.395,504.7010568571429,477.103333,192.184,384.5,33.29747662925823,94.85,88.9,2.7075,6861.42,1286.58,24.9,8,25.7,2809.88,432.575833
2022-08-10,432.575833,492.79920685714285,474.395,205.367,398.65,42.30373538568812,96.23,90.47,2.7945,6688.96,1249.42,23.9,8,24.2,2775.29,486.407916
2022-08-11,486.407916,485.39577357142855,432.575833,208.11,401.0,37.261854790976805,98.3,92.69,2.8067,5693.67,1200.79,23.8,8,24.6,2988.5,485.322705
2022-08-12,485.322705,478.71431471428565,486.407916,206.108,407.65,31.19178263098786,96.9,90.87,2.7817,5325.12,1146.58,22.5,8,20.9,2758.83,446.849368
2022-08-13,446.849368,466.0514864285714,485.322705,206.108,407.65,20.44147895590284,96.9,90.87,2.7817,5036.62,1099.33,21.4,8,21.3,2479.67,402.704624
2022-08-14,402.704624,457.908397,446.849368,206.108,407.65,31.663643682583437,96.9,90.87,2.7817,5302.33,978.83,20.8,8,20.6,1840.54,463.044517
2022-08-15,463.044517,455.8999947142857,402.704624,220.11,407.5,30.67359448007115,94.28,88.41,2.7101,4924.46,949.21,23.2,8,20.8,2032.54,503.873106
2022-08-16,503.873106,460.1111527142857,463.044517,225.914,405.0,35.3091905268616,91.74,85.86,2.6603,5498.71,1054.62,23.2,8,22.7,2214.58,537.98946
2022-08-17,537.98946,475.17024228571427,503.873106,225.835,413.9,43.204624129158674,93.02,87.3,2.7117,5380.12,1081.42,25.1,8,23.4,2428.33,549.064937
2022-08-18,549.064937,484.1212452857143,537.98946,241.004,413.9,51.59640602845306,95.76,89.67,2.7884,5654.25,1038.08,25.1,8,25.6,2367.29,501.33688
2022-08-19,501.33688,486.40898457142856,549.064937,244.55,416.25,52.011910504891055,96.09,90.11,2.6872,5923.04,1144.67,24.8,8,25.7,2189.38,507.792531
2022-08-20,507.792531,495.11515071428573,501.33688,244.55,416.25,49.31724596671357,96.09,90.11,2.6872,5532.67,1182.29,21.5,8,23.4,2079.12,453.495186
2022-08-21,453.495186,502.3709452857143,507.792531,244.55,416.25,35.15948101061602,96.09,90.11,2.6872,5247.71,1145.21,24.0,8,24.0,2007.62,567.3841
2022-08-22,567.3841,517.2766,453.495186,276.748,418.35,37.73156758952385,94.88,89.97,2.6027,5865.17,1052.17,22.4,8,23.6,2337.71,605.229047
2022-08-23,605.229047,531.7560201428571,567.3841,269.049,417.6,49.38021058538692,98.0,93.25,2.6682,5615.08,1056.67,21.4,8,22.2,2216.04,637.760617
2022-08-24,637.760617,546.0090425714286,605.229047,292.15,412.6,63.77892733065021,99.11,94.4,2.5966,5993.38,1054.71,21.8,8,22.5,2270.58,614.759812
2022-08-25,614.759812,555.3940247142857,637.760617,321.414,417.5,68.92906257668088,97.25,92.19,2.5829,5763.0,1066.58,22.0,8,22.6,2318.96,718.712219
2022-08-26,718.712219,586.4476445714287,614.759812,339.196,417.4,87.08966696520453,97.35,92.39,2.6033,6291.88,1102.38,22.7,8,23.1,1782.92,713.691592
2022-08-27,713.691592,615.8617961428572,718.712219,339.196,417.4,90.7888664523935,97.35,92.39,2.6033,5474.0,1020.38,24.3,8,23.5,2112.92,670.730652
2022-08-28,670.730652,646.8954341428572,713.691592,339.196,417.4,56.806364184903366,97.35,92.39,2.6033,5013.58,984.88,23.5,8,24.4,1883.67,740.091314
2022-08-29,740.091314,671.5678932857143,670.730652,272.603,422.75,53.95072776080877,100.94,96.19,2.6579,6417.58,1123.38,21.2,8,23.2,2081.38,706.41613
2022-08-30,706.41613,686.0231908571429,740.091314,252.937,414.55,46.214993663584245,96.46,91.17,2.4832,6669.92,1111.42,22.1,8,22.8,2169.38,612.358825
2022-08-31,612.358825,682.3943634285714,706.41613,239.907,425.0,51.34838179570537,94.21,89.03,2.3879,6153.71,1120.83,24.4,8,22.9,2156.67,661.359467
2022-09-01,661.359467,689.0514569999999,612.358825,243.004,427.35,43.5464386896535,91.32,86.22,2.3377,6305.17,1098.08,21.7,9,22.0,2630.0,524.339785
2022-09-02,524.339785,661.2839664285714,661.359467,214.665,435.0,73.29244310464402,91.81,86.48,2.4059,6444.88,1079.88,20.9,9,20.7,2058.58,476.069921
2022-09-03,476.069921,627.3380134285715,524.339785,214.665,435.0,96.36915362977875,91.81,86.48,2.4059,5791.21,1021.54,21.9,9,20.9,1777.67,395.226409
2022-09-04,395.226409,587.9802644285713,476.069921,214.665,435.0,127.0641121715763,91.81,86.48,2.4059,5039.54,978.54,21.7,9,22.6,1678.92,464.109202
2022-09-05,464.109202,548.5542484285714,395.226409,245.926,457.8,114.16152676050814,94.4,88.789,2.4791,6072.29,1047.83,21.8,9,22.1,1942.08,550.973647
2022-09-06,550.973647,526.3481794285715,464.109202,239.842,450.25,91.13253945663222,91.97,86.51,2.368,6302.46,1034.5,22.8,9,21.2,1968.17,483.262809
2022-09-07,483.262809,507.9058914285714,550.973647,213.883,439.0,83.57484726630425,87.21,81.63,2.267,6268.0,1012.79,23.6,9,21.6,1912.29,504.741318
2022-09-08,504.741318,485.5318701428572,483.262809,220.541,440.0,49.77678080422307,88.25,83.07,2.3077,6505.12,1132.46,24.0,9,23.5,1797.08,444.296242
2022-09-09,444.296242,474.0970782857143,504.741318,207.091,435.25,48.55479544194289,91.71,85.75,2.3938,6717.62,1152.42,23.9,9,25.3,2171.58,425.402927
2022-09-10,425.402927,466.85893628571426,444.296242,207.091,435.25,51.87469249102285,91.71,85.75,2.3938,5821.38,1061.46,23.8,9,25.3,1995.88,405.203795
2022-09-11,405.203795,468.28427714285715,425.402927,207.091,435.25,49.66859945669663,91.71,85.75,2.3938,5246.62,974.46,23.6,9,22.5,1557.04,451.314645
2022-09-12,451.314645,466.4564832857142,405.203795,190.588,436.0,50.081550132200235,92.93,86.86,2.4097,6139.21,1059.25,21.7,9,21.5,2478.08,456.938318
2022-09-13,456.938318,453.02286485714285,451.314645,198.612,438.0,33.499203377026106,92.22,86.25,2.437,6220.96,1074.46,20.9,9,21.3,2514.92,464.841981
2022-09-14,464.841981,450.391318,456.938318,217.882,444.2,31.38455504962593,93.12,87.36,2.4783,6494.88,1143.29,22.3,9,20.8,2138.83,447.801394
2022-09-15,447.801394,442.2570431428571,464.841981,214.283,445.5,20.41062626894366,89.61,83.9,2.3848,6313.12,1086.79,22.0,9,24.4,2249.17,484.802823
2022-09-16,484.802823,448.0436975714286,447.801394,187.793,439.0,26.048510685150863,90.05,84.07,2.3753,6149.75,1076.17,20.6,9,23.1,2098.21,358.10528
2022-09-17,358.10528,438.42974799999996,484.802823,187.793,439.0,42.81835224164457,90.05,84.07,2.3753,5355.79,974.29,19.4,9,19.7,1901.0,304.222149
2022-09-18,304.222149,424.00379857142855,358.10528,187.793,439.0,66.39707233796027,90.05,84.07,2.3753,4812.5,889.33,17.1,9,17.6,1850.12,370.807114
2022-09-19,370.807114,412.50272271428577,304.222149,182.262,439.05,67.83498235418891,90.66,84.61,2.4151,5796.88,978.04,19.0,9,15.5,2142.29,393.129432
2022-09-20,393.129432,403.38716757142856,370.807114,194.259,441.3,65.10076526908864,87.85,83.28,2.3925,6246.04,1021.04,18.7,9,19.2,2296.21,395.119618
2022-09-21,395.119618,393.42683,393.129432,189.781,440.0,59.197209734839824,87.31,82.43,2.3477,5836.96,1022.0,18.2,9,18.4,1866.88,416.127902
2022-09-22,416.127902,388.9020454285714,395.119618,187.468,435.65,55.43958810299416,88.1,83.03,2.3645,5701.17,941.58,16.5,9,18.3,1918.67,424.689376
2022-09-23,424.689376,380.3144101428571,416.127902,185.495,435.2,40.84284740767321,83.61,78.25,2.2432,5684.46,932.25,16.3,9,15.3,2088.38,371.045602
2022-09-24,371.045602,382.1630275714286,424.689376,185.495,435.2,39.95324922978746,83.61,78.25,2.2432,5078.83,908.5,16.7,9,13.7,1882.42,323.938466
2022-09-25,323.938466,384.97964428571424,371.045602,185.495,435.2,33.75736574881998,83.61,78.25,2.2432,4438.92,866.83,19.7,9,16.7,1684.96,345.455026
2022-09-26,345.455026,381.3579174285714,323.938466,173.834,438.0,36.757935541719654,81.34,76.18,2.2095,5603.5,893.88,19.6,9,19.5,1931.29,373.789474
2022-09-27,373.789474,378.5950662857143,345.455026,186.099,437.65,36.451232963367914,83.11,77.81,2.2774,5612.5,892.83,18.3,9,17.5,1897.25,359.329518
2022-09-28,359.329518,373.4821948571429,373.789474,207.187,436.0,36.25664230862551,86.28,81.24,2.3638,5770.71,873.62,17.9,9,19.7,1684.92,436.072866
2022-09-29,436.072866,376.3314754285715,359.329518,187.665,435.75,40.68040406008277,85.48,80.42,2.3131,5834.71,863.25,17.5,9,19.8,1669.12,385.091824
2022-09-30,385.091824,370.67468228571425,436.072866,188.8,433.7,35.22223172405654,83.52,78.72,2.2789,5791.33,895.75,18.2,9,21.0,1701.92,248.306267
2022-10-01,248.306267,353.14049157142864,385.091824,188.8,433.7,58.11682231478071,83.52,78.72,2.2789,5184.21,794.17,19.6,10,20.7,1729.75,200.999023
2022-10-02,200.999023,335.577714,248.306267,188.8,433.7,82.05739889983415,83.52,78.72,2.2789,4876.79,806.08,18.5,10,18.0,1239.92,346.726369
2022-10-03,346.726369,335.75933442857144,200.999023,169.912,399.0,82.08430686327135,86.94,82.7,2.3932,5744.62,853.38,19.9,10,19.1,1641.58,350.462189
2022-10-04,350.462189,332.42686514285714,346.726369,161.95,404.0,80.74563513000442,89.82,85.5,2.5153,5814.46,862.88,17.1,10,19.4,1662.71,292.736489
2022-10-05,292.736489,322.9135752857143,350.462189,173.693,396.25,80.9703649445835,91.61,86.84,2.5212,5897.21,870.96,16.4,10,16.9,1599.38,251.11904
2022-10-06,251.11904,296.4916001428572,292.736489,175.712,400.0,66.83285721900727,92.67,87.59,2.5344,5952.79,848.04,15.6,10,14.8,1548.33,272.598552
2022-10-07,272.598552,280.4211327142857,251.11904,156.207,385.0,54.33360446161729,95.89,91.35,2.591,5755.46,900.62,16.8,10,17.0,1703.38,293.107492
2022-10-08,293.107492,286.82130771428575,272.598552,156.207,385.0,52.52886012249859,95.89,91.35,2.591,5129.42,848.62,18.9,10,14.9,1582.29,208.064651
2022-10-09,208.064651,287.83068314285714,293.107492,156.207,385.0,50.6387556234607,95.89,91.35,2.591,4702.88,838.17,18.2,10,17.1,1483.08,281.585143
2022-10-10,281.585143,278.5247937142857,208.064651,154.118,386.5,43.492929194009264,94.36,89.84,2.4909,5815.88,888.21,18.1,10,17.7,1515.33,284.261393
2022-10-11,284.261393,269.06753714285713,281.585143,156.781,391.15,30.500412994792757,92.49,86.56,2.4805,6085.67,886.92,16.6,10,17.7,1528.5,289.385392
2022-10-12,289.385392,268.58880899999997,284.261393,160.19,405.0,30.0905379276564,90.82,84.74,2.4713,5863.54,867.67,17.0,10,16.8,1650.33,273.846072
2022-10-13,273.846072,271.83552785714284,289.385392,153.809,397.0,29.101261538035587,92.92,86.65,2.5321,5882.42,862.96,18.1,10,17.7,1669.17,263.59292
2022-10-14,263.59292,270.549009,273.846072,141.997,392.5,29.260533720600673,90.15,83.55,2.454,5999.0,879.38,16.6,10,16.9,1582.08,214.024282
2022-10-15,214.024282,259.2514075714286,263.59292,141.997,392.5,33.98475644211107,90.15,83.55,2.454,4867.38,847.92,16.3,10,16.7,1706.42,184.477193
2022-10-16,184.477193,255.88177071428572,214.024282,141.997,392.5,40.4586207772952,90.15,83.55,2.454,4696.5,789.75,17.0,10,15.2,1301.0,216.380877
2022-10-17,216.380877,246.5668755714286,184.477193,127.978,392.15,41.056234459413886,90.18,83.51,2.4344,5332.83,844.92,16.6,10,14.3,1650.38,215.258957
2022-10-18,215.258957,236.70938471428573,216.380877,113.222,387.85,38.71434825967823,88.6,81.29,2.4074,5553.29,862.54,16.1,10,15.6,1731.29,175.772531
2022-10-19,175.772531,220.47897599999996,215.258957,112.51,391.0,36.71366638104529,90.56,83.42,2.4143,5509.58,862.46,16.3,10,16.3,1850.04,201.367528
2022-10-20,201.367528,210.1248982857143,175.772531,127.147,391.95,28.44325293990756,88.61,83.3,2.3945,5491.0,875.67,16.3,10,17.6,1968.88,197.345987
2022-10-21,197.345987,200.66105071428572,201.367528,113.576,390.0,15.977234733851398,89.45,83.95,2.4093,5334.92,874.96,17.3,10,13.8,1960.17,142.101805
2022-10-22,142.101805,190.38641114285716,197.345987,113.576,390.0,25.95914725876904,89.45,83.95,2.4093,4869.21,818.75,18.5,10,17.2,1800.92,103.852637
2022-10-23,103.852637,178.86861742857144,142.101805,113.576,390.0,41.96788884065207,89.45,83.95,2.4093,4224.67,799.0,16.8,10,17.0,1782.96,136.940095
2022-10-24,136.940095,167.51993428571427,103.852637,99.17,390.0,40.8597301218819,89.43,83.59,2.4255,5220.54,861.46,15.8,10,16.4,1753.46,134.217752
2022-10-25,134.217752,155.9426192857143,136.940095,99.794,388.15,36.306305170519614,90.1,84.31,2.4672,5352.04,884.04,17.0,10,16.3,1887.17,128.40283
2022-10-26,128.40283,149.17551914285715,134.217752,104.32,386.5,36.40866622044436,92.09,86.68,2.5059,5263.83,913.08,15.6,10,17.2,1996.54,161.805988
2022-10-27,161.805988,143.52387057142857,128.40283,107.384,385.6,29.341327195876833,93.25,87.83,2.5523,5476.88,879.17,14.7,10,17.3,1913.79,134.910824
2022-10-28,134.910824,134.60456157142858,161.805988,112.244,385.7,17.25285837584369,91.86,86.61,2.4909,5470.58,864.54,16.7,10,15.9,1934.17,100.584333
2022-10-29,100.584333,128.67349414285715,134.910824,112.244,385.7,20.979716791664373,91.86,86.61,2.4909,4906.04,801.75,16.7,10,16.4,1888.38,112.059048
2022-10-30,112.059048,129.84583857142857,100.584333,112.244,385.7,19.541559265080956,91.86,86.61,2.4909,4396.44,780.84,15.3,10,14.4,1737.28,144.268441
2022-10-31,144.268441,130.89274514285714,112.059048,123.352,356.3,20.171126741034392,91.02,85.4,2.4589,4890.92,836.88,15.4,10,16.0,1851.46,108.694054
2022-11-01,108.694054,127.24650257142856,144.268441,116.193,359.0,21.71753035240294,92.79,87.19,2.5249,4117.75,797.0,16.7,11,15.1,1825.54,122.523207
2022-11-02,122.523207,126.40655642857143,108.694054,125.863,361.0,21.778967717035172,94.42,88.86,2.608,5488.12,813.75,16.3,11,16.4,1506.92,132.124357
2022-11-03,132.124357,122.16632342857143,122.523207,125.445,354.0,15.809580773760255,93.07,87.18,2.5828,5408.79,845.04,16.0,11,14.1,2165.71,190.951952
2022-11-04,190.951952,130.17219885714286,132.124357,114.786,349.5,30.605117161892732,96.9,91.45,2.6489,7004.04,907.88,15.1,11,15.6,1266.21,137.825862
2022-11-05,137.825862,135.49241728571428,190.951952,114.786,349.5,27.70391928827994,96.9,91.45,2.6489,5504.75,829.54,14.0,11,14.0,1301.33,122.906986
2022-11-06,122.906986,137.0421227142857,137.825862,114.786,349.5,26.449644105194032,96.9,91.45,2.6489,4895.38,819.92,13.9,11,12.5,1276.29,185.805715
2022-11-07,185.805715,142.976019,122.906986,109.683,345.0,32.34370732327542,96.36,90.73,2.5923,5996.25,869.42,14.0,11,12.9,1352.54,163.829127
2022-11-08,163.829127,150.852458,185.805715,118.147,339.0,29.160542319590064,93.98,86.95,2.5645,6040.04,869.58,13.5,11,11.5,1475.04,209.878032
2022-11-09,209.878032,163.3317187142857,163.829127,113.144,330.0,33.40002908735842,91.21,84.0,2.4765,5799.67,861.33,13.8,11,10.4,1624.75,261.715508
2022-11-10,261.715508,181.8447402857143,209.878032,113.452,325.0,46.54696276045427,92.09,84.69,2.5086,5726.25,872.5,15.3,11,13.3,1684.88,212.786383
2022-11-11,212.786383,184.9639447142857,261.715508,97.853,326.8,47.968837711090906,94.41,87.17,2.5556,5656.17,866.83,15.6,11,14.7,2019.29,180.263552
2022-11-12,180.263552,191.02647185714287,212.786383,97.853,326.8,43.49113233427093,94.41,87.17,2.5556,5127.83,848.46,13.8,11,12.6,1850.04,171.3617
2022-11-13,171.3617,197.9485738571429,180.263552,97.853,326.8,33.565612304772046,94.41,87.17,2.5556,4631.54,818.88,12.4,11,11.9,1651.5,214.004917
2022-11-14,214.004917,201.9770312857143,171.3617,113.704,330.35,33.55756205260249,91.82,84.36,2.4719,5777.08,891.08,15.3,11,13.1,1799.88,253.020991
2022-11-15,253.020991,214.71872614285712,214.004917,124.104,341.0,33.59173393505083,92.75,85.52,2.4742,6019.29,887.29,13.2,11,12.2,1925.58,260.746944
2022-11-16,260.746944,221.9857135714286,253.020991,113.9,332.55,37.62961667775864,90.57,84.26,2.4597,5397.62,907.0,16.5,11,15.7,2229.29,256.610469
2022-11-17,256.610469,221.2564222857143,260.746944,112.556,334.6,36.770963115358235,87.99,81.09,2.3812,5419.54,853.88,15.0,11,14.6,2181.75,249.143783
2022-11-18,249.143783,226.45033657142858,256.610469,115.509,343.45,37.924812619712775,86.56,79.83,2.3377,5618.5,877.62,17.3,11,14.9,2116.92,221.332179
2022-11-19,221.332179,232.3172832857143,249.143783,115.509,343.45,32.35680632953578,86.56,79.83,2.3377,5028.42,863.46,16.0,11,15.5,1953.0,211.110848
2022-11-20,211.110848,237.995733,221.332179,115.509,343.45,21.564607272119076,86.56,79.83,2.3377,4621.62,846.29,12.4,11,11.7,1738.71,249.175866
2022-11-21,249.175866,243.0201542857143,211.110848,116.128,351.0,18.986469645346006,86.67,79.91,2.352,6216.46,884.92,11.1,11,11.1,1439.08,229.18219
2022-11-22,229.18219,239.61461128571432,249.175866,119.639,347.15,19.031573048817286,87.21,80.73,2.4184,6469.21,894.46,12.2,11,11.8,1511.92,236.537755
2022-11-23,236.537755,236.1561557142857,229.18219,129.62,346.45,16.595028323535363,84.93,78.07,2.3741,5934.29,926.75,13.2,11,11.3,1842.08,301.67397
2022-11-24,301.67397,242.5937987142857,236.537755,123.785,347.75,29.542263836106436,85.1,78.0847,2.4469,5857.54,930.42,12.1,11,9.2,1839.67,293.885037
2022-11-25,293.885037,248.98540642857142,301.67397,124.37,349.4,35.445715307350305,83.54,76.43,2.2695,6370.21,919.33,12.0,11,10.6,1565.46,261.567192
2022-11-26,261.567192,254.73326542857143,293.885037,124.37,349.4,33.41837708322658,83.54,76.43,2.2695,5738.79,940.54,11.6,11,12.0,1587.83,211.926862
2022-11-27,211.926862,254.84983885714286,261.567192,124.37,349.4,33.24180427285218,83.54,76.43,2.2695,4821.79,895.5,11.3,11,9.2,2006.38,332.583748
2022-11-28,332.583748,266.76525057142857,211.926862,123.282,380.0,44.057978309434404,83.79,77.33,2.269,5736.67,975.83,9.3,11,9.3,2154.46,369.32246
2022-11-29,369.32246,286.7852891428571,332.583748,132.286,390.0,54.690818652581626,84.24,78.28,2.2892,5982.58,972.0,10.1,11,8.7,2125.29,382.855926
2022-11-30,382.855926,307.687885,369.32246,146.397,397.0,59.99005035985499,86.99,80.66,2.3825,6235.29,985.92,10.6,11,11.2,2270.92,384.27539
2022-12-01,384.27539,319.4880878571429,382.855926,139.258,385.0,66.39227124858915,86.81,81.14,2.3419,6255.75,960.29,10.2,12,10.1,2395.75,382.67486
2022-12-02,382.67486,332.1723482857143,384.27539,135.562,391.0,69.11152920169283,85.55,80.05,2.2871,6180.21,1006.17,11.2,12,8.4,2144.38,310.417807
2022-12-03,310.417807,339.1510075714286,382.67486,135.562,391.0,62.988995052069455,85.55,80.05,2.2871,5842.12,958.75,13.3,12,13.0,1856.29,306.642378
2022-12-04,306.642378,352.6817955714286,310.417807,135.562,391.0,35.106820797255246,85.55,80.05,2.2871,5107.46,879.58,13.2,12,12.9,1660.96,366.620057
2022-12-05,366.620057,357.5441254285714,306.642378,134.699,400.5,34.20472933414751,82.66,77.08,2.2122,5973.25,953.25,13.0,12,12.1,1980.04,401.272269
2022-12-06,401.272269,362.1083838571429,366.620057,138.488,408.8,37.96352469331853,79.67,74.46,2.1606,6225.62,935.96,13.4,12,12.3,2120.54,380.276247
2022-12-07,380.276247,361.7398582857143,401.272269,149.245,405.0,37.740418897541865,77.59,72.52,2.0886,6153.0,944.29,11.5,12,10.6,2078.21,363.2696
2022-12-08,363.2696,358.73903114285713,380.276247,138.893,395.5,36.463430279869186,76.59,71.72,2.0612,4971.21,850.54,14.0,12,9.6,1849.71,388.124805
2022-12-09,388.124805,359.5175947142857,363.2696,139.113,402.5,37.112098566619096,76.6,71.43,2.0672,5523.88,970.88,14.7,12,13.2,2103.04,347.43353
2022-12-10,347.43353,364.80555514285714,388.124805,139.113,402.5,31.10022761996793,76.6,71.43,2.0672,5138.54,914.71,15.0,12,14.6,1944.04,297.164341
2022-12-11,297.164341,363.4515498571428,347.43353,139.113,402.5,34.114733648027546,76.6,71.43,2.0672,5153.67,876.88,13.4,12,12.6,1625.71,422.951526
2022-12-12,422.951526,371.4989025714286,297.164341,136.59,401.0,40.94667026508302,78.34,73.46,2.0952,5709.12,944.42,11.8,12,8.3,2083.79,422.840072
2022-12-13,422.840072,374.5800172857143,422.951526,137.529,405.0,44.239477636702496,80.86,75.58,2.176,6543.42,973.79,11.7,12,9.3,1952.88,416.033237
2022-12-14,416.033237,379.68815871428575,422.840072,131.511,404.0,46.985917959804276,82.75,77.33,2.2536,6285.29,927.67,13.4,12,10.7,1967.21,375.587844
2022-12-15,375.587844,381.44790785714287,416.033237,134.767,403.0,46.496640398947086,81.32,76.12,2.18,6412.62,948.67,14.6,12,12.2,2079.21,367.636471
2022-12-16,367.636471,378.521003,375.587844,115.451,405.0,46.65088930670233,79.49,74.54,2.1589,6202.71,964.21,15.1,12,15.9,1975.33,280.698808
2022-12-17,280.698808,368.9874712857142,367.636471,115.451,405.0,59.19510974607386,79.49,74.54,2.1589,5625.38,945.75,12.8,12,14.2,1770.54,247.322647
2022-12-18,247.322647,361.86722928571436,280.698808,115.451,405.0,71.07888646727127,79.49,74.54,2.1589,5241.33,901.71,10.1,12,12.1,1424.79,235.288739
2022-12-19,235.288739,335.05825971428567,247.322647,108.543,401.35,79.13387976516191,79.87,75.44,2.2015,6085.75,985.96,9.5,12,11.1,1919.83,271.568016
2022-12-20,271.568016,313.447966,235.288739,105.688,400.05,71.44853214952896,80.44,76.23,2.2409,6444.25,967.12,8.1,12,8.6,1732.17,256.270223
2022-12-21,256.270223,290.6246782857143,271.568016,97.752,401.4,57.341950483830885,82.39,78.24,2.2758,5988.42,976.92,8.7,12,8.0,1997.79,240.303232
2022-12-22,240.303232,271.29830514285715,256.270223,91.938,400.65,45.5110668735909,81.46,77.42,2.2695,5874.58,954.38,10.5,12,9.1,1925.38,203.563699
2022-12-23,203.563699,247.85933771428572,240.303232,82.977,401.1,25.4584025343986,84.34,79.64,2.3961,6128.29,951.17,13.1,12,9.1,1678.5,142.059325
2022-12-24,142.059325,228.05369728571426,203.563699,82.977,401.1,43.31695143516065,84.34,79.64,2.3961,5092.88,911.96,13.8,12,9.4,1577.62,166.173344
2022-12-25,166.173344,216.46093971428573,142.059325,82.977,401.1,47.91536147680977,84.34,79.64,2.3961,4387.17,847.88,14.3,12,10.3,1366.88,172.305936
2022-12-26,172.305936,207.46339642857143,166.173344,82.977,401.1,49.671888467451005,84.34,79.64,2.3961,4305.67,845.33,13.6,12,9.5,1312.04,208.326463
2022-12-27,208.326463,198.42888885714288,172.305936,80.043,400.5,41.076687158774625,84.58,79.64,2.3757,5320.67,959.12,14.1,12,9.3,1551.71,175.791665
2022-12-28,175.791665,186.931952,208.326463,81.351,402.5,32.57128703958907,83.93,79.08,2.3751,5355.33,949.38,13.4,12,9.2,1564.71,205.40625
2022-12-29,205.40625,181.94666885714287,175.791665,83.83,404.15,24.77958587945935,83.31,78.5,2.3793,5266.38,930.33,12.5,12,9.4,1661.58,179.507916
2022-12-30,179.507916,178.51012842857145,205.40625,76.315,404.15,22.877026724881215,85.65,80.45,2.4783,5259.71,929.42,12.7,12,10.2,1668.92,224.324583
2022-12-31,224.324583,190.26230814285714,179.507916,76.315,404.15,22.149707264644604,85.65,80.45,2.4783,4577.92,921.38,12.5,12,10.9,1775.17,193.144583
2023-01-01,193.144583,194.11534228571426,224.324583,76.315,404.15,19.441216532540775,85.65,80.45,2.4783,4300.0,825.0,11.1,1,9.4,1336.75,202.039743
2023-01-02,202.039743,198.363029,193.144583,77.017,389.6,16.973564881785176,85.65,80.45,2.4886,5249.88,952.21,10.9,1,8.4,1700.12,174.74391
2023-01-03,174.74391,193.5655214285714,202.039743,72.314,393.1,18.376124191258818,82.12,77.12,2.3659,5410.38,952.5,11.7,1,10.4,1749.92,171.610325
2023-01-04,171.610325,192.96818714285715,174.74391,65.022,394.55,19.10372852737941,78.01,73.1,2.2637,5502.33,944.25,9.7,1,9.5,1678.62,182.795
2023-01-05,182.795,189.73800857142857,171.610325,72.422,397.5,18.5538163893981,78.82,73.92,2.2732,5634.25,928.25,10.4,1,10.4,1682.29,174.219166
2023-01-06,174.219166,188.98247285714282,182.795,69.534,400.0,19.13830564120397,78.75,74.04,2.2515,4748.04,881.33,9.2,1,9.1,1480.17,192.758727
2023-01-07,192.758727,184.47306485714287,174.219166,69.534,400.0,11.694018979270043,78.75,74.04,2.2515,5144.0,924.33,9.6,1,9.2,1383.42,164.281631
2023-01-08,164.281631,180.349786,192.758727,69.534,400.0,13.127510895661642,78.75,74.04,2.2515,4720.33,933.54,11.9,1,8.1,1614.58,157.638622
2023-01-09,157.638622,174.0067687142857,164.281631,74.302,395.0,11.53035783962792,79.89,75.17,2.2995,5712.25,983.92,13.4,1,10.8,1883.42,159.932135
2023-01-10,159.932135,171.89080085714286,157.638622,70.071,393.0,12.67481497937396,80.28,75.6,2.3335,6019.88,987.29,8.1,1,9.5,1974.92,180.245506
2023-01-11,180.245506,173.12439814285713,159.932135,65.346,380.0,13.057409799564471,82.86,77.9,2.4392,5967.08,973.83,7.1,1,10.4,2017.92,178.726611
2023-01-12,178.726611,172.5431997142857,180.245506,66.809,377.0,12.63906254017227,84.19,78.88,2.4819,6415.96,978.12,8.7,1,8.8,1817.08,195.323447
2023-01-13,195.323447,175.558097,178.726611,64.812,370.25,15.335030568765978,85.55,80.3,2.5393,6340.75,996.79,8.1,1,8.6,1774.21,161.529503
2023-01-14,161.529503,171.09677928571426,195.323447,64.812,370.25,13.97971901395755,85.55,80.3,2.5393,5315.29,883.83,9.5,1,8.6,1671.71,145.476627
2023-01-15,145.476627,168.41035014285714,161.529503,64.812,370.25,16.990305610675925,85.55,80.3,2.5393,4873.92,870.42,8.2,1,6.9,1594.88,151.118892
2023-01-16,151.118892,167.47896014285715,145.476627,55.454,370.0,17.836829383155752,84.66,78.8121,2.4928,6096.17,1013.79,12.6,1,10.8,1829.29,169.151782
2023-01-17,169.151782,168.79605257142856,151.118892,60.061,369.25,17.52434273914398,85.88,80.65,2.7106,6234.25,1021.71,13.3,1,11.7,1933.0,149.38106
2023-01-18,149.38106,164.38684600000002,169.151782,61.709,368.0,18.038753491870423,85.19,80.03,2.6962,6213.83,1023.5,11.2,1,12.9,1904.88,179.351114
2023-01-19,179.351114,164.4760607142857,149.38106,60.717,363.5,18.122842432073988,86.18,80.85,2.7574,6379.88,1030.0,6.2,1,11.1,1886.71,185.466148
2023-01-20,185.466148,163.0678751428571,179.351114,66.898,350.95,15.522919207220953,87.51,81.89,2.7997,6446.08,1032.04,5.9,1,6.9,1902.08,154.390197
2023-01-21,154.390197,162.04797428571428,185.466148,66.898,350.95,15.8714641683103,87.51,81.89,2.7997,5729.62,1000.29,6.3,1,5.2,1854.0,185.40492
2023-01-22,185.40492,167.75201614285714,154.390197,66.898,350.95,16.09660914994133,87.51,81.89,2.7997,5308.62,923.0,6.7,1,6.6,1467.79,204.114147
2023-01-23,204.114147,175.32276685714285,185.40492,65.999,360.0,19.143906053150726,87.97,81.93,2.8402,6461.92,1094.12,6.7,1,5.5,2071.58,202.066707
2023-01-24,202.066707,180.024899,204.114147,58.269,359.6,21.296798614136808,86.14,80.44,2.795,6597.71,1088.04,8.0,1,5.4,2128.88,187.390102
2023-01-25,187.390102,185.45476214285713,202.066707,56.66,354.0,16.48301771313333,86.04,80.44,2.7501,6670.54,1061.75,9.1,1,7.4,2106.42,174.265212
2023-01-26,174.265212,184.72820471428574,187.390102,54.815,355.6,16.903626580596164,87.06,81.28,2.7749,6701.58,1102.58,7.4,1,6.7,2213.92,171.493317
2023-01-27,171.493317,182.73208599999998,174.265212,55.425,358.1,17.612125617140315,86.04,79.96,2.76,6459.25,1067.96,7.3,1,7.0,2075.08,163.894366
2023-01-28,163.894366,184.0898244285714,171.493317,55.425,358.1,15.274241169098659,86.04,79.96,2.76,5345.75,1033.88,7.0,1,5.2,2403.42,155.825571
2023-01-29,155.825571,179.86420314285715,163.894366,55.425,358.1,18.58297643234822,86.04,79.96,2.76,5031.21,975.42,7.3,1,6.5,2085.67,179.474197
2023-01-30,179.474197,176.3442102857143,155.825571,55.156,265.35,15.260635407412135,84.14,78.18,2.6851,5961.12,1066.83,5.0,1,6.7,2470.0,161.941254
2023-01-31,161.941254,170.6120027142857,179.474197,57.352,262.0,10.901932896554708,85.17,79.17,2.7352,6151.04,1082.33,6.2,1,6.0,2594.12,163.576745
2023-02-01,163.576745,167.21009457142856,161.941254,59.527,247.0,8.165907049678538,82.58,76.73,2.6318,6611.21,1067.79,5.0,2,5.9,2112.25,179.741528
2023-02-02,179.741528,167.9924254285714,163.576745,57.04,245.0,9.156692256827442,82.03,76.2,2.6246,6349.17,1045.71,7.7,2,7.2,2270.75,169.610285
2023-02-03,169.610285,167.72342085714286,179.741528,57.889,236.0,9.063891383757104,79.71,73.74,2.5119,6302.83,1025.67,7.6,2,8.1,2224.96,155.49069
2023-02-04,155.49069,166.52289571428574,169.610285,57.889,236.0,10.147364032866955,79.71,73.74,2.5119,5629.29,940.21,9.0,2,7.7,1958.17,140.311451
2023-02-05,140.311451,164.30659285714287,155.49069,57.889,236.0,13.880664431612834,79.71,73.74,2.5119,5124.75,910.75,4.5,2,4.4,1848.92,173.222912
2023-02-06,173.222912,163.41355214285713,140.311451,58.109,235.0,12.909292195801601,80.71,74.47,2.5532,6437.38,1054.71,3.9,2,4.5,2226.79,178.264533
2023-02-07,178.264533,165.74544914285713,173.222912,55.403,255.65,14.025088919783588,83.37,77.56,2.6351,6700.29,1055.58,2.7,2,2.2,2376.71,170.347097
2023-02-08,170.347097,166.71264228571428,178.264533,53.687,239.35,14.083929154416843,84.7,78.84,2.6518,6651.88,1061.92,2.5,2,6.6,2315.25,179.58944
2023-02-09,179.58944,166.6909154285714,170.347097,52.734,225.5,14.06057795507391,84.06,78.39,2.6412,6755.21,1084.04,5.4,2,6.4,2455.29,168.191538
2023-02-10,168.191538,166.4882372857143,179.58944,53.947,218.0,14.021654175978519,85.99,80.04,2.7019,6513.58,1053.12,6.4,2,6.0,2325.04,171.623017
2023-02-11,171.623017,168.79285542857141,168.191538,53.947,218.0,13.215406273906495,85.99,80.04,2.7019,5851.46,1008.75,5.7,2,4.8,2056.08,150.756903
2023-02-12,150.756903,170.28506285714283,171.623017,53.947,218.0,9.54288721700714,85.99,80.04,2.7019,5311.29,903.29,5.4,2,5.7,1804.21,168.777972
2023-02-13,168.777972,169.65007142857144,150.756903,51.707,221.0,9.462364442746228,86.23,80.45,2.7276,6372.12,1071.83,6.4,2,7.3,2275.29,161.097538
2023-02-14,161.097538,167.19764357142859,168.777972,52.386,219.5,9.074268640904856,85.3,79.4,2.6939,6587.62,1035.21,5.5,2,7.2,2300.92,165.865996
2023-02-15,165.865996,166.55748628571428,161.097538,54.716,219.9,8.972548199057242,85.05,79.02,2.6942,6298.0,1026.17,5.7,2,8.1,2166.21,163.613171
2023-02-16,163.613171,164.27516214285714,165.865996,52.011,214.0,6.897026866040971,84.8,78.9,2.6456,6265.46,1006.79,10.0,2,7.8,2250.17,165.670521
2023-02-17,165.670521,163.91501685714283,163.613171,49.047,209.35,6.72204050919292,82.67,76.7,2.613,6225.12,979.62,7.7,2,6.2,2234.79,139.697002
2023-02-18,139.697002,159.3541575714286,165.670521,49.047,209.35,10.429156941744804,82.67,76.7,2.613,5424.33,956.29,9.8,2,7.0,2106.38,134.898247
2023-02-19,134.898247,157.08863528571428,139.697002,49.047,209.35,13.789213926202958,82.67,76.7,2.613,4822.71,893.38,12.0,2,8.0,1715.92,159.72413
2023-02-20,159.72413,155.79522928571427,134.898247,49.874,205.65,12.906390343667997,83.28,77.2356,2.4469,5860.83,981.71,9.9,2,8.8,1966.96,159.854962
2023-02-21,159.854962,155.6177184285714,159.72413,48.542,209.0,12.82962620589408,82.29,76.53,2.6145,6010.54,969.54,9.1,2,8.0,1992.08,162.278267
2023-02-22,162.278267,155.1051857142857,159.854962,50.568,209.65,12.417009416566481,80.08,74.19,2.5403,5977.12,962.25,9.1,2,10.1,2105.62,156.370054
2023-02-23,156.370054,154.07045471428572,162.278267,50.78,210.1,11.880040246623373,81.48,75.6,2.575,5936.79,952.17,9.6,2,10.0,2158.21,164.002207
2023-02-24,164.002207,153.83212414285714,156.370054,51.013,209.2,11.622483189714874,82.29,76.47,2.5753,5960.96,935.42,8.3,2,10.2,1956.5,145.946394
2023-02-25,145.946394,154.72489442857142,164.002207,51.013,209.2,10.545903496795397,82.29,76.47,2.5753,5215.67,875.38,12.5,2,13.2,1729.67,125.541813
2023-02-26,125.541813,153.388261,145.946394,51.013,209.2,13.621959320251074,82.29,76.47,2.5753,4774.21,855.25,11.9,2,12.2,1645.83,173.20009
2023-02-27,173.20009,155.31339814285712,125.541813,47.299,196.5,15.490690298498016,81.51,75.81,2.5748,6000.5,928.71,10.0,2,10.0,1950.08,162.731025
2023-02-28,162.731025,155.72426428571427,173.20009,46.665,192.85,15.668347203602142,82.83,77.19,2.632,6358.92,916.5,9.2,2,9.6,1788.38,167.975565
2023-03-01,167.975565,156.538164,162.731025,47.084,192.0,16.20434619145102,83.69,77.83,2.6644,6582.5,908.79,10.1,3,10.7,1455.17,167.949697
2023-03-02,167.949697,158.1923987142857,167.975565,46.815,193.0,16.765661285112504,84.09,78.31,2.6894,6265.17,994.0,9.4,3,7.5,1728.04,165.88317
2023-03-03,165.88317,158.4611077142857,167.949697,44.98,187.15,16.888916725318065,85.26,79.79,2.7412,6052.75,994.17,9.9,3,5.1,2106.71,143.96497
2023-03-04,143.96497,158.17804714285714,165.88317,44.98,187.15,17.148236717904318,85.26,79.79,2.7412,5558.08,955.88,9.6,3,9.6,1909.75,140.753145
2023-03-05,140.753145,160.35109457142858,143.96497,44.98,187.15,12.713645064606188,85.26,79.79,2.7412,4943.88,906.0,7.9,3,8.6,1877.42,147.151305
2023-03-06,147.151305,156.62983957142856,140.753145,42.149,182.0,12.124522085110968,85.62,80.56,2.7841,5870.83,957.12,10.8,3,7.9,2133.08,152.23435
2023-03-07,152.23435,155.13031457142856,147.151305,43.37,180.0,11.891033408367022,82.8,77.72,2.6899,6173.25,973.58,10.9,3,8.3,1966.75,135.901827
2023-03-08,135.901827,150.548352,152.23435,42.339,182.0,12.289247751479351,82.19,76.81,2.6777,6162.38,974.79,12.9,3,11.6,1963.54,133.239567
2023-03-09,133.239567,145.589762,135.901827,43.599,180.0,11.036512044375826,81.09,75.88,2.5972,6057.21,965.08,13.3,3,12.6,2056.33,125.475692
2023-03-10,125.475692,139.81726514285714,133.239567,52.857,185.25,9.039994031932498,82.16,76.8,2.6378,6751.79,950.42,13.9,3,15.1,2288.38,123.339054
2023-03-11,123.339054,136.87070571428572,125.475692,52.857,185.25,10.67615296043888,82.16,76.8,2.6378,5434.08,895.79,13.7,3,14.2,1624.0,122.751997
2023-03-12,122.751997,134.29911314285715,123.339054,52.857,185.25,11.703663491158917,82.16,76.8,2.6378,4791.75,853.0,9.3,3,11.0,1505.08,145.39893
2023-03-13,145.39893,134.04877385714286,122.751997,49.584,182.9,11.397681380506121,80.23,74.95,2.5809,5713.25,911.62,8.8,3,9.4,1867.58,131.438197
2023-03-14,131.438197,131.07789485714287,145.39893,44.185,180.0,8.10102794670844,77.0,71.57,2.5362,5975.71,942.46,12.3,3,12.4,1702.67,140.80407
2023-03-15,140.80407,131.77821528571428,131.438197,42.905,175.0,8.771686871520505,73.28,67.82,2.4189,6239.5,903.21,10.0,3,11.0,1607.88,129.170211
2023-03-16,129.170211,131.1968787142857,140.80407,44.341,174.0,8.793514802479192,74.29,68.63,2.4746,5804.83,927.58,8.6,3,11.2,1927.08,127.008746
2023-03-17,127.008746,131.41588642857144,129.170211,42.857,173.0,8.645115606021506,72.77,67.12,2.4658,6098.62,933.88,8.1,3,8.9,1676.42,133.746642
2023-03-18,133.746642,132.90268471428573,127.008746,42.857,173.0,7.886183683152968,72.77,67.12,2.4658,5337.08,868.58,9.4,3,6.5,1773.21,123.74142
2023-03-19,123.74142,133.04403085714287,133.746642,42.857,173.0,7.680102185454422,72.77,67.12,2.4658,5228.25,877.71,10.2,3,6.6,1355.62,137.405274
2023-03-20,137.405274,131.90208,123.74142,39.325,173.0,5.932289665805915,73.54,67.99,2.4968,5780.58,907.83,9.6,3,10.4,1809.0,133.893545
2023-03-21,133.893545,132.252844,137.405274,42.4,174.0,5.972741718240064,75.03,69.77,2.5063,5728.04,937.08,10.5,3,10.7,1887.25,132.737464
2023-03-22,132.737464,131.1004717142857,133.893545,39.974,176.55,4.68788365619237,76.38,71.02,2.56,5881.12,927.96,9.6,3,10.4,1880.08,142.506305
2023-03-23,142.506305,133.005628,132.737464,43.186,176.65,6.22919607238632,75.5,70.12,2.5671,5926.92,896.67,12.7,3,10.1,1681.54,130.870165
2023-03-24,130.870165,133.55725928571428,142.506305,41.094,175.35,5.763170875253123,74.59,69.41,2.5548,5825.08,902.58,12.9,3,11.5,1810.62,101.31956
2023-03-25,101.31956,128.92481899999999,130.870165,41.094,175.35,13.467873499819765,74.59,69.41,2.5548,5170.0,843.38,13.5,3,14.0,1636.29,108.432578
2023-03-26,108.432578,126.73784157142858,101.31956,41.094,175.35,15.53429498314502,74.59,69.41,2.5548,4615.48,819.61,12.4,3,13.1,1549.43,138.225695
2023-03-27,138.225695,126.85504457142856,108.432578,42.528,176.25,15.630986478338086,77.76,72.93,2.6551,5596.92,895.96,10.6,3,11.3,1846.62,120.341984
2023-03-28,120.341984,124.91910728571429,138.225695,42.752,176.5,15.452135382207887,78.14,73.34,2.6805,5593.42,915.71,9.6,3,9.7,1822.54,136.50504
2023-03-29,136.50504,125.45733242857143,120.341984,42.803,176.6,15.830825721977794,77.59,73.12,2.6373,5897.25,900.67,10.1,3,7.8,1932.04,155.416175
2023-03-30,155.416175,127.30159957142857,136.50504,43.609,176.75,18.649154545879426,78.6,74.49,2.6378,5496.46,875.62,12.0,3,10.1,2014.67,131.150409
2023-03-31,131.150409,127.34163442857142,155.416175,47.843,177.25,18.658390636777565,79.89,75.8,2.681,5484.46,847.0,11.0,3,10.8,2048.62,109.802471
2023-04-01,109.802471,128.55347885714286,131.150409,47.843,177.25,16.877041479981745,79.89,75.8,2.681,5203.67,846.96,14.0,4,15.0,1684.54,136.800833
2023-04-02,136.800833,132.6060867142857,109.802471,47.843,177.25,14.475323604042309,79.89,75.8,2.681,4821.42,823.88,12.5,4,12.0,1444.75,141.511224
2023-04-03,141.511224,133.075448,136.800833,51.367,198.0,14.738777274745507,84.93,80.44,2.7575,5830.96,896.83,11.7,4,12.6,1678.0,147.351267
2023-04-04,147.351267,136.933917,141.511224,46.568,192.65,14.380732218499201,84.94,80.72,2.7371,5785.58,891.96,9.4,4,8.5,1845.79,171.615055
2023-04-05,171.615055,141.94963342857142,147.351267,44.575,198.0,19.4393427241944,84.99,80.63,2.8201,5986.67,919.17,8.7,4,6.9,1932.29,152.469774
2023-04-06,152.469774,141.528719,171.615055,43.125,193.75,19.12857246087853,85.12,80.68,2.8133,5891.33,919.08,7.3,4,9.1,1970.75,148.862291
2023-04-07,148.862291,144.05898785714285,152.469774,43.125,193.75,18.693447349020417,85.12,80.68,2.8133,5470.0,901.0,8.5,4,7.7,1788.79,132.17645
2023-04-08,132.17645,147.25527057142858,148.862291,43.125,193.75,12.863657069167363,85.12,80.68,2.8133,4999.29,839.79,10.1,4,8.2,1762.96,161.520021
2023-04-09,161.520021,150.78658314285713,132.17645,43.125,193.75,12.908257690805785,85.12,80.68,2.8133,4389.71,811.38,9.0,4,9.6,1609.29,101.290472
2023-04-10,101.290472,145.04076142857144,161.520021,43.125,193.75,22.849034117091378,84.18,79.77,2.8079,4306.42,819.29,8.3,4,8.3,1460.92,134.996405
2023-04-11,134.996405,143.27578114285714,101.290472,43.692,194.15,23.116425375008017,85.61,81.49,2.8652,5423.92,852.79,8.2,4,9.6,1834.67,153.963147
2023-04-12,153.963147,140.75408,134.996405,42.88,194.6,20.30109702432747,87.33,83.09,2.8727,5871.21,897.21,12.9,4,11.2,1820.04,145.317362
2023-04-13,145.317362,139.73230685714287,153.963147,42.093,190.75,19.78663335254627,85.68,82.04,2.8317,5755.62,933.12,12.6,4,12.7,1861.54,146.175006
2023-04-14,146.175006,139.348409,145.317362,41.149,188.0,19.6052088121673,85.87,82.43,2.8359,5871.29,923.92,10.0,4,13.0,1821.75,132.231957
2023-04-15,132.231957,139.35633857142858,146.175006,41.149,188.0,19.60183549414015,85.87,82.43,2.8359,5196.58,921.25,12.0,4,11.5,1703.12,127.505478
2023-04-16,127.505478,134.49711814285715,132.231957,41.149,188.0,17.269055386783236,85.87,82.43,2.8359,4871.5,897.04,10.6,4,11.6,1439.08,144.476586
2023-04-17,144.476586,140.666563,127.505478,41.127,187.0,9.307664632336508,84.45,80.83,2.774,6011.21,963.79,10.6,4,11.3,1748.12,145.000416
2023-04-18,145.000416,142.09570742857142,144.476586,42.722,188.3,9.056582679143045,84.45,80.9,2.7509,5841.83,944.67,9.8,4,10.8,1787.5,143.202002
2023-04-19,143.202002,140.558401,145.000416,40.298,192.5,7.4830333338703525,82.79,79.24,2.6455,5827.62,898.75,8.9,4,11.9,1865.92,148.957793
2023-04-20,148.957793,141.0784625714286,143.202002,40.565,191.75,7.978967718931414,80.81,77.37,2.5864,5515.04,932.21,10.7,4,11.2,2135.29,144.019848
2023-04-21,144.019848,140.77058285714287,148.957793,40.164,190.35,7.788849070405214,81.46,77.87,2.6016,5241.04,907.42,10.6,4,11.4,2112.17,120.971603
2023-04-22,120.971603,139.16196085714287,144.019848,40.164,190.35,10.527541955369555,81.46,77.87,2.6016,4922.08,816.21,12.1,4,12.3,1970.25,122.606666
2023-04-23,122.606666,138.46213057142856,120.971603,40.164,190.35,11.545206046514492,81.46,77.87,2.6016,4893.58,830.96,14.4,4,12.0,1480.71,114.397894
2023-04-24,114.397894,134.16517457142857,122.606666,39.925,190.0,14.220980319822576,82.54,78.76,2.6318,5399.25,752.54,14.0,4,15.3,1622.67,107.118208
2023-04-25,107.118208,128.7534305714286,114.397894,39.833,189.05,16.444577726363452,80.6,77.07,2.5886,4682.5,759.79,14.7,4,14.4,1310.0,120.42128
2023-04-26,120.42128,125.49904171428571,107.118208,38.551,190.15,15.324658824774303,77.72,74.3,2.5125,5710.42,855.38,13.0,4,12.9,1601.75,129.729583
2023-04-27,129.729583,122.75215457142858,120.42128,39.039,189.95,11.717776761757888,78.22,74.76,2.4927,5672.29,818.54,12.2,4,11.7,1680.75,133.71382
2023-04-28,133.71382,121.27986485714284,129.729583,38.538,189.7,8.911674174989509,80.33,76.78,2.5301,5561.38,855.62,12.6,4,12.5,1813.67,118.236965
2023-04-29,118.236965,120.88920228571429,133.71382,38.538,189.7,8.987060263345967,80.33,76.78,2.5301,4790.92,805.38,14.6,4,14.7,1810.17,112.70481
2023-04-30,112.70481,119.47465142857142,118.236965,38.538,189.7,9.43955710160292,80.33,76.78,2.5301,4228.5,764.67,13.4,4,14.5,1545.71,112.638693
2023-05-01,112.638693,119.223337,112.70481,38.834,185.15,9.618958525580926,79.31,75.66,2.5504,4166.38,812.58,15.5,5,14.0,1483.42,123.970014
2023-05-02,123.970014,121.63073785714285,112.638693,37.529,187.55,8.068187744964463,75.32,71.66,2.4357,5299.83,858.46,15.1,5,14.2,1820.17,124.016892
2023-05-03,124.016892,122.1443967142857,123.970014,36.782,180.6,8.09277400177252,72.33,68.6,2.3221,5420.92,841.54,13.7,5,14.9,1863.83,117.636836
2023-05-04,117.636836,120.41686142857142,124.016892,35.653,178.2,7.470501452634139,72.5,68.56,2.3259,5663.62,843.5,14.6,5,13.5,1625.92,118.343081
2023-05-05,118.343081,118.22104157142859,117.636836,36.574,169.65,4.629442655859015,75.3,71.34,2.379,5669.42,889.67,12.5,5,14.5,1649.17,105.11414
2023-05-06,105.11414,116.34635228571427,118.343081,36.574,169.65,6.779624272345407,75.3,71.34,2.379,4843.38,825.79,16.0,5,14.3,1660.71,91.268469
2023-05-07,91.268469,113.28401785714287,105.11414,36.574,169.65,11.731538592269155,75.3,71.34,2.379,3974.79,793.67,14.3,5,14.8,1800.38,132.266122
2023-05-08,132.266122,116.08793628571428,91.268469,36.874,169.65,13.72736992345259,77.01,73.16,2.4616,5162.42,865.58,14.9,5,15.9,1942.67,134.679169
2023-05-09,134.679169,117.61781557142857,132.266122,35.95,169.0,15.263066426467491,77.44,73.71,2.4799,5200.88,845.42,15.4,5,17.5,2166.29,126.483975
2023-05-10,126.483975,117.97025599999999,134.679169,34.993,166.95,15.462633909508337,76.41,72.56,2.4949,5620.21,872.33,15.3,5,15.6,1840.92,120.915641
2023-05-11,120.915641,118.43865671428571,126.483975,34.993,163.0,15.50046565867558,74.98,70.87,2.4577,5463.79,855.62,15.2,5,16.0,1810.04,114.798387
2023-05-12,114.798387,117.93227185714285,120.915641,32.767,166.5,15.561887542569417,74.17,70.04,2.4302,5427.08,867.17,13.0,5,13.2,1840.17,110.705219
2023-05-13,110.705219,118.73099742857143,114.798387,32.767,166.5,14.924778693217561,74.17,70.04,2.4302,4930.5,851.17,13.7,5,15.8,1472.46,95.686535
2023-05-14,95.686535,119.3621497142857,110.705219,32.767,166.5,13.60491591745754,74.17,70.04,2.4302,4723.38,753.38,16.4,5,16.7,1352.83,111.347803
2023-05-15,111.347803,116.37381842857143,95.686535,32.314,163.75,12.555004368249437,75.23,71.11,2.472,5692.54,787.33,14.5,5,15.6,1650.58,103.999484
2023-05-16,103.999484,111.99100628571429,111.347803,31.821,163.8,10.241612870789723,74.91,70.86,2.4791,5664.79,820.96,14.7,5,17.4,1830.29,114.298064
2023-05-17,114.298064,110.25016185714286,103.999484,31.953,165.25,8.199658560402694,76.96,72.83,2.5692,5919.75,823.12,15.4,5,15.7,1689.12,111.37816
2023-05-18,111.37816,108.88766457142857,114.298064,29.785,159.35,6.806021176522338,75.86,71.94,2.5683,5536.29,875.92,16.1,5,15.6,1811.71,114.494441
2023-05-19,114.494441,108.8442437142857,111.37816,30.176,162.25,6.762859974746193,75.58,71.69,2.5761,5570.58,869.75,15.6,5,15.6,1797.83,102.561649
2023-05-20,102.561649,107.68087657142857,114.494441,30.176,162.25,7.0822719494349,75.58,71.69,2.5761,4725.67,750.04,17.0,5,16.8,1869.12,64.4006
2023-05-21,64.4006,103.21145728571427,102.561649,30.176,162.25,17.750303306803634,75.58,71.69,2.5761,4449.46,754.92,16.7,5,16.1,1604.88,106.246677
2023-05-22,106.246677,102.48272499999999,64.4006,29.711,160.35,17.462983168324257,75.99,72.05,2.6489,5181.79,796.83,16.2,5,15.4,1780.83,108.768455
2023-05-23,108.768455,103.16400657142857,106.246677,29.127,160.0,17.624299128073634,76.84,72.91,2.6622,5208.71,826.54,15.9,5,14.1,1896.17,107.948511
2023-05-24,107.948511,102.25692757142858,108.768455,27.785,160.25,17.111692981474707,78.36,74.34,2.7212,5221.29,818.96,14.9,5,14.9,1943.12,101.539923
2023-05-25,101.539923,100.85146514285714,107.948511,25.452,160.0,16.635054163953725,76.26,71.83,2.6735,5280.88,830.12,15.7,5,15.1,2117.79,92.60898
2023-05-26,92.60898,97.72497071428572,101.539923,24.52,160.0,15.67233848448945,76.95,72.67,2.5913,5347.46,866.12,18.1,5,17.4,2047.04,71.659929
2023-05-27,71.659929,93.3104392857143,92.60898,24.52,160.0,18.226855141180543,76.95,72.67,2.5913,4795.5,793.79,15.8,5,17.9,1841.08,64.291245
2023-05-28,64.291245,93.29481714285714,71.659929,24.52,160.0,18.25578726108632,76.95,72.67,2.5913,4286.12,751.79,15.4,5,17.2,1486.67,86.15799
2023-05-29,86.15799,90.42500471428572,64.291245,24.562,140.65,17.441213047520094,77.1,73.0114,2.7015,5183.04,812.04,17.4,5,17.1,1783.29,94.375037
2023-05-30,94.375037,88.36880214285715,86.15799,24.681,135.1,15.677480021697635,73.71,69.46,2.4792,5468.5,837.29,17.2,5,16.2,1982.04,92.967773
2023-05-31,92.967773,86.22869671428573,94.375037,26.852,138.0,13.419050228940245,72.6,68.09,2.4438,5120.96,812.38,17.0,5,16.0,2304.5,95.501035
2023-06-01,95.501035,85.36599842857143,92.967773,23.103,130.15,12.428182509040214,74.28,70.1,2.4362,5243.38,814.83,16.4,6,17.0,2147.17,81.916268
2023-06-02,81.916268,83.83846814285714,95.501035,23.689,131.0,12.040658477546055,76.24,71.74,2.5036,4291.62,782.33,16.4,6,17.0,1642.21,75.275127
2023-06-03,75.275127,84.354925,81.916268,23.689,131.0,11.49646062574064,76.24,71.74,2.5036,4809.58,795.96,18.6,6,17.7,1824.62,60.752939
2023-06-04,60.752939,83.8494527142857,75.275127,23.689,131.0,12.554717665056213,76.24,71.74,2.5036,4213.88,787.71,17.5,6,16.4,1744.12,96.146437
2023-06-05,96.146437,85.27637371428571,60.752939,28.478,137.75,13.399996064909475,76.71,72.15,2.5244,5141.25,842.33,18.9,6,19.4,1962.0,90.30193
2023-06-06,90.30193,84.69450128571428,96.146437,24.86,134.45,13.022159837303555,76.29,71.74,2.5643,5485.79,841.62,18.4,6,18.9,1980.42,94.257532
2023-06-07,94.257532,84.87875257142856,90.30193,26.331,136.0,13.167047079734388,76.95,72.53,2.6412,5197.92,804.75,18.3,6,18.4,2178.33,90.179418
2023-06-08,90.179418,84.11852157142857,94.257532,26.945,136.25,12.592625385382222,75.96,71.29,2.6127,5386.88,850.71,20.0,6,17.7,1972.62,91.995581
2023-06-09,91.995581,85.55842342857143,90.179418,32.049,135.7,12.871999375390974,74.98,70.17,2.5918,4960.29,890.12,18.5,6,18.1,2426.12,99.035802
2023-06-10,99.035802,88.95280557142857,91.995581,32.049,135.7,12.841150936980597,74.98,70.17,2.5918,4513.67,790.5,20.1,6,20.1,2266.21,94.396646
2023-06-11,94.396646,93.75904942857143,99.035802,32.049,135.7,3.2164682542356196,74.98,70.17,2.5918,4330.79,794.46,20.3,6,18.5,1972.33,101.995626
2023-06-12,101.995626,94.59464785714286,94.396646,31.036,134.0,4.459596567086408,71.84,67.12,2.4826,5315.62,845.29,18.7,6,19.0,2133.92,105.92733
2023-06-13,105.92733,96.82684785714285,101.995626,36.051,132.25,5.692850037796257,74.29,69.42,2.5579,5381.71,852.33,18.9,6,18.9,2279.38,108.39149
2023-06-14,108.39149,98.8459847142857,105.92733,38.312,132.0,6.988710154009116,73.2,68.27,2.5546,5706.25,842.62,18.8,6,18.2,2156.62,112.374922
2023-06-15,112.374922,102.01677100000002,108.39149,41.145,135.95,7.422914785541014,75.67,70.62,2.6417,5440.17,785.71,18.8,6,18.9,2345.08,121.316655
2023-06-16,121.316655,106.20549585714286,112.374922,35.008,128.45,8.942793610647866,76.35,71.78,2.6678,5439.38,803.71,17.6,6,18.3,2271.58,106.223016
2023-06-17,106.223016,107.23224071428572,121.316655,35.008,128.45,8.377128657983375,76.35,71.78,2.6678,5240.58,809.75,15.9,6,20.4,2043.79,103.314276
2023-06-18,103.314276,108.50618785714286,106.223016,35.008,128.45,6.586540238596107,76.35,71.78,2.6678,4604.54,762.83,18.3,6,19.0,1788.58,124.942579
2023-06-19,124.942579,111.784324,103.314276,34.898,128.35,8.29497213171379,76.09,71.78,2.6515,5668.67,868.17,20.7,6,18.1,1926.58,119.286978
2023-06-20,119.286978,113.69284514285714,124.942579,38.708,126.55,8.259617057850479,75.9,71.19,2.6092,6010.54,883.04,19.1,6,19.1,2010.96,129.480223
2023-06-21,129.480223,116.7055212857143,119.286978,36.743,124.15,9.720519997367596,77.12,72.53,2.6241,5653.33,891.04,20.5,6,20.8,2626.67,129.137271
2023-06-22,129.137271,119.10014257142858,129.480223,34.097,125.75,10.50861461838643,74.14,69.51,2.5501,5658.71,913.33,21.3,6,20.4,2818.75,120.838689
2023-06-23,120.838689,119.03186171428571,129.137271,32.507,125.5,10.493353988729496,74.1948,69.4417,2.5378,5793.25,889.54,22.4,6,21.3,2912.0,113.055495
2023-06-24,113.055495,120.00793014285715,120.838689,32.507,125.5,9.359881864703063,74.1948,69.4417,2.5378,5153.08,905.29,21.8,6,22.7,2450.46,97.313223
2023-06-25,97.313223,119.15063685714287,113.055495,32.507,125.5,11.231438853665674,74.1948,69.4417,2.5378,4883.21,876.0,20.4,6,21.5,1972.33,116.290993
2023-06-26,116.290993,117.914696,97.313223,31.975,125.5,10.960606985387766,74.18,69.37,2.5375,6079.54,970.71,21.8,6,21.3,2335.79,119.519318
2023-06-27,119.519318,117.94788742857143,116.290993,34.506,127.9,10.96580575476659,72.26,67.7,2.5168,6147.33,1012.71,20.6,6,21.2,2549.46,120.164757
2023-06-28,120.164757,116.61710657142858,119.519318,34.125,127.9,9.840530797371928,74.03,69.56,2.6034,6338.33,1014.92,22.7,6,21.3,2446.5,121.215119
2023-06-29,121.215119,115.48537057142858,120.164757,35.18,127.9,8.528752298383672,74.51,69.86,2.5034,6479.62,992.5,21.1,6,20.5,2395.0,119.68834
2023-06-30,119.68834,115.32103500000001,121.215119,37.103,128.05,8.418784405152905,75.2748,70.4857,2.542,6372.42,992.88,22.1,6,16.8,2383.58,102.820357
2023-07-01,102.820357,113.85887242857142,119.68834,37.103,128.05,9.673196889978579,75.2748,70.4857,2.542,5272.67,936.92,21.6,7,22.0,2465.71,110.379509
2023-07-02,110.379509,115.7254847142857,102.820357,37.103,128.05,6.7747348449021825,75.2748,70.4857,2.542,4718.25,904.04,21.8,7,20.3,2190.29,115.750912
2023-07-03,115.750912,115.6483302857143,110.379509,33.929,145.0,6.77029505261896,74.65,69.79,2.4624,5862.0,988.58,22.6,7,18.7,2470.58,134.766538
2023-07-04,134.766538,117.82650457142857,115.750912,35.41,142.5,9.935891072159404,76.25,71.154,2.5129,6161.08,1039.67,22.1,7,21.0,2545.0,115.863889
2023-07-05,115.863889,117.21209485714284,134.766538,34.373,144.8,9.90011387787478,76.65,71.79,2.5183,6585.08,1004.12,21.3,7,21.2,2280.42,116.345512
2023-07-06,116.345512,116.51643671428572,115.863889,32.348,139.65,9.741771832057925,76.51,71.8,2.5438,6127.33,1059.92,22.2,7,21.6,2685.75,121.299685
2023-07-07,121.299685,116.74662885714285,116.345512,33.478,138.0,9.847675574449834,78.33,73.86,2.5824,6365.79,1108.92,22.3,7,21.9,2608.92,106.407327
2023-07-08,106.407327,117.25905314285716,121.299685,33.478,138.0,9.064420829371256,78.33,73.86,2.5824,5732.0,1033.71,22.2,7,21.9,2424.33,105.148177
2023-07-09,105.148177,116.51172,106.407327,33.478,138.0,9.9030129706473,78.33,73.86,2.5824,5417.25,1011.42,23.6,7,19.0,2138.17,127.279948
2023-07-10,127.279948,118.15872514285714,105.148177,30.227,133.7,10.683363384594696,77.69,72.99,2.5696,6487.92,1103.17,23.1,7,21.7,2731.88,123.631511
2023-07-11,123.631511,116.568007,127.279948,29.061,131.0,8.378790355355065,79.4,74.83,2.6227,6705.38,1085.08,25.6,7,20.4,2660.12,119.583568
2023-07-12,119.583568,117.09938971428572,123.631511,26.639,129.05,8.444386890882539,80.11,75.75,2.667,6899.67,1121.79,24.6,7,24.5,3214.08,112.16476
2023-07-13,112.16476,116.50213942857144,119.583568,26.607,128.0,8.65189096151785,81.36,76.89,2.6786,7003.33,1072.29,25.1,7,25.5,3323.12,102.295734
2023-07-14,102.295734,113.7872892857143,112.16476,25.957,131.65,9.800883768516043,79.5792,75.1918,2.632,7118.71,1055.79,24.6,7,25.8,3232.25,103.89487
2023-07-15,103.89487,113.42836685714285,102.295734,25.957,131.65,10.155772370770656,79.5792,75.1918,2.632,6266.79,1131.12,24.2,7,23.7,2599.67,109.040641
2023-07-16,109.040641,113.98443314285714,103.89487,25.957,131.65,9.72423433840942,79.5792,75.1918,2.632,5714.96,1074.12,22.8,7,23.2,2512.25,117.2593
2023-07-17,117.2593,112.55291199999999,109.040641,25.101,131.1,8.03091598084322,78.5,74.15,2.6317,7264.0,1171.96,23.3,7,22.9,3061.17,120.250817
2023-07-18,120.250817,112.06995571428571,117.2593,27.069,134.35,7.3241987857264865,79.63,75.75,2.6944,7616.08,1234.46,25.9,7,24.7,3496.62,128.815225
2023-07-19,128.815225,113.38876385714285,120.250817,26.963,131.0,9.430784843306284,79.46,75.29,2.7205,7588.42,1262.42,26.2,7,23.0,3249.71,119.758264
2023-07-20,119.758264,114.47355014285714,128.815225,28.018,132.0,9.69942639362638,79.64,75.65,2.7432,7719.79,1305.88,25.1,7,24.9,3448.71,114.052769
2023-07-21,114.052769,116.15312657142856,119.758264,28.164,133.0,8.130234171466853,80.6112,76.6435,2.7981,7689.29,1331.83,25.7,7,24.4,3484.21,107.273531
2023-07-22,107.273531,116.63579242857142,114.052769,28.164,133.0,7.343430682486753,80.6112,76.6435,2.7981,6705.62,1271.0,27.1,7,27.1,3574.25,106.734012
2023-07-23,106.734012,116.306274,107.273531,28.164,133.0,7.779831819093287,80.6112,76.6435,2.7981,5991.96,1186.46,25.9,7,22.9,3311.38,116.191008
2023-07-24,116.191008,116.15366085714285,106.734012,30.557,133.1,7.768490748902782,82.74,78.74,2.8951,7689.79,1263.25,24.8,7,25.2,3546.33,117.400809
2023-07-25,117.400809,115.74651685714285,116.191008,32.648,134.0,7.590619402359462,83.64,79.63,2.8533,7652.83,1234.88,25.8,7,29.5,3457.62,103.879377
2023-07-26,103.879377,112.18425285714285,117.400809,29.275,134.0,6.14972654805048,82.92,78.78,2.9072,7205.08,1167.92,25.6,7,24.3,3398.17,112.773836
2023-07-27,112.773836,111.18647742857142,103.879377,28.434,134.0,5.211012258412776,84.24,80.09,2.9505,7079.04,1157.12,23.0,7,22.4,3406.54,107.998955
2023-07-28,107.998955,110.32164685714285,112.773836,25.841,134.45,5.158117243452757,84.87,80.58,2.9453,6618.04,1162.12,23.4,7,20.7,2815.96,95.351256
2023-07-29,95.351256,108.61846471428571,107.998955,25.841,134.45,7.682803603265016,84.87,80.58,2.9453,5801.29,1054.38,22.9,7,23.4,2677.04,80.617895
2023-07-30,80.617895,104.88759085714285,95.351256,25.841,134.45,13.147861875382706,84.87,80.58,2.9453,5130.25,1019.58,24.1,7,21.3,2509.67,99.761512
2023-07-31,99.761512,102.54052000000001,80.617895,28.366,137.3,12.228013503494825,85.43,81.8,2.8955,5835.83,1026.04,24.9,7,24.2,2861.0,100.64464
2023-08-01,100.64464,100.14678157142859,99.761512,27.123,135.0,10.326359245557347,84.91,81.37,2.873,6306.58,1109.29,24.7,8,20.9,3069.88,107.993881
2023-08-02,107.993881,100.73456785714286,100.64464,28.742,134.0,10.685101960164168,83.2,79.49,2.7758,6420.92,1090.25,25.4,8,21.8,3038.17,111.663341
2023-08-03,111.663341,100.57592571428572,107.993881,30.473,136.85,10.482893661267173,85.14,81.55,2.7647,6641.29,1116.25,25.2,8,22.9,3022.04,106.751843
2023-08-04,106.751843,100.39776685714286,111.663341,28.853,136.0,10.345407705639056,86.1,82.82,2.7839,6515.62,1094.5,23.2,8,24.0,2990.67,98.943846
2023-08-05,98.943846,100.91099399999999,106.751843,28.853,136.0,10.140410600675844,86.1,82.82,2.7839,5147.62,1046.79,21.1,8,22.2,2887.75,81.73609
2023-08-06,81.73609,101.07073614285714,98.943846,28.853,136.0,9.769476413996278,86.1,82.82,2.7839,4722.75,968.54,20.8,8,20.2,2392.04,92.940689
2023-08-07,92.940689,100.09633285714287,81.73609,30.487,141.1,10.250149452309943,85.34,81.94,2.8044,5567.29,1035.0,22.6,8,19.7,2664.33,84.809155
2023-08-08,84.809155,97.83412071428572,92.940689,31.066,142.5,11.747108313865386,86.17,82.92,2.8451,5471.79,1027.67,19.1,8,19.2,2542.79,99.486914
2023-08-09,99.486914,96.61883971428571,84.809155,39.823,142.5,10.932672467162412,87.55,84.4,2.9284,5169.17,1057.83,19.2,8,18.5,2273.67,98.652575
2023-08-10,98.652575,94.76015885714287,99.486914,37.056,143.0,8.85772884943837,86.4,82.82,2.9047,5258.5,1052.75,21.1,8,19.1,2269.92,107.601214
2023-08-11,107.601214,94.88149757142857,98.652575,35.3,144.0,9.053041010583055,86.723,83.1939,2.9442,5264.58,998.17,21.3,8,20.4,2283.75,89.484244
2023-08-12,89.484244,93.53012585714285,107.601214,35.3,144.0,9.051607058268434,86.723,83.1939,2.9442,4907.38,993.83,21.2,8,21.4,2251.5,101.213651
2023-08-13,101.213651,96.31263457142857,89.484244,35.3,144.0,7.717192231522118,86.723,83.1939,2.9442,4332.12,971.75,19.4,8,19.3,2021.12,105.781051
2023-08-14,105.781051,98.146972,101.213651,34.434,146.5,8.287115217259014,86.21,82.51,2.9062,5376.75,1035.5,20.7,8,19.5,2347.12,105.885462
2023-08-15,105.885462,101.157873,105.781051,38.813,147.15,6.199272310478168,85.03,80.99,2.8476,4528.75,969.12,21.7,8,20.3,2063.79,109.693628
2023-08-16,109.693628,102.615975,105.885462,37.784,147.5,6.901333716757076,83.45,79.38,2.8671,4907.21,991.0,21.6,8,20.1,2295.33,111.664895
2023-08-17,111.664895,104.47487785714284,109.693628,36.825,147.0,7.390942849197665,84.12,80.39,2.8217,4883.5,1038.67,22.3,8,22.3,2383.12,112.069768
2023-08-18,112.069768,105.11324271428573,111.664895,36.41,149.5,7.882597160504135,84.7918,81.5507,2.8119,4909.08,990.33,23.2,8,22.9,2117.5,101.245275
2023-08-19,101.245275,106.79339000000002,112.069768,36.41,149.5,4.541426667991991,84.7918,81.5507,2.8119,4605.08,1024.29,23.7,8,23.3,2340.96,95.423367
2023-08-20,95.423367,105.96620657142857,101.245275,36.41,149.5,6.015281176932852,84.7918,81.5507,2.8119,4495.58,996.79,22.9,8,24.2,2270.29,119.396191
2023-08-21,119.396191,107.91122657142857,95.423367,40.782,149.25,7.862888839231019,84.46,80.12,2.7726,5055.29,1053.54,23.8,8,25.1,2689.29,138.421737
2023-08-22,138.421737,112.55926585714285,119.396191,42.908,150.0,13.82333634047237,84.03,79.64,2.7891,5042.67,1072.83,23.7,8,24.6,2454.33,156.94955
2023-08-23,156.94955,119.31011185714286,138.421737,36.786,150.0,21.56299205983969,83.21,78.89,2.7688,5548.54,1131.04,23.8,8,24.3,2664.58,163.109576
2023-08-24,163.109576,126.659352,156.94955,31.938,149.0,26.682204316433104,83.36,79.05,2.78,5767.5,1120.75,24.3,8,23.6,3025.75,143.118876
2023-08-25,143.118876,131.09493885714284,163.109576,34.777,149.4,26.43223762991577,84.7987,80.2125,2.8554,5751.25,1128.83,25.6,8,22.4,2944.54,124.681017
2023-08-26,124.681017,134.442902,143.118876,34.777,149.4,23.322568031521275,84.7987,80.2125,2.8554,5070.25,1101.92,25.3,8,22.0,2773.17,117.981491
2023-08-27,117.981491,137.66549114285712,124.681017,34.777,149.4,17.97874417434242,84.7987,80.2125,2.8554,5218.25,1026.46,23.6,8,24.4,2520.96,120.360033
2023-08-28,120.360033,137.80318285714284,117.981491,38.414,158.5,17.81848428498624,84.42,80.1,2.7957,6093.71,1022.88,23.9,8,24.8,2803.29,124.97058
2023-08-29,124.97058,135.881589,120.360033,35.195,158.5,18.454609719907587,85.49,81.16,2.7905,6167.79,1046.96,19.8,8,20.6,2273.25,111.055388
2023-08-30,111.055388,129.32528014285714,124.97058,35.992,156.0,17.86533278945455,85.24,81.63,2.5671,6179.75,1007.67,20.0,8,20.6,2511.75,124.840811
2023-08-31,124.840811,123.85831371428571,111.055388,35.029,156.0,9.87031287481246,86.83,83.63,2.5659,5963.75,985.58,21.7,8,19.5,2237.21,118.242953
2023-09-01,118.242953,120.30461042857142,124.840811,35.617,156.25,5.110443956081656,89.0454,85.8253,2.594,5891.92,982.5,19.5,9,19.6,2328.21,96.399788
2023-09-02,96.399788,116.26443485714286,118.242953,35.617,156.25,9.955955461404399,89.0454,85.8253,2.594,4921.92,948.42,20.4,9,17.4,2364.83,93.562362
2023-09-03,93.562362,112.77598785714285,96.399788,35.617,156.25,13.051036279464773,89.0454,85.8253,2.594,4648.29,907.83,18.6,9,19.6,2179.46,103.568572
2023-09-04,103.568572,110.37720771428572,93.562362,33.571,156.55,12.967632980029785,89.0,85.9308,2.5924,5459.46,976.17,20.2,9,23.1,2647.88,104.347275
2023-09-05,104.347275,107.4310212857143,103.568572,34.449,160.5,11.340124214447549,90.04,86.69,2.581,5963.67,1008.75,20.7,9,22.9,2488.5,106.936494
2023-09-06,106.936494,106.84260785714285,104.347275,31.075,160.0,11.227016625168263,90.6,87.54,2.6014,5877.79,996.38,22.2,9,23.2,2383.79,110.883674
2023-09-07,110.883674,104.84873114285715,106.936494,32.755,157.65,8.374977637261873,89.92,86.87,2.623,6152.67,943.88,20.8,9,22.6,2327.92,111.65208
2023-09-08,111.65208,103.90717785714286,110.883674,34.508,156.25,6.8497715403820045,90.2804,87.2969,2.6568,5970.54,957.21,21.3,9,22.1,2670.5,101.067615
2023-09-09,101.067615,104.57401028571428,111.65208,34.508,156.25,6.192815424217247,90.2804,87.2969,2.6568,5131.62,949.33,21.1,9,21.8,2397.75,108.330043
2023-09-10,108.330043,106.683679,101.067615,34.508,156.25,3.91156930282471,90.2804,87.2969,2.6568,4885.12,922.38,20.2,9,20.1,2086.17,126.495174
2023-09-11,126.495174,109.95890785714286,108.330043,35.848,158.0,8.15990012716415,90.64,87.29,2.7187,6159.04,980.5,21.1,9,19.7,2154.54,126.033779
2023-09-12,126.033779,113.05697985714286,126.495174,34.701,159.0,9.654260964530796,92.06,88.84,2.7279,5979.58,967.0,22.2,9,17.0,2482.83,128.174005
2023-09-13,128.174005,116.09091,126.033779,36.817,162.25,10.691581625183094,91.88,88.52,2.7384,6004.33,994.96,21.1,9,18.8,2531.54,128.173205
2023-09-14,128.173205,118.56084299999999,128.174005,35.521,160.5,11.269590856397807,93.7,90.16,2.7427,5960.62,988.42,21.2,9,20.9,2575.25,130.622195
2023-09-15,130.622195,121.27085942857143,128.173205,36.483,160.5,11.6071669741837,94.0678,91.1298,2.717,5949.92,987.29,21.6,9,19.9,2588.0,119.938862
2023-09-16,119.938862,123.96675185714285,130.622195,36.483,160.5,7.6494687266895705,94.0678,91.1298,2.717,5145.67,945.21,19.8,9,19.4,2472.92,109.372834
2023-09-17,109.372834,124.115722,119.938862,36.483,160.5,7.296193763615774,94.0678,91.1298,2.717,4963.33,916.04,22.0,9,20.2,2136.38,122.677562
2023-09-18,122.677562,123.57034885714286,109.372834,34.475,160.75,7.23108048551528,94.43,91.48,2.6979,5970.38,966.21,22.3,9,19.7,2499.67,124.622993
2023-09-19,124.622993,123.36880800000002,122.677562,36.782,160.75,7.170383422233754,94.34,90.48,2.6581,5849.17,1002.42,22.2,9,22.2,2691.38,127.284546
2023-09-20,127.284546,123.24174242857143,124.622993,37.284,160.75,7.078329096507702,93.53,89.66,2.6192,5812.96,1036.83,21.2,9,21.5,2433.75,118.662909
2023-09-21,118.662909,121.88312871428572,127.284546,39.105,160.5,6.884064093875148,93.3,89.63,2.6199,5929.67,1019.25,23.2,9,21.8,2542.58,123.055159
2023-09-22,123.055159,120.80212357142857,118.662909,39.791,160.0,5.790284985845126,93.3801,90.3466,2.5742,6167.92,984.71,24.2,9,22.6,2474.67,115.209795
2023-09-23,115.209795,120.12654257142857,123.055159,39.791,160.0,6.171148620813399,93.3801,90.3466,2.5742,5189.42,913.75,19.9,9,20.3,2146.62,96.354037
2023-09-24,96.354037,118.26671442857142,115.209795,39.791,160.0,10.438514420633476,93.3801,90.3466,2.5742,4868.62,869.71,19.7,9,17.8,1669.21,113.615127
2023-09-25,113.615127,116.97208085714286,96.354037,44.442,160.0,10.361987072757902,93.29,89.68,2.5439,5857.62,952.46,18.8,9,16.4,1974.54,121.285592
2023-09-26,121.285592,116.49530928571428,113.615127,40.322,160.35,10.022503017531651,93.96,90.39,2.5622,6099.08,927.5,19.7,9,18.8,1834.25,128.382848
2023-09-27,128.382848,116.65220957142856,121.285592,39.296,160.35,10.22608612265495,96.55,93.68,2.5986,6193.0,937.04,19.4,9,20.0,1993.79,113.492587
2023-09-28,113.492587,115.91359214285714,128.382848,39.736,159.75,10.243359125054562,93.1,91.71,2.4662,5963.58,919.75,19.0,9,18.1,2030.62,130.377749
2023-09-29,130.377749,116.95967642857143,113.492587,41.859,160.1,11.402545381567936,92.2942,90.7358,2.3981,5799.58,913.33,19.0,9,17.7,2225.62,112.0825
2023-09-30,112.0825,116.51292,130.377749,41.859,160.1,11.54293342864196,92.2942,90.7358,2.3981,5025.88,842.54,17.8,9,18.0,1999.04,94.26485
2023-10-01,94.26485,116.21446471428571,112.0825,41.859,160.1,12.161471942454,92.2942,90.7358,2.3981,4490.42,844.67,18.0,10,18.9,2011.96,119.504151
2023-10-02,119.504151,117.05575385714285,94.26485,39.335,155.0,12.15537951001436,90.71,88.82,2.4122,5534.83,886.08,18.7,10,19.0,2238.88,137.082326
2023-10-03,137.082326,119.31243014285714,119.504151,36.987,150.0,14.341335666896724,90.92,89.23,2.3601,5698.71,898.08,17.9,10,18.8,2261.38,118.019725
2023-10-04,118.019725,117.831984,137.082326,38.441,145.0,13.772557334989928,85.81,84.22,2.198,5340.62,867.92,21.2,10,16.6,2510.08,114.793471
2023-10-05,114.793471,118.01782457142858,118.019725,36.207,140.0,13.712892055623833,84.07,82.31,2.189,5424.58,890.42,18.9,10,17.8,2252.79,130.390305
2023-10-06,130.390305,118.01961828571429,114.793471,38.231,138.5,13.714778942978858,83.13,81.28,2.1616,5607.38,905.75,18.1,10,18.7,2249.75,124.533206
2023-10-07,124.533206,119.79829057142857,130.390305,38.231,138.5,13.623525574057654,83.13,81.28,2.1616,4848.12,874.75,18.4,10,17.8,2142.75,101.21343
2023-10-08,101.21343,120.79094485714286,124.533206,38.231,138.5,11.548056198123831,83.13,81.28,2.1616,4415.54,806.58,18.5,10,17.2,1956.83,128.919475
2023-10-09,128.919475,122.13599114285714,101.21343,43.953,141.35,11.915667060693115,86.5,84.6,2.2151,5420.62,868.79,19.4,10,18.7,2262.96,140.426716
2023-10-10,140.426716,122.61376114285714,128.919475,49.455,141.9,12.658716166705604,86.23,84.13,2.2312,5483.21,882.38,19.7,10,17.7,2360.5,150.606602
2023-10-11,150.606602,127.2690292857143,140.426716,46.068,141.5,16.187710826083677,84.69,82.07,2.1937,5470.21,880.83,18.7,10,16.7,2448.96,147.066126
2023-10-12,147.066126,131.87940857142857,150.606602,53.002,142.65,16.632038331690715,84.81,81.8,2.151,5490.75,887.38,19.1,10,16.2,2313.83,157.609512
2023-10-13,157.609512,135.7678667142857,147.066126,53.982,143.85,19.20819373903692,89.34,86.35,2.253,5532.71,872.79,19.5,10,15.8,2360.5,153.324166
2023-10-14,153.324166,139.880861,157.609512,53.982,143.85,19.48211671243871,89.34,86.35,2.253,4800.62,817.71,19.3,10,16.5,2296.54,139.172261
2023-10-15,139.172261,145.30355114285712,153.324166,53.982,143.85,9.80484697062866,89.34,86.35,2.253,4428.29,797.08,20.4,10,18.0,2074.5,175.761822
2023-10-16,175.761822,151.99531499999998,139.172261,48.467,143.75,12.400406798558983,88.27,85.26,2.2577,5232.75,834.46,17.6,10,16.2,2369.83,161.090262
2023-10-17,161.090262,154.94725014285714,175.761822,48.896,142.25,11.622597695259135,88.56,85.44,2.2725,5540.54,871.88,16.4,10,15.3,2421.17,151.66954
2023-10-18,151.66954,155.0990984285714,161.090262,50.833,139.5,11.56322774489918,90.22,87.27,2.3348,5528.58,874.88,16.3,10,13.0,2206.88,152.272274
2023-10-19,152.272274,155.84283385714284,151.66954,50.172,136.5,11.119350317353918,91.01,88.37,2.343,5413.08,861.79,19.7,10,18.9,2225.04,138.010705
2023-10-20,138.010705,153.0430042857143,152.272274,51.112,138.0,12.921752057378551,90.89,88.08,2.3538,5442.0,872.42,21.4,10,22.3,2176.42,136.626666
2023-10-21,136.626666,150.65764714285714,138.010705,51.112,138.0,14.326069868732121,90.89,88.08,2.3538,5173.58,828.67,17.6,10,18.6,1830.96,129.195591
2023-10-22,129.195591,149.23240857142858,136.626666,51.112,138.0,16.05150196208528,90.89,88.08,2.3538,4721.33,792.17,19.1,10,16.4,1665.38,144.637445
2023-10-23,144.637445,144.786069,129.195591,51.276,138.35,10.991046778328895,88.69,85.49,2.3116,5523.88,848.96,18.1,10,15.0,2033.08,142.176946
2023-10-24,142.176946,142.08416671428571,144.637445,49.264,136.5,8.313618720885248,87.16,83.74,2.2527,5565.79,829.25,17.2,10,16.3,2130.62,134.408099
2023-10-25,134.408099,139.61824657142856,142.176946,49.924,133.5,7.518586268804031,89.12,85.39,2.2688,5352.12,870.33,18.6,10,17.4,2303.75,143.458101
2023-10-26,143.458101,138.359079,134.408099,50.809,135.7,5.518097316220937,87.05,83.21,2.2371,5465.17,871.46,18.0,10,16.8,2216.17,124.261864
2023-10-27,124.261864,136.39495885714285,143.458101,50.532,135.2,7.684422757663853,89.2,85.54,2.2952,5581.46,877.29,20.8,10,16.9,2079.29,107.312983
2023-10-28,107.312983,132.20728985714285,124.261864,50.532,135.2,13.399339216863556,89.2,85.54,2.2952,5172.0,825.04,19.5,10,17.4,1853.83,121.386408
2023-10-29,121.386408,131.0916922857143,107.312983,50.532,135.2,14.003350773189668,89.2,85.54,2.2952,4525.92,772.12,17.0,10,15.9,1698.44,120.94631
2023-10-30,120.94631,127.70724442857143,121.386408,50.547,131.0,13.01168033796697,86.35,82.31,2.2168,5399.33,808.83,16.9,10,16.7,2145.08,122.308777
2023-10-31,122.308777,124.86893457142857,120.94631,48.006,123.5,11.395921188446302,85.02,81.02,2.2173,5446.54,858.21,19.4,10,17.8,2147.04,98.040002
2023-11-01,98.040002,119.67349214285716,122.308777,47.757,117.45,14.25394523822793,84.63,80.44,2.1855,4543.17,810.33,16.8,11,16.1,1696.42,111.053612
2023-11-02,111.053612,115.04427942857144,98.040002,48.564,118.0,9.81187352002332,86.85,82.46,2.246,5390.67,876.75,16.1,11,14.5,1880.88,77.157942
2023-11-03,77.157942,108.31514771428571,111.053612,48.057,122.5,16.38637327609077,85.17,80.51,2.1975,5555.58,863.12,13.8,11,15.5,2158.42,74.511544
2023-11-04,74.511544,103.62922785714285,77.157942,48.057,122.5,20.812871620166664,85.17,80.51,2.1975,4826.75,828.5,13.5,11,14.8,1923.38,66.03772
2023-11-05,66.03772,95.72227242857143,74.511544,48.057,122.5,23.306716334449845,85.17,80.51,2.1975,4368.96,809.21,19.7,11,16.3,1770.42,103.238754
2023-11-06,103.238754,93.19262157142857,66.03772,44.832,119.0,20.95499004756999,85.18,80.82,2.2359,5390.12,854.25,18.5,11,14.3,2151.04,124.110157
2023-11-07,124.110157,93.44996157142857,103.238754,46.057,120.1,21.37892096696176,81.61,77.37,2.1677,5579.38,913.79,17.2,11,14.0,2068.5,133.230742
2023-11-08,133.230742,98.47721014285715,124.110157,45.777,122.5,26.22619235690206,79.54,75.33,2.1285,5249.17,875.17,13.2,11,12.3,2330.29,136.178111
2023-11-09,136.178111,102.06642428571429,133.230742,48.129,123.0,29.720626473523243,80.01,75.74,2.1608,5665.33,872.88,12.5,11,10.9,1933.33,125.945416
2023-11-10,125.945416,109.03606342857142,136.178111,46.632,123.25,28.605467119980798,81.63,77.17,2.183,5496.75,899.83,15.8,11,13.8,2086.29,105.527525
2023-11-11,105.527525,113.46691785714286,125.945416,46.632,123.25,24.469629469590945,81.63,77.17,2.183,4952.5,865.38,14.1,11,13.7,1943.04,122.55955
2023-11-12,122.55955,121.54146499999999,105.527525,46.632,123.25,12.710465289491507,81.63,77.17,2.183,4669.67,828.83,15.1,11,13.0,1661.92,127.101041
2023-11-13,127.101041,124.95036314285713,122.55955,47.873,122.0,9.865014924501693,82.52,78.26,2.2359,5514.67,906.67,12.7,11,12.1,1997.92,125.837606
2023-11-14,125.837606,125.19714157142857,127.101041,47.608,122.5,9.862099786043252,82.47,78.26,2.2228,5664.38,904.42,19.4,11,13.6,1919.17,120.950973
2023-11-15,120.950973,123.44288885714286,125.837606,47.037,123.25,9.269263425710056,81.18,76.66,2.2018,5659.33,920.29,17.0,11,15.3,1990.88,137.232029
2023-11-16,137.232029,123.59344857142857,120.950973,45.849,123.1,9.515875261807784,77.42,72.9,2.1011,5548.42,914.92,14.5,11,13.6,2201.58,124.971525
2023-11-17,124.971525,123.45432128571429,137.232029,45.064,123.25,9.482819034410106,80.52,75.89,2.1767,5823.33,908.62,16.2,11,14.1,1845.75,128.713909
2023-11-18,128.713909,126.76666185714285,124.971525,45.064,123.25,5.3077801144965715,80.52,75.89,2.1767,4949.29,874.58,12.8,11,13.1,2016.96,122.33619
2023-11-19,122.33619,126.73475328571428,128.713909,45.064,123.25,5.3378732041731745,80.52,75.89,2.1767,4644.79,853.12,10.5,11,9.7,1728.38,134.439777
2023-11-20,134.439777,127.78314414285715,122.33619,45.821,122.5,6.089563504960276,82.32,77.83,2.226,5561.42,908.33,16.2,11,11.4,1928.46,128.451134
2023-11-21,128.451134,128.15650528571427,134.439777,44.065,122.3,6.030229460374754,82.45,77.77,2.2338,5722.12,888.42,15.2,11,14.0,2117.29,134.92375
2023-11-22,134.92375,130.1526162857143,128.451134,44.616,122.15,5.540257149581633,81.96,77.1,2.2324,6006.79,910.92,14.4,11,14.5,1890.21,132.931666
2023-11-23,132.931666,129.53827871428572,134.92375,46.834,122.15,4.815424073996348,81.42,76.1708,2.2177,6027.96,913.83,15.3,11,12.9,1812.12,132.690416
2023-11-24,132.690416,130.6409774285714,132.931666,46.657,122.0,4.466523123455552,80.23,76.16,2.16,5765.92,926.08,12.7,11,12.7,2078.46,122.680695
2023-11-25,122.680695,129.7790897142857,132.690416,46.657,122.0,5.3875090636296195,80.23,76.16,2.16,5536.17,870.04,8.3,11,6.7,1739.71,135.152916
2023-11-26,135.152916,131.61005057142856,122.680695,46.657,122.0,4.549099776027925,80.23,76.16,2.16,4758.0,843.29,7.0,11,4.1,1909.46,136.803882
2023-11-27,136.803882,131.94777985714285,135.152916,43.984,128.0,4.87059131229466,79.98,74.86,2.1799,5953.21,918.79,8.8,11,3.5,1931.21,130.220653
2023-11-28,130.220653,132.2005682857143,136.803882,42.774,127.45,4.701862740649604,81.68,76.41,2.23,6086.75,954.75,15.0,11,10.9,2175.46,143.701582
2023-11-29,143.701582,133.4545442857143,130.220653,40.36,129.0,6.409569493325208,82.88,77.86,2.2473,6224.33,959.88,12.4,11,9.9,2183.58,155.348916
2023-11-30,155.348916,136.65700857142858,143.701582,42.091,132.15,10.438671332209125,80.86,75.96,2.1758,6249.71,964.5,15.4,11,9.6,1970.83,143.105666
2023-12-01,143.105666,138.14490142857144,155.348916,43.496,133.5,10.521008388095925,79.19,74.07,2.1222,5900.46,936.29,18.5,12,16.5,2133.12,114.739296
2023-12-02,114.739296,137.01041585714285,143.105666,43.496,133.5,12.674258607142495,79.19,74.07,2.1222,5549.46,924.58,14.9,12,13.3,1823.12,114.392851
2023-12-03,114.392851,134.0446922857143,114.739296,43.496,133.5,15.331646506910907,79.19,74.07,2.1222,5172.96,861.25,11.1,12,10.1,1708.75,135.983509
2023-12-04,135.983509,133.92749614285714,114.392851,40.104,135.0,15.310160272936999,78.03,73.04,2.1342,6284.71,952.21,9.1,12,7.7,1959.96,133.389723
2023-12-05,133.389723,134.38022042857142,135.983509,38.133,134.15,15.228919005264364,77.2,72.32,2.1103,6469.88,960.0,12.2,12,10.0,2035.92,130.80332
2023-12-06,130.80332,132.53761157142858,133.389723,39.313,140.45,14.683663415176015,74.3,69.38,2.0302,6250.67,973.42,9.3,12,9.4,2162.42,121.958442
2023-12-07,121.958442,127.76754385714287,130.80332,39.968,148.75,10.999607756923632,74.05,69.34,2.0012,6386.92,925.04,7.9,12,7.4,2026.38,119.686072
2023-12-08,119.686072,124.42188757142857,121.958442,38.598,151.0,8.922317612506426,75.99,71.23,2.0574,5448.12,885.29,8.0,12,5.1,1701.46,118.295416
2023-12-09,118.295416,124.92990471428573,119.686072,38.598,151.0,8.362824621751317,75.99,71.23,2.0574,5323.29,882.12,10.7,12,4.9,1972.12,102.33595
2023-12-10,102.33595,123.20749028571429,118.295416,38.598,151.0,11.534811964456498,75.99,71.23,2.0574,5174.62,809.58,12.6,12,7.6,1755.62,121.10125
2023-12-11,121.10125,121.08145328571429,102.33595,36.118,152.5,10.065458120125603,76.03,71.32,2.0431,6032.0,931.17,9.3,12,8.5,2143.08,119.447241
2023-12-12,119.447241,119.08967014285714,121.10125,34.703,146.0,8.4782803762123,73.24,68.61,1.9797,6196.17,959.46,15.7,12,10.6,2344.12,110.215747
2023-12-13,110.215747,116.14858828571428,119.447241,35.812,146.25,7.214275320070666,74.26,69.47,2.0249,6293.21,955.38,16.5,12,13.8,2024.17,119.46625
2023-12-14,119.46625,115.79256085714285,110.215747,34.85,145.5,6.93589456766339,76.61,71.58,2.1188,6303.38,964.92,11.7,12,10.5,2036.0,105.967993
2023-12-15,105.967993,113.83283528571428,119.46625,33.189,145.25,7.562173795447612,76.78,71.43,2.1353,6475.17,963.67,11.0,12,9.8,2009.62,89.03627
2023-12-16,89.03627,109.65295728571428,105.967993,33.189,145.25,11.660290146106359,76.78,71.43,2.1353,5576.46,919.96,9.6,12,10.1,2058.46,105.740838
2023-12-17,105.740838,110.13936985714284,89.03627,33.189,145.25,11.37163209560869,76.78,71.43,2.1353,4985.33,892.46,9.7,12,7.3,2068.71,109.248236
2023-12-18,109.248236,108.44608214285714,105.740838,35.522,144.75,10.299230063527311,77.95,72.82,2.159,5986.58,980.25,7.3,12,7.1,2384.04,107.780876
2023-12-19,107.780876,106.77945857142858,109.248236,32.568,145.25,9.095955177250488,79.23,73.94,2.2008,6326.92,1000.21,7.9,12,6.7,2245.83,119.992083
2023-12-20,119.992083,108.17607799999999,107.780876,33.521,144.25,10.372479202579035,79.7,74.22,2.2007,6424.08,971.75,10.0,12,6.5,1992.58,104.24257
2023-12-21,104.24257,106.00126657142857,119.992083,34.203,145.25,9.132595624056089,79.39,73.89,2.1585,6197.79,1004.67,8.4,12,7.2,2060.75,101.346062
2023-12-22,101.346062,105.34099071428571,104.24257,34.174,145.5,9.30093086751521,79.19,73.56,2.1225,6129.42,1050.33,13.3,12,9.0,2008.83,101.467055
2023-12-23,101.467055,107.11681714285714,101.346062,34.174,145.5,6.404847562985102,79.19,73.56,2.1225,5231.67,941.96,13.7,12,10.0,1851.08,116.328572
2023-12-24,116.328572,108.62935057142859,101.467055,34.174,145.5,7.2235868418345754,79.19,73.56,2.1225,4651.29,884.29,13.1,12,6.4,1738.83,116.013333
2023-12-25,116.013333,109.595793,116.328572,34.174,145.5,7.753314793543761,79.19,73.56,2.1247,4094.25,842.71,11.7,12,6.4,1574.0,117.265
2023-12-26,117.265,110.95066785714286,116.013333,34.174,145.5,8.199149883463972,81.07,75.57,2.1583,4182.75,896.25,11.9,12,6.1,1694.04,133.917083
2023-12-27,133.917083,112.93995357142856,117.265,35.513,146.0,11.700175112836193,79.54,74.11,2.155,5353.04,968.29,9.7,12,7.2,1938.58,101.217962
2023-12-28,101.217962,112.50786671428571,133.917083,33.105,145.45,12.123106711795357,77.15,71.77,2.0997,5391.38,934.0,9.8,12,5.6,1913.88,121.600261
2023-12-29,121.600261,115.40132371428571,101.217962,32.35,146.4,11.411247328583068,77.08,71.65,2.1174,5354.29,946.25,12.9,12,6.7,1929.0,111.061273
2023-12-30,111.061273,116.77192628571427,121.600261,32.35,146.4,9.940001084033904,77.08,71.65,2.1174,4842.5,945.58,11.9,12,7.4,1994.0,112.136641
2023-12-31,112.136641,116.173079,111.061273,32.35,146.4,10.096209762906218,77.08,71.65,2.1174,4561.83,880.71,13.3,12,7.3,1680.04,105.714583
2024-01-01,105.714583,114.70182899999999,112.136641,32.35,146.4,10.845915462511028,77.08,71.65,2.1236,4269.29,871.21,13.6,1,11.6,1561.38,107.2975
2024-01-02,107.2975,113.27790042857143,105.714583,30.572,131.9,11.10453756840643,75.89,70.38,2.0949,5219.42,943.96,13.6,1,9.6,1951.21,94.006008
2024-01-03,94.006008,107.57631828571428,107.2975,32.795,128.5,8.734397858356047,78.25,72.7,2.1581,5504.92,953.33,14.3,1,9.3,1921.71,91.171742
2024-01-04,91.171742,106.14114400000001,94.006008,33.41,130.9,10.583017744901776,77.59,72.19,2.1101,5461.21,955.12,14.6,1,9.3,1823.46,104.05439
2024-01-05,104.05439,103.634591,91.171742,34.551,131.55,8.09724413795208,78.82,73.81,2.1105,5591.0,959.08,14.3,1,8.4,1958.71,100.735416
2024-01-06,100.735416,102.15946857142858,104.05439,34.551,131.55,7.43202398043061,78.82,73.81,2.1105,4578.12,890.46,12.0,1,12.0,1768.54,97.11214
2024-01-07,97.11214,100.01311128571429,100.735416,34.551,131.55,6.124996483361074,78.82,73.81,2.1105,4659.96,894.83,10.6,1,10.0,1735.33,108.112292
2024-01-08,108.112292,100.35564114285715,97.11214,31.58,131.5,6.5493276135764615,76.12,70.77,2.0278,6006.04,961.33,9.8,1,8.9,1686.38,108.683182
2024-01-09,108.683182,100.55359571428572,108.112292,30.641,134.5,6.809874979128664,77.59,72.24,2.0768,6520.17,1004.38,8.1,1,7.8,1763.75,113.25864
2024-01-10,113.25864,103.30397171428571,108.683182,30.942,133.5,7.5701348713683565,76.8,71.37,2.0673,6259.12,1027.71,7.3,1,7.3,2082.58,108.335659
2024-01-11,108.335659,105.75595985714286,113.25864,30.817,130.75,5.4754422950157435,77.41,72.02,2.1143,6096.96,967.79,9.5,1,5.6,2781.67,110.111147
2024-01-12,110.111147,106.62121085714287,108.335659,31.991,130.85,5.6378853892786305,78.41,72.68,2.1258,6165.62,979.46,8.1,1,7.3,2230.04,99.790939
2024-01-13,99.790939,106.48628557142857,110.111147,31.991,130.85,5.810867816555479,78.41,72.68,2.1258,5476.12,944.83,7.0,1,5.6,1872.92,104.187083
2024-01-14,104.187083,107.49699171428571,99.790939,31.991,130.85,4.337014095906468,78.41,72.68,2.1258,5039.33,894.5,8.4,1,3.6,1875.96,100.955664
2024-01-15,100.955664,106.47461628571429,104.187083,29.923,129.85,4.965745342074427,78.15,72.6122,2.1242,6051.88,958.04,13.1,1,8.6,2184.83,107.472311
2024-01-16,107.472311,106.30163471428571,100.955664,29.656,129.0,4.896596346344758,78.29,72.4,2.1219,6251.79,963.29,12.6,1,8.6,2360.25,101.77643
2024-01-17,101.77643,104.661319,107.472311,27.708,129.5,4.022914373461682,77.88,72.56,2.1354,6422.0,1009.92,14.8,1,10.1,2153.79,97.41155
2024-01-18,97.41155,103.10073200000001,101.77643,27.893,128.9,4.455584397940105,79.1,74.08,2.1835,6285.17,997.58,15.8,1,14.7,2036.5,92.585191
2024-01-19,92.585191,100.59702399999999,97.41155,28.429,128.0,4.772563981911069,78.8,73.25,2.1714,6106.5,947.21,15.2,1,12.2,2280.92,89.57
2024-01-20,89.57,99.13688985714285,92.585191,28.429,128.0,6.359844665713129,78.8,73.25,2.1714,5618.58,928.04,6.9,1,7.4,2075.71,83.36606
2024-01-21,83.36606,96.16245800000002,89.57,28.429,128.0,8.205380902445237,78.8,73.25,2.1714,5113.0,868.12,5.3,1,7.0,1868.46,102.116257
2024-01-22,102.116257,96.328257,83.36606,27.264,127.45,8.329166906524287,80.06,74.76,2.2378,6123.75,967.38,4.3,1,4.0,2186.58,90.414812
2024-01-23,90.414812,93.89147142857142,102.116257,27.227,127.3,6.897627042513548,79.55,74.37,2.2101,6099.17,1023.12,9.6,1,4.8,2324.12,96.378015
2024-01-24,96.378015,93.12026928571429,90.414812,28.929,127.2,6.1279497788020425,80.04,75.09,2.2095,6333.46,1015.04,6.8,1,7.1,2169.67,94.80562
2024-01-25,94.80562,92.74799357142857,96.378015,27.784,126.8,5.898669388914952,82.43,77.36,2.2644,6304.96,999.54,8.9,1,3.9,2130.92,101.604081
2024-01-26,101.604081,94.03640642857142,94.80562,28.079,127.1,6.776792867210062,83.66,78.01,2.2934,6138.29,935.17,7.9,1,4.5,2210.67,92.05375
2024-01-27,92.05375,94.39122785714287,101.604081,28.079,127.1,6.565698513179089,83.66,78.01,2.2934,5539.38,907.83,9.3,1,5.9,1958.96,76.640947
2024-01-28,76.640947,93.43049742857143,92.05375,28.079,127.1,8.618850516265365,83.66,78.01,2.2934,4949.58,900.75,8.7,1,9.2,1865.25,95.133466
2024-01-29,95.133466,92.43295585714286,76.640947,28.174,116.0,7.81237867794735,81.83,76.78,2.2285,6055.04,979.75,5.5,1,6.5,2107.75,98.937642
2024-01-30,98.937642,93.65050299999999,95.133466,29.391,118.0,8.104120901525727,82.5,77.82,2.2968,6116.83,1015.75,5.3,1,2.6,2256.42,100.078322
2024-01-31,100.078322,94.17911828571428,98.937642,30.235,116.5,8.425973238186979,80.55,75.85,2.2312,6327.54,952.54,5.9,1,3.0,2234.04,99.730839
2024-02-01,99.730839,94.88272099999999,100.078322,28.991,116.0,8.688554263113767,78.7,73.82,2.1948,6144.29,973.83,8.9,2,4.4,2306.33,104.81473
2024-02-02,104.81473,95.34138514285713,99.730839,29.304,116.0,9.173706666821541,77.3,72.28,2.1422,5896.71,989.38,5.4,2,5.1,2523.83,89.251541
2024-02-03,89.251541,94.94106957142857,104.81473,29.304,116.0,9.399443715879858,77.3,72.28,2.1422,5299.67,935.38,6.6,2,8.3,2133.25,81.802916
2024-02-04,81.802916,95.67849371428572,89.251541,29.304,116.0,7.788958911816703,77.3,72.28,2.1422,4896.67,888.12,13.1,2,6.7,1783.88,94.568044
2024-02-05,94.568044,95.59771914285714,81.802916,28.341,119.0,7.7984790955107,77.99,72.78,2.2092,6103.12,977.17,11.5,2,5.0,2019.71,95.924783
2024-02-06,95.924783,95.1673107142857,94.568044,28.607,119.0,7.665428704971327,78.59,73.31,2.2173,6175.12,991.33,12.9,2,5.6,2137.71,106.875757
2024-02-07,106.875757,96.13837285714285,95.924783,28.186,120.5,8.745682117155518,79.21,73.86,2.263,5906.38,987.54,11.7,2,8.6,2316.38,93.922512
2024-02-08,93.922512,95.30861185714285,106.875757,27.812,120.0,8.622706818789538,81.63,76.22,2.342,5908.21,1005.38,12.3,2,7.2,2073.83,91.728159
2024-02-09,91.728159,93.43910171428571,93.922512,27.117,120.6,7.572915781403043,81.9,76.84,2.3345,5973.33,956.75,13.9,2,8.5,2226.58,82.866787
2024-02-10,82.866787,92.52699399999999,91.728159,27.117,120.6,8.490277880201123,81.9,76.84,2.3345,5494.08,928.0,13.5,2,13.5,1965.25,68.734004
2024-02-11,68.734004,90.66000657142857,82.866787,27.117,120.6,11.96668946617444,81.9,76.84,2.3345,4933.08,894.12,11.0,2,9.3,1808.25,93.06588
2024-02-12,93.06588,90.44541171428571,68.734004,25.729,120.0,11.898200525158606,82.0,76.92,2.3673,5894.04,952.29,10.5,2,7.9,2094.71,89.152689
2024-02-13,89.152689,89.47796971428572,93.06588,25.436,120.5,11.651173535936755,82.77,77.87,2.3946,6037.0,967.75,9.4,2,7.7,2155.12,86.089979
2024-02-14,86.089979,86.50857285714287,89.152689,24.857,119.75,8.77091142510029,81.6,76.64,2.3169,6101.38,967.21,7.3,2,9.7,2154.62,91.840969
2024-02-15,91.840969,86.21120957142857,86.089979,24.966,119.25,8.509037390781065,82.86,78.03,2.3183,5871.67,982.0,6.4,2,8.8,2193.42,90.19729
2024-02-16,90.19729,85.992514,91.840969,24.822,119.25,8.362013471857413,83.3,79.19,2.3234,5860.42,952.25,9.4,2,5.6,2243.21,87.168906
2024-02-17,87.168906,86.60710242857144,90.19729,24.822,119.25,8.25135657659341,83.3,79.19,2.3234,5203.83,894.0,9.3,2,6.3,2114.0,83.752721
2024-02-18,83.752721,88.75263342857144,87.168906,24.822,119.25,3.291049354516862,83.3,79.19,2.3234,4869.96,872.38,8.7,2,8.4,1769.21,90.57625
2024-02-19,90.57625,88.396972,83.752721,23.704,119.6,2.852544220353381,82.73,79.19,2.3103,5781.88,953.79,12.2,2,7.0,2059.62,84.510257
2024-02-20,84.510257,87.73376742857144,90.57625,24.168,119.6,3.1696112894332904,81.5,77.04,2.5086,5845.71,960.42,11.1,2,8.3,2383.33,83.424929
2024-02-21,83.424929,87.35304600000002,84.510257,23.977,115.0,3.5385501013605256,82.11,77.91,2.5308,5957.71,952.54,9.8,2,6.6,2139.46,90.258887
2024-02-22,90.258887,87.12703428571429,83.424929,23.193,119.4,3.242244873474309,82.7,78.61,2.5675,5955.04,972.88,8.8,2,6.1,2123.17,78.70141
2024-02-23,78.70141,85.48476571428571,90.258887,22.934,119.4,4.198377919812618,80.8,76.49,2.5093,6006.62,973.54,13.8,2,10.5,2083.96,74.48045
2024-02-24,74.48045,83.67212914285714,78.70141,22.934,119.4,5.788168095384554,80.8,76.49,2.5093,5304.75,914.5,11.8,2,9.4,1891.67,72.239705
2024-02-25,72.239705,82.02741257142858,74.48045,22.934,119.4,7.220059071030131,80.8,76.49,2.5093,4900.75,876.42,10.1,2,9.1,1656.79,81.189874
2024-02-26,81.189874,80.68650171428571,72.239705,24.009,127.5,6.161818913354601,81.67,77.58,2.5572,5877.54,978.67,7.4,2,8.8,1945.17,84.590345
2024-02-27,84.590345,80.69794285714285,81.189874,24.392,129.2,6.170170791017949,82.66,78.87,2.5944,6128.17,998.42,10.4,2,11.0,1963.62,84.533479
2024-02-28,84.533479,80.85630714285715,84.590345,25.619,131.0,6.26531955679951,82.15,78.54,2.5512,5978.96,972.96,13.2,2,13.8,2043.33,85.158273
2024-02-29,85.158273,80.12764800000001,84.533479,24.865,131.0,5.194663417612263,81.91,78.26,2.581,5919.38,964.21,12.1,2,12.6,2168.08,94.70125
2024-03-01,94.70125,82.41333942857143,85.158273,25.809,132.0,7.4798862670600705,83.39,79.97,2.6103,5855.83,966.58,10.9,3,9.6,2109.04,84.466567
2024-03-02,84.466567,83.83992757142856,94.70125,25.809,132.0,6.617289526657607,83.39,79.97,2.6103,5234.88,912.88,10.0,3,6.7,1973.04,74.12638
2024-03-03,74.12638,84.10945257142858,84.466567,25.809,132.0,6.082905839509396,83.39,79.97,2.6103,4959.96,899.88,13.0,3,7.6,1546.38,89.131467
2024-03-04,89.131467,85.24396585714285,74.12638,26.885,136.0,6.187316432722477,82.8,78.74,2.5857,6022.04,976.42,9.7,3,7.1,1902.71,88.400647
2024-03-05,88.400647,85.78829471428571,89.131467,27.468,137.45,6.287032502322735,82.04,78.15,2.5328,6011.17,979.54,8.7,3,6.1,2036.29,92.524651
2024-03-06,92.524651,86.92989071428572,88.400647,26.572,136.75,6.731046348232549,82.96,79.13,2.5539,5786.58,974.21,10.9,3,8.1,2098.46,95.626139
2024-03-07,95.626139,88.42530014285714,92.524651,25.992,135.5,7.401286701875174,82.96,78.93,2.5548,5980.96,1000.79,10.5,3,7.1,2120.62,99.144893
2024-03-08,99.144893,89.06010628571428,95.626139,26.392,134.4,8.178992823086462,81.9,78.01,2.5243,5929.79,990.25,7.7,3,7.7,2144.04,91.444583
2024-03-09,91.444583,90.05696571428572,99.144893,26.392,134.4,7.947793892960156,81.9,78.01,2.5243,5227.83,929.92,10.5,3,11.2,1919.46,77.277139
2024-03-10,77.277139,90.50707414285715,91.444583,26.392,134.4,6.917692209768112,81.9,78.01,2.5243,4598.71,881.08,12.3,3,12.8,1826.17,95.958962
2024-03-11,95.958962,91.48243057142857,77.277139,24.93,133.0,7.168197566457608,82.21,77.93,2.5805,5653.79,957.58,11.4,3,10.0,2008.21,87.401359
2024-03-12,87.401359,91.33967514285715,95.958962,24.775,130.65,7.249292373672317,81.92,77.56,2.5864,5767.58,955.42,10.9,3,8.2,2100.08,91.456666
2024-03-13,91.456666,91.18710585714287,87.401359,24.903,131.1,7.231413150092005,84.03,79.72,2.6615,5941.46,966.79,8.9,3,10.1,2096.0,95.597867
2024-03-14,95.597867,91.18306700000001,91.456666,26.049,131.5,7.228527988847691,85.42,81.26,2.7033,5709.17,979.96,9.6,3,9.2,2288.54,89.768558
2024-03-15,89.768558,89.84359057142856,95.597867,27.026,131.0,6.318761535449289,85.33,81.04,2.7085,5704.46,946.08,10.7,3,6.5,2151.33,81.044712
2024-03-16,81.044712,88.35789471428572,89.768558,27.026,131.0,7.05887769821474,85.33,81.04,2.7085,5307.08,902.17,11.9,3,10.6,1810.46,76.372415
2024-03-17,76.372415,88.22864842857143,81.044712,27.026,131.0,7.299750803000089,85.33,81.04,2.7085,4695.79,861.38,9.3,3,10.0,1751.29,92.460559
2024-03-18,92.460559,87.72887657142859,76.372415,28.822,129.75,6.783817589467527,86.89,82.72,2.7573,5678.83,915.04,12.4,3,8.5,1919.0,93.65828
2024-03-19,93.65828,88.62272242857144,92.460559,28.866,129.4,7.1365131643291,87.38,82.73,2.7622,5697.92,941.92,13.1,3,11.9,2095.08,100.295466
2024-03-20,100.295466,89.88540814285716,93.65828,27.742,128.9,8.392854110240787,85.95,81.27,2.7332,5471.17,912.12,11.4,3,7.6,2218.33,95.754261
2024-03-21,95.754261,89.90775014285714,100.295466,26.402,128.25,8.410784289670515,85.78,81.07,2.7271,5684.58,904.38,9.6,3,5.5,1998.58,94.445039
2024-03-22,94.445039,90.57581885714286,95.754261,27.776,127.7,8.581871972125107,85.58,80.63,-0.9991,5408.08,888.62,12.3,3,10.2,2250.58,80.82875
2024-03-23,80.82875,90.54496714285713,94.445039,27.776,127.7,8.622140587477555,85.58,80.63,-0.9991,4897.08,875.38,11.0,3,7.8,1962.62,55.659818
2024-03-24,55.659818,87.58602471428571,80.82875,27.776,127.7,15.28001343950949,85.58,80.63,-0.9991,4452.96,812.79,14.2,3,10.8,1804.04,98.842083
2024-03-25,98.842083,88.497671,55.659818,28.489,128.95,15.800806599909922,86.75,81.95,2.7484,5319.42,885.17,10.1,3,10.3,2093.79,98.786396
2024-03-26,98.786396,89.230259,98.842083,27.132,128.9,16.193939791771275,86.25,81.62,2.7006,5500.79,887.17,11.3,3,11.4,2135.58,96.645401
2024-03-27,96.645401,88.70882114285713,98.786396,27.687,129.0,15.833005393440843,85.41,81.35,2.6719,5776.38,918.17,12.9,3,11.5,1890.21,88.951588
2024-03-28,88.951588,87.73701071428572,96.645401,27.34,129.1,15.534446471927627,87.0,83.17,2.7206,5554.88,891.54,13.5,3,9.8,1922.5,91.328996
2024-03-29,91.328996,87.2918617142857,88.951588,27.34,129.1,15.353782240436969,86.9719,83.1235,2.7209,5519.0,887.5,14.7,3,12.2,1771.58,76.771335
2024-03-30,76.771335,86.71223099999999,91.328996,27.34,129.1,15.710875434342732,86.9719,83.1235,2.7209,5010.21,859.83,14.8,3,13.0,1609.71,85.723001
2024-03-31,85.723001,91.00697142857143,76.771335,27.34,129.1,8.0477978034294,86.9719,83.1235,2.7244,4033.91,765.57,15.2,3,15.8,1521.52,68.078079
2024-04-01,68.078079,86.6121137142857,85.723001,27.34,132.0,10.937275797868521,87.6387,83.8916,2.7141,4156.54,795.21,12.8,4,15.6,1488.46,76.543454
2024-04-02,76.543454,83.43455057142857,68.078079,26.465,132.25,10.001919964468103,89.2827,85.4379,2.7763,5176.67,845.5,12.8,4,11.8,1864.75,95.972658
2024-04-03,95.972658,83.33844442857142,76.543454,25.975,129.65,9.855990834370747,89.5565,85.588,2.7603,5575.96,850.12,12.9,4,9.2,1945.75,77.906194
2024-04-04,77.906194,81.760531,95.972658,26.105,128.2,9.690344166677653,91.13,86.7719,2.8067,5449.71,887.88,11.8,4,11.0,2111.08,78.842994
2024-04-05,78.842994,79.97681642857142,77.906194,26.606,129.1,8.737864502610053,90.8677,86.7765,2.7732,5414.12,891.96,11.1,4,10.1,1923.75,72.413369
2024-04-06,72.413369,79.35424985714285,78.842994,26.606,129.1,9.149855720726432,90.8677,86.7765,2.7732,4752.58,854.33,11.0,4,11.1,1763.21,60.672083
2024-04-07,60.672083,75.77554728571428,72.413369,26.606,129.1,10.963057214693759,90.8677,86.7765,2.7576,4436.5,808.12,11.3,4,12.0,1452.25,78.077575
2024-04-08,78.077575,77.20404671428571,60.672083,27.92,128.2,10.431489029389612,90.5106,86.553,2.75,5470.67,861.08,13.3,4,10.8,1744.92,79.202842
2024-04-09,79.202842,77.58395928571429,78.077575,27.56,127.0,10.451827951353579,89.45,85.23,2.7487,5558.12,875.17,12.9,4,14.2,1903.92,86.889508
2024-04-10,86.889508,76.28636642857143,79.202842,27.455,128.0,8.084006958773484,90.4893,86.2183,2.781,5550.33,861.96,13.8,4,13.4,1863.17,78.918375
2024-04-11,78.918375,76.43096371428571,86.889508,29.525,132.0,8.126748839384774,89.74,84.9819,2.7523,5576.04,880.96,10.8,4,14.9,1778.88,75.13561
2024-04-12,75.13561,75.90133742857144,78.918375,30.835,132.5,8.063919676754848,90.15,85.66,2.796,5427.08,842.33,12.7,4,14.3,1850.38,68.611265
2024-04-13,68.611265,75.35817971428571,75.13561,30.835,132.5,8.456505320914319,90.15,85.66,2.796,4899.58,846.83,13.6,4,13.5,1696.12,74.862098
2024-04-14,74.862098,77.38532471428572,68.611265,30.835,132.5,5.550890857400513,90.54,85.66,2.811,4326.21,804.92,14.1,4,14.1,1749.25,92.879048
2024-04-15,92.879048,79.49982085714285,74.862098,31.535,136.5,8.094781540121463,90.1,85.41,2.7839,5019.29,865.88,16.9,4,15.5,2151.46,76.113722
2024-04-16,76.113722,79.058518,92.879048,33.61,136.4,8.19722677333056,90.02,85.36,2.8223,5274.54,867.96,16.9,4,16.4,2224.42,104.509312
2024-04-17,104.509312,81.57563285714286,76.113722,31.94,139.5,12.55145808968316,87.29,82.69,2.7287,5284.83,868.62,13.4,4,12.6,2155.46,108.310107
2024-04-18,108.310107,85.77445171428572,104.509312,32.19,141.0,15.966084527692352,87.11,82.73,2.7137,5071.62,879.17,11.3,4,10.9,2233.71,90.674457
2024-04-19,90.674457,87.99428699999999,108.310107,30.75,141.75,15.307005742366204,87.29,83.14,2.7103,5263.96,852.08,9.6,4,8.2,2252.71,89.006787
2024-04-20,89.006787,90.90793299999999,90.674457,30.75,141.75,12.72612033107039,87.29,83.14,2.7103,5006.46,837.42,7.0,4,8.5,1617.08,79.670352
2024-04-21,79.670352,91.59482642857142,89.006787,30.75,141.75,11.812680191882318,87.08,83.1408,2.7071,4460.58,771.38,8.0,4,8.0,1743.29,111.010203
2024-04-22,111.010203,94.18499142857142,79.670352,29.15,138.0,13.937846672336779,87.0,82.85,2.6854,5387.75,895.29,8.0,4,7.5,1934.54,105.329967
2024-04-23,105.329967,98.3587407142857,111.010203,28.6434,136.75,11.841169981587802,88.4575,83.4676,2.7219,5539.75,917.0,9.0,4,9.7,1995.38,100.232342
2024-04-24,100.232342,97.74774500000001,105.329967,29.1697,135.5,11.57833813272429,87.898,82.7006,2.7308,5662.54,906.67,8.0,4,9.2,1888.88,98.192791
2024-04-25,98.192791,96.30241414285715,100.232342,29.902,135.75,10.632961248017017,89.1095,83.7588,2.7675,4753.17,836.42,5.0,4,8.5,1597.0,119.355
2024-04-26,119.355,100.39963457142858,98.192791,29.3836,134.5,13.295340636403287,89.2931,83.7202,2.7616,5243.42,912.21,10.0,4,9.5,2048.21,98.501435
2024-04-27,98.501435,101.75601285714286,119.355,29.3836,134.5,12.393038013857122,89.2931,83.7202,2.7616,4761.67,861.83,9.0,4,10.6,1905.12,85.448051
2024-04-28,85.448051,102.58139842857143,98.501435,29.3836,134.5,10.762037619367465,89.2931,83.7202,2.7534,4418.08,820.29,12.5,4,8.7,1505.58,88.015725
2024-04-29,88.015725,99.296473,85.448051,28.2514,137.4,11.258387042183335,88.3471,82.7195,2.7507,5326.92,869.88,14.5,4,10.0,1764.75,84.715816
2024-04-30,84.715816,96.3515942857143,88.015725,29.3876,142.25,12.083004641232298,85.9878,81.5377,2.6728,5614.58,951.33,15.0,4,11.3,1863.42,89.312727
2024-05-01,89.312727,94.79164928571429,84.715816,28.8587,147.0,12.202769207458854,83.44,79.0,2.5716,4493.62,856.96,16.0,5,17.2,1556.21,92.326325
2024-05-02,92.326325,93.95358271428573,89.312727,30.0443,147.75,12.131495015104903,83.67,78.95,2.6004,5457.29,833.0,13.8,5,13.2,1795.08,80.153855
2024-05-03,80.153855,88.35341914285713,92.326325,30.0686,145.6,5.897834185631678,82.82,77.99,2.5497,5588.83,885.75,11.0,5,11.7,1817.5,78.407018
2024-05-04,78.407018,85.48278814285713,80.153855,30.0677,145.6,4.949271023391728,82.82,77.99,2.5497,5042.17,874.08,11.0,5,12.1,1981.62,66.894506
2024-05-05,66.894506,82.83228171428573,78.407018,30.0677,145.6,8.595720233891447,82.82,77.99,2.5568,4420.67,825.71,11.7,5,12.8,1572.38,103.170689
2024-05-06,103.170689,84.99727657142857,66.894506,31.8352,146.1,11.527436441950003,83.33,78.48,2.5893,5465.58,907.88,12.0,5,12.3,1497.83,108.618878
2024-05-07,108.618878,88.41199971428571,103.170689,30.7064,146.6,14.569198333811734,83.16,78.38,2.5349,5552.62,914.25,13.0,5,15.6,1828.96,100.00654
2024-05-08,100.00654,89.93968728571429,108.618878,30.6914,146.1,15.22527772117911,83.58,78.99,2.5405,5545.67,890.33,13.0,5,15.4,1781.42,91.557916
2024-05-09,91.557916,89.82991457142857,100.00654,30.9559,143.95,15.207962631316276,83.88,79.26,2.5484,5590.83,892.5,16.2,5,14.9,1738.79,82.125823
2024-05-10,82.125823,90.11162428571427,91.557916,29.8585,144.0,15.015903457902755,82.73,78.2,2.4998,5435.38,892.71,17.0,5,15.3,1925.42,79.568377
2024-05-11,79.568377,90.27753271428571,82.125823,29.8585,144.0,14.8707414952975,82.73,78.2,2.4998,4751.62,841.5,15.0,5,15.5,1794.54,70.980989
2024-05-12,70.980989,90.861316,79.568377,29.8585,144.0,13.844606388068984,82.73,78.2,2.5023,4416.0,817.12,16.0,5,14.2,1613.75,93.874405
2024-05-13,93.874405,89.53327542857141,70.980989,29.6691,142.05,12.879253055441733,83.36,79.12,2.5135,5414.21,862.46,15.0,5,13.1,1813.0,102.962445
2024-05-14,102.962445,88.72521357142855,93.874405,29.6559,140.65,11.59570737892194,82.38,78.02,2.4731,5589.17,886.83,15.0,5,15.9,1799.08,102.251237
2024-05-15,102.251237,89.04588457142857,102.962445,29.4874,141.5,11.984210113562632,82.75,78.63,2.506,5321.96,888.67,15.8,5,16.3,1975.71,98.811454
2024-05-16,98.811454,90.0821042857143,102.251237,30.5733,143.75,12.538391294794696,83.27,79.23,2.5428,5368.08,875.08,18.0,5,18.1,2063.42,94.178193
2024-05-17,94.178193,91.80387142857144,98.811454,30.7659,142.15,12.082988687728415,83.96,80.0,2.577,5368.5,864.5,16.7,5,17.1,2023.17,92.559339
2024-05-18,92.559339,93.65972314285715,94.178193,30.7659,142.15,10.822398086134427,83.96,80.0,2.577,4984.12,885.58,16.0,5,16.1,1798.71,88.209825
2024-05-19,88.209825,96.12098542857142,92.559339,30.7659,142.15,5.4116775769343874,83.96,80.0,2.5686,4441.83,836.33,15.9,5,16.3,1718.62,99.537563
2024-05-20,99.537563,96.93000800000002,88.209825,31.713,142.2,5.443065637612532,83.71,79.3,2.5438,5508.75,848.96,16.5,5,17.4,1779.83,94.160623
2024-05-21,94.160623,95.67260485714287,99.537563,32.9033,142.8,4.795371721527181,82.88,78.66,2.5072,5501.21,888.25,18.5,5,18.9,2034.92,94.40115
2024-05-22,94.40115,94.55116385714284,94.160623,34.6779,142.95,3.8189947816383563,81.9,77.57,2.4658,5296.54,926.33,17.0,5,17.9,2025.42,102.378263
2024-05-23,102.378263,95.06070799999999,94.40115,35.3574,144.9,4.633290571311706,81.36,76.87,2.4728,5502.96,928.71,16.0,5,17.2,2055.79,108.381447
2024-05-24,108.381447,97.08974428571427,102.378263,33.9616,143.3,6.790294865331909,82.16,77.8,2.4909,5623.04,917.08,14.0,5,15.2,1982.62,102.476352
2024-05-25,102.476352,98.50646042857143,108.381447,33.9616,143.3,6.721730981893344,82.16,77.8,2.4909,5008.46,858.54,17.0,5,14.9,1781.21,71.95076
2024-05-26,71.95076,96.18373685714288,102.476352,33.9616,143.3,11.779284181250102,82.16,77.8,2.4901,4428.25,824.04,15.0,5,16.4,1771.54,109.279309
2024-05-27,109.279309,97.57541485714285,71.95076,34.9161,143.3,12.774960543307436,82.8517,78.5875,2.5077,5288.12,881.54,16.0,5,15.6,2017.04,117.899806
2024-05-28,117.899806,100.96672671428571,109.279309,33.523,142.0,14.720228714322747,84.63,80.28,2.5225,5493.58,861.42,17.7,5,15.3,2014.62,114.502805
2024-05-29,114.502805,103.83839171428573,117.899806,33.8371,142.1,15.179504817747267,83.54,79.28,2.459,5558.67,822.46,16.0,5,15.9,2099.88,113.633824
2024-05-30,113.633824,105.446329,114.502805,34.8329,143.2,15.589657258741973,81.86,77.91,2.3932,5583.71,856.25,17.0,5,14.3,2150.42,96.810395
2024-05-31,96.810395,103.79332157142858,113.633824,34.6371,143.9,15.83804430338713,81.31,77.18,2.4197,5412.0,837.71,19.8,5,18.8,2162.25,84.311167
2024-06-01,84.311167,101.19829514285713,96.810395,34.6371,143.9,17.49162984055705,81.31,77.18,2.4197,4820.21,824.29,18.0,6,19.6,1947.67,81.740212
2024-06-02,81.740212,102.5967882857143,84.311167,34.6371,143.9,14.973592827829407,81.31,77.18,2.4116,4796.79,774.0,16.3,6,19.2,1391.29,111.875766
2024-06-03,111.875766,102.96771071428573,81.740212,36.1496,144.45,15.197210013853299,78.36,74.22,2.3279,5567.75,827.0,17.0,6,18.4,1801.88,117.194437
2024-06-04,117.194437,102.86694371428572,111.875766,34.1088,139.8,15.08361332981335,77.52,73.25,2.3329,5796.79,816.33,14.0,6,17.1,1849.21,111.300868
2024-06-05,111.300868,102.40952414285712,117.194437,33.3846,137.0,14.716009019921312,78.41,74.07,2.3632,5520.46,825.5,17.0,6,17.4,2077.08,106.132692
2024-06-06,106.132692,101.33793385714286,111.300868,33.1426,135.9,14.019061192252824,79.87,75.55,2.4018,5625.25,855.12,18.0,6,17.0,1852.96,105.238717
2024-06-07,105.238717,102.54197985714286,106.132692,33.2114,133.0,13.927035302524754,79.49,75.38,2.3805,5796.38,922.92,18.0,6,17.9,1882.67,110.113562
2024-06-08,110.113562,106.2280362857143,105.238717,33.2114,133.0,11.500950023499565,79.49,75.38,2.3805,5150.71,881.25,19.7,6,18.4,1960.38,92.27449
2024-06-09,92.27449,107.73293314285714,110.113562,33.2114,133.0,7.882745106700808,79.49,75.38,2.3839,4786.08,840.96,21.0,6,21.8,1977.83,91.052119
2024-06-10,91.052119,104.75812642857143,92.27449,34.4176,133.7,9.76359047668167,81.63,77.74,2.4211,5780.71,909.71,22.0,6,22.5,2184.38,103.761666
2024-06-11,103.761666,102.83915914285714,91.052119,34.1374,133.35,8.088265766212213,81.92,77.9,2.4237,5704.33,978.04,20.0,6,20.4,2297.96,109.592807
2024-06-12,109.592807,102.59515042857143,103.761666,34.9569,135.45,7.811473606774324,82.6,78.5,2.3924,5744.79,981.04,20.0,6,21.1,2344.92,103.859666
2024-06-13,103.859666,102.27043242857144,109.592807,35.802,136.4,7.686150166155167,82.75,78.62,2.4098,5523.33,928.33,17.0,6,19.8,2550.83,106.544117
2024-06-14,106.544117,102.45691814285713,103.859666,35.4625,135.15,7.785367196732813,82.62,78.45,2.4035,5695.62,915.5,15.0,6,17.9,2259.54,98.753459
2024-06-15,98.753459,100.83404628571428,106.544117,35.4625,135.15,7.074921405246874,82.62,78.45,2.4035,5001.42,900.29,16.0,6,17.1,2265.17,79.425905
2024-06-16,79.425905,98.99853414285715,98.753459,35.4625,135.15,10.502268430020898,82.62,78.45,2.3976,4543.54,868.58,18.0,6,19.9,2167.17,115.111331
2024-07-22,115.836895,115.20359585714286,97.103387,31.8794,135.0,9.076928958829495,82.192,78.2294,2.4631,7029.17,1103.75,24.0,7,23.2,3190.33,114.015019
2024-07-23,114.015019,114.58787428571428,115.836895,31.3437,134.7,8.975514457752796,81.494,77.4437,2.4333,7356.21,1149.17,24.0,7,24.8,3205.71,109.76077
2024-07-24,109.76077,112.509011,114.015019,32.6954,134.75,7.977405108092136,81.71,77.4594,2.4424,6990.96,1104.0,24.0,7,25.4,3138.88,115.98043
2024-07-25,115.98043,111.65837928571429,109.76077,32.0123,138.4,7.070752018874719,82.37,78.28,2.469,7220.12,1157.0,24.0,7,25.8,3007.29,119.710087
2024-07-26,119.710087,111.88234971428571,115.98043,32.3516,139.25,7.330426459838035,81.13,77.16,2.4481,7338.29,1109.83,26.0,7,24.1,3007.79,106.376074
2024-07-27,106.376074,111.254666,119.710087,32.3516,139.25,7.623805299407524,81.13,77.16,2.4481,6672.92,1091.96,25.0,7,21.0,2962.25,110.742496
2024-07-28,110.742496,113.20311014285714,106.376074,32.3516,139.25,4.512261483777031,81.13,77.16,2.4624,6141.21,1076.83,25.0,7,20.7,2901.12,125.894711
2024-07-29,125.894711,114.63994100000001,110.742496,33.8699,140.1,6.606203542213396,79.78,75.81,2.4091,6876.75,1163.17,25.0,7,23.5,3096.67,108.286704
2024-07-30,108.286704,113.8216102857143,125.894711,39.2525,139.25,7.037246007416507,78.63,74.73,2.3593,7102.71,1142.67,27.0,7,26.3,2958.21,120.124346
2024-07-31,120.124346,115.30212114285715,108.286704,39.8895,140.1,7.130073107206154,80.72,77.91,2.4589,7586.67,1193.17,25.9,7,23.7,3088.38,124.292148
2024-08-01,124.292148,116.48950942857142,120.124346,41.0988,142.55,7.911161929869919,80.77,76.31,2.4076,7344.67,1228.29,23.7,8,20.1,3179.71,120.702814
2024-08-02,120.702814,116.63132757142856,124.292148,41.1245,144.1,7.98705126337068,76.81,73.52,2.3295,7153.83,1216.25,24.7,8,24.2,3012.04,116.623121
2024-08-03,116.623121,118.09519142857143,120.702814,41.1245,144.1,6.615480419566936,76.81,73.52,2.3295,6426.0,1173.42,24.0,8,25.4,2732.08,124.988151
2024-08-04,124.988151,120.13028499999999,116.623121,41.1245,144.1,6.151517533188706,76.81,73.52,2.3265,5592.21,1075.04,25.0,8,24.3,2505.88,122.62434
2024-08-05,122.62434,119.66308914285716,124.988151,35.8042,143.7,5.751967883802849,76.3,72.94,2.3642,6650.25,1150.29,25.7,8,23.4,2834.04,128.842257
2024-08-06,128.842257,122.59959671428571,122.62434,36.5772,145.5,3.936670628618867,76.48,73.2,2.3026,7080.08,1184.46,25.0,8,22.2,3010.25,127.995805
2024-08-07,127.995805,123.72409085714285,128.842257,38.73,145.0,4.22541994071563,78.33,75.23,2.3628,6967.58,1179.67,25.0,8,22.6,2961.21,133.745923
2024-08-08,133.745923,125.07463014285715,127.995805,40.3122,145.5,5.693150535199226,79.16,76.19,2.3954,7036.75,1176.67,25.0,8,23.4,2864.04,126.839123
2024-08-09,126.839123,125.95124571428572,133.745923,40.0539,146.0,5.371114917378281,79.66,76.84,2.3954,6765.33,1217.75,25.0,8,24.2,2881.46,129.767348
2024-08-10,129.767348,127.82899242857145,126.839123,40.0539,146.0,3.558099905914047,79.66,76.84,2.3954,6547.33,1141.12,25.0,8,25.2,2709.08,131.05737
2024-08-11,131.05737,128.69602371428573,129.767348,40.0539,146.0,3.489276157298669,79.66,76.84,2.3923,5832.62,1129.25,25.6,8,24.6,2614.25,136.281968
2024-08-12,136.281968,130.64711342857143,131.05737,39.815,146.75,3.34375633777986,82.3,80.06,2.4374,6293.33,1194.12,26.0,8,22.7,2857.12,134.441263
2024-08-13,134.441263,131.44697142857143,136.281968,39.3646,146.9,3.505802171166308,80.69,78.35,2.3837,6273.96,1168.25,25.0,8,22.6,2833.75,132.74724
2024-08-14,132.74724,132.12574785714287,134.441263,38.8794,145.75,3.17014404878769,79.76,76.98,2.3269,6129.21,1164.5,25.0,8,23.6,2915.46,132.295232
2024-08-15,132.295232,131.91850628571427,132.74724,39.5998,150.0,3.093056569130134,81.04,78.16,2.3511,5058.0,1104.92,24.0,8,23.3,2544.17,128.525647
2024-08-16,128.525647,132.1594382857143,132.295232,39.4308,146.75,2.6679272731257937,79.68,76.65,2.3109,5949.71,1198.29,25.0,8,24.9,2811.71,124.914595
2024-08-17,124.914595,131.46618785714284,128.525647,39.4308,146.75,3.788326385329005,79.68,76.65,2.3109,5626.0,1215.92,25.1,8,25.3,2722.08,122.277101
2024-08-18,122.277101,130.2118637142857,124.914595,39.4308,146.75,5.1537588653169,79.68,76.65,2.3064,5223.67,1038.5,21.0,8,25.5,2644.29,120.802164
2024-08-19,120.802164,128.00046314285714,122.277101,39.5176,146.5,5.428806159635419,77.66,73.66,2.2652,5651.62,1036.92,22.0,8,22.5,2677.46,118.384893
2024-08-20,118.384893,125.706696,120.802164,38.1184,146.0,5.641768788040503,77.2,73.17,2.2456,5914.88,1074.5,22.0,8,20.2,2609.04,126.197181
2024-08-21,126.197181,124.77097328571428,118.384893,37.2231,145.9,4.752536289171019,76.05,71.93,2.1986,5448.04,1009.5,23.0,8,22.3,2667.42,118.791391
2024-08-22,118.791391,122.84185314285716,126.197181,36.7238,146.75,3.842959157394341,77.22,73.01,2.2426,5788.12,1049.42,24.0,8,23.3,2609.29,129.537359
2024-08-23,129.537359,122.98638342857143,118.791391,36.6057,145.2,4.102602295302444,79.02,74.83,2.2858,5874.25,1036.75,25.0,8,23.0,2641.29,122.609167
2024-08-24,122.609167,122.65703657142858,129.537359,36.6057,145.2,4.013582781508914,79.02,74.83,2.2858,5553.29,959.21,24.9,8,21.8,2671.54,126.842038
2024-08-25,126.842038,123.30917042857143,122.609167,36.6057,145.2,4.302054090963091,79.02,74.83,2.2915,5274.71,944.62,23.9,8,23.3,2498.21,133.223178
2024-08-26,133.223178,125.08360100000002,126.842038,37.7513,145.7,5.492544254610631,81.43,77.42,2.2865,6439.29,1044.58,24.0,8,24.5,2851.92,142.086232
2024-08-27,142.086232,128.46950657142858,133.223178,38.712,146.0,7.582595538640013,79.55,75.53,2.2398,6585.83,1034.0,22.0,8,23.0,2933.62,143.153165
2024-08-28,143.153165,130.89179,142.086232,38.2937,145.0,9.25876785270489,78.65,74.52,2.2163,6755.0,1036.17,23.0,8,21.5,2687.29,140.67517
2024-08-29,140.67517,134.01804414285715,143.153165,39.2721,143.25,8.11612906919273,78.82,75.91,2.2437,6679.83,1068.58,22.9,8,23.0,2928.42,136.074845
2024-08-30,136.074845,134.95197071428572,140.67517,39.3956,143.75,7.88751825077184,76.93,73.55,2.0976,6566.38,1077.96,21.0,8,25.0,2973.5,124.147132
2024-08-31,124.147132,135.17167999999998,136.074845,39.3956,143.75,7.498216408567796,76.93,73.55,2.0976,5906.96,1028.5,23.0,8,24.0,2711.54,121.120262
2024-09-01,121.120262,134.35428342857142,124.147132,39.3956,143.75,8.762818684038157,76.93,73.55,2.0729,5440.54,985.58,24.0,9,21.3,2416.83,163.076904
2024-09-02,163.076904,138.61910142857144,121.120262,38.5487,143.9,13.887108966734896,77.2772,74.0612,2.0653,6464.83,1059.12,24.7,9,22.0,2710.92,150.226847
2024-09-03,150.226847,139.78204642857142,163.076904,36.9721,142.0,14.550844466125916,73.67,70.22,1.9801,6464.88,1059.29,24.1,9,21.0,2732.5,151.067897
2024-09-04,151.067897,140.9127224285714,150.226847,35.6222,139.5,15.151564458516463,72.72,69.25,1.9479,6546.46,1116.96,22.0,9,20.8,2852.54,140.113262
2024-09-05,140.113262,140.83244985714285,151.067897,35.8797,141.0,15.154520960557946,72.69,69.15,1.9351,6533.62,1124.0,23.0,9,22.7,2820.79,131.659875
2024-09-06,131.659875,140.20173985714285,140.113262,36.3673,141.5,15.474030896249046,71.06,67.67,1.8996,6364.67,1087.21,23.0,9,22.3,2868.04,125.931334
2024-09-07,125.931334,140.45662585714285,131.659875,36.3673,141.5,15.177357449165255,71.06,67.67,1.8996,5446.46,1028.46,22.0,9,22.0,2737.92,116.070889
2024-09-08,116.070889,139.73528685714285,125.931334,36.3673,141.5,16.326052595049525,71.06,67.67,1.9339,5207.46,986.12,22.8,9,21.3,2345.29,120.964743
2024-09-09,120.964743,133.71926385714286,116.070889,37.195,141.65,13.86479027796329,71.84,68.71,1.9389,6120.79,1003.04,22.0,9,21.9,2575.71,106.988523
2024-09-10,106.988523,127.54236042857143,120.964743,35.5617,138.75,14.879223268837716,69.19,65.75,1.8854,6300.04,1005.75,21.0,9,20.2,2488.62,122.500657
2024-09-11,122.500657,123.46132614285715,106.988523,36.1562,139.0,10.674984208445343,70.61,67.31,1.8998,6218.29,983.25,19.0,9,20.0,2362.17,112.778536
2024-09-12,112.778536,119.55636528571428,122.500657,35.238,138.15,8.304875370111844,71.97,68.97,1.9375,6164.17,968.08,19.0,9,19.6,2402.21,101.669198
2024-09-13,101.669198,115.27198285714287,112.778536,35.7061,137.9,8.74442685392717,71.61,68.65,1.9376,6023.38,923.12,15.9,9,16.7,2298.62,98.907603
2024-09-14,98.907603,111.41144985714286,101.669198,35.7061,137.9,9.207199737484446,71.61,68.65,1.9376,5110.75,902.83,13.0,9,15.4,2171.96,91.591417
2024-09-15,91.591417,107.91438242857143,98.907603,35.7061,137.9,11.504724588678087,71.61,68.65,1.9305,4678.12,844.25,15.0,9,16.5,1930.5,115.490029
2024-09-16,115.490029,107.13228042857143,91.591417,34.309,137.25,10.621902311812107,72.75,70.09,1.9769,5554.54,909.54,16.3,9,17.8,2096.96,114.823411
2024-09-17,114.823411,108.25155014285714,115.490029,35.5814,139.65,11.009937350301245,73.7,71.19,1.9887,5719.96,900.71,16.4,9,16.3,2154.83,112.492473
2024-09-18,112.492473,106.82180957142857,114.823411,35.591,139.0,9.380401523817161,73.65,70.91,1.9977,5565.21,921.42,15.0,9,16.1,2066.46,109.960626
2024-09-19,109.960626,106.419251,112.492473,33.0586,139.5,9.139536836291743,74.88,71.16,2.0566,5627.21,904.71,16.0,9,16.6,2103.71,119.59418
2024-09-20,119.59418,108.97996271428572,109.960626,34.6075,139.5,10.052378166036757,74.49,71.0,2.045,5486.96,893.5,15.0,9,16.3,2075.92,105.491422
2024-09-21,105.491422,109.92050828571428,119.59418,34.6075,139.5,9.22701599521573,74.49,71.0,2.045,4845.46,837.79,17.0,9,17.3,1871.21,103.331641
2024-09-22,103.331641,111.59768314285715,105.491422,34.6075,139.5,5.753174794471983,74.49,71.0,2.0395,4422.42,846.54,17.0,9,16.7,1808.67,141.652155
2024-09-23,141.652155,115.33512971428571,103.331641,36.1989,139.5,12.838324757762601,73.9,70.37,2.0013,5198.38,913.12,17.0,9,17.1,2156.92,107.012078
2024-09-24,107.012078,114.21922500000001,141.652155,36.1161,139.5,13.223905915621456,75.17,71.56,2.0311,5497.33,886.71,17.0,9,20.5,2122.33,114.010677
2024-09-25,114.010677,114.43611128571429,107.012078,37.5607,139.75,13.203299260434445,73.46,69.69,2.0055,5609.29,895.5,16.0,9,18.4,2078.21,109.282469
2024-09-26,109.282469,114.33923171428572,114.010677,37.5631,139.6,13.244036575445747,71.6,67.67,1.9358,5521.92,885.25,16.0,9,17.6,2123.62,109.06631
2024-09-27,109.06631,112.8352502857143,109.282469,38.6415,139.6,13.145230629569973,71.98,68.18,1.9557,5572.58,908.33,20.0,9,18.5,2190.46,102.864181
2024-09-28,102.864181,112.45993014285715,109.06631,38.6415,139.6,13.424398696468835,71.98,68.18,1.9557,4811.38,849.58,18.9,9,19.4,2132.79,83.136607
2024-09-29,83.136607,109.57492528571427,102.864181,38.6415,139.6,17.318370441312585,71.98,68.18,1.9498,4442.25,800.08,13.6,9,18.1,1824.58,110.899079
2024-09-30,110.899079,105.18162871428571,83.136607,38.6526,146.55,10.305767495432635,71.7,68.17,1.9364,5280.83,867.0,15.0,9,16.9,2047.54,125.117645
2024-10-01,125.117645,107.76813828571429,110.899079,39.2486,142.65,12.809612539251843,73.56,69.83,1.9846,5412.67,885.38,14.0,10,16.2,2080.62,127.625782
2024-10-02,127.625782,109.71315328571428,125.117645,38.8914,141.55,14.795225475735574,73.9,70.1,2.0135,5515.33,889.79,14.4,10,16.1,2117.08,115.87873
2024-10-03,115.87873,110.65547628571429,127.625782,39.7492,142.6,14.972225508579811,77.62,73.71,2.0988,5451.08,895.0,20.0,10,20.4,2171.54,117.803396
2024-10-04,117.803396,111.90363142857143,115.87873,40.744,149.6,15.18040012654666,78.05,74.38,2.0926,5328.67,889.83,17.0,10,18.6,2289.88,113.979309
2024-10-05,113.979309,113.49150685714287,117.803396,40.744,149.6,14.649315243983551,78.05,74.38,2.0926,4964.83,863.5,15.0,10,15.4,2040.33,118.361563
2024-10-06,118.361563,118.52364342857143,113.979309,40.744,149.6,5.953365083274366,78.05,74.38,2.079,4305.17,787.17,12.0,10,14.3,1871.88,125.243841
2024-10-07,125.243841,120.57289514285715,118.361563,40.9531,153.0,5.3273880317121725,80.93,77.14,2.1517,5297.0,868.21,13.0,10,13.9,2045.88,113.583823
2024-10-08,113.583823,118.92520628571427,125.243841,38.557,150.8,5.469226142806867,77.18,73.57,2.0751,5514.79,895.58,16.0,10,17.8,2093.54,112.832282
2024-10-09,112.832282,116.81184914285714,113.583823,38.506,147.0,4.274622153000638,76.58,73.24,2.0647,5311.12,868.42,18.0,10,19.6,2336.04,103.286783
2024-10-10,103.286783,115.01299957142858,112.832282,40.0865,150.25,6.69626826019581,79.4,75.85,2.1463,5688.21,907.46,18.0,10,17.6,2156.58,103.896615
2024-10-11,103.896615,113.02631657142857,103.286783,39.71,149.4,7.715777990465618,79.04,75.56,2.1471,5583.62,864.67,17.3,10,18.0,2125.67,95.914472
2024-10-12,95.914472,110.44562557142856,103.896615,39.71,149.4,10.020700639130052,79.04,75.56,2.1471,4793.38,829.54,14.0,10,16.2,2083.54,93.972585
2024-10-13,93.972585,106.96148585714286,95.914472,39.71,149.4,11.001598681165992,79.04,75.56,2.1166,4292.92,767.54,13.9,10,14.4,1877.71,119.192107
2024-10-14,119.192107,106.09695242857143,93.972585,40.5535,150.9,9.45447600236105,77.46,73.83,2.0603,5122.5,824.92,14.0,10,15.6,2091.96,108.982861
2024-10-15,108.982861,105.43967214285713,119.192107,40.0938,148.75,8.996052973264876,74.25,70.58,2.0417,5252.04,855.79,16.0,10,15.0,2163.29,122.980292
2024-10-16,122.980292,106.88938785714286,108.982861,39.4777,147.4,10.983963685709176,74.22,70.39,2.0507,5397.08,862.33,16.0,10,15.3,2214.79,118.411181
2024-10-17,118.411181,109.05001614285713,122.980292,39.5619,147.6,11.625973097915635,74.45,70.67,2.0423,5449.12,867.21,20.0,10,17.6,2321.62,115.66844
2024-10-18,115.66844,110.73170542857143,118.411181,39.3435,145.9,11.607676640041152,73.06,69.22,2.0019,5667.75,871.75,18.0,10,19.5,2163.42,109.49866
2024-10-19,109.49866,112.67230371428572,115.66844,39.3435,145.9,9.69568189526545,73.06,69.22,2.0019,5057.83,821.04,16.0,10,18.2,2002.17,118.454176
2024-10-20,118.454176,116.16967385714285,109.49866,39.3435,145.9,5.198827851976751,73.06,69.22,2.0059,4283.29,767.38,16.9,10,17.5,1962.04,128.871547
2024-10-21,128.871547,117.55245099999999,118.454176,40.0267,145.6,7.0826647180924915,74.29,70.04,2.0149,5264.88,859.58,17.6,10,17.6,2100.75,124.155062
2024-10-22,124.155062,119.71990828571428,128.871547,41.0767,144.0,6.301538683857619,76.04,71.74,2.0677,5458.71,850.33,19.0,10,15.5,2351.17,123.413728
2024-10-23,123.413728,119.78182771428571,124.155062,41.4642,145.0,6.34092136723505,74.96,70.77,2.0489,5588.29,851.12,17.0,10,14.4,2031.62,119.625918
2024-10-24,119.625918,119.95536157142858,123.413728,42.2795,145.9,6.313722358737758,74.38,70.19,2.0306,5809.25,862.88,18.9,10,13.8,1986.46,121.776013
2024-10-25,121.776013,120.82787199999999,119.625918,43.6075,145.9,6.038580049266127,76.05,71.78,2.082,5507.33,858.71,16.0,10,15.1,2139.46,114.392892
2024-10-26,114.392892,121.52704800000001,121.776013,43.6075,145.9,4.626422080020257,76.05,71.78,2.082,4938.42,831.12,16.0,10,13.6,2031.58,114.060054
2024-10-27,114.060054,120.89931628571428,114.392892,43.6075,145.9,5.353780827708036,76.05,71.78,2.0142,4689.44,777.76,15.0,10,14.1,1661.56,117.949774
2024-10-28,117.949774,119.33906300000001,114.060054,42.669,144.5,4.084124137664942,71.42,67.38,1.9753,5118.5,848.38,14.0,10,14.0,2160.75,129.425697
2024-10-29,129.425697,120.09201085714287,117.949774,42.3064,145.25,5.395341286456741,71.12,67.21,1.9581,5415.67,834.71,14.0,10,15.7,2091.92,126.653477
2024-10-30,126.653477,120.55483214285714,129.425697,41.5269,145.0,5.8477610238621285,72.16,68.61,1.9659,5398.42,874.54,13.0,10,15.0,2202.5,116.436213
2024-10-31,116.436213,120.09916,126.653477,38.5843,144.05,6.0528854882042715,72.81,69.26,2.0012,5256.42,851.67,12.0,10,14.6,2215.42,107.458997
2024-11-01,107.458997,118.053872,116.436213,38.9382,143.95,7.610343838730657,73.1,69.33,1.964,4395.42,780.83,11.9,11,13.3,1829.08,114.811075
2024-11-02,114.811075,118.11361242857141,107.458997,38.9382,143.95,7.578390060487801,73.1,69.33,1.964,4471.04,808.12,10.9,11,12.6,2003.67,107.696922
2024-11-03,107.696922,117.20459357142859,114.811075,38.9382,143.95,8.474312873086538,73.1,69.33,1.9948,4267.12,757.88,11.0,11,14.1,1786.17,128.38595
2024-11-04,128.38595,118.69547585714285,107.696922,40.4913,143.9,9.485007466245484,75.08,71.47,2.0203,5076.08,824.08,11.4,11,14.3,2019.0,124.897887
2024-11-05,124.897887,118.04864585714286,128.38595,40.3622,142.9,8.757813032530008,75.53,71.99,2.0428,5315.29,824.5,12.0,11,12.5,2202.46,126.539732
2024-11-06,126.539732,118.03239657142858,124.897887,40.6712,141.1,8.739272579281106,74.92,71.69,2.0345,5388.29,838.08,11.0,11,12.0,2225.21,126.958081
2024-11-07,126.958081,119.53552057142858,126.539732,41.5553,142.2,9.305497295496547,75.63,72.36,2.0491,5341.83,833.71,13.0,11,11.0,2196.83,118.50545
2024-11-08,118.50545,121.1135852857143,126.958081,42.0442,143.35,7.7172996746757265,73.87,70.38,2.0123,5575.58,842.04,14.0,11,10.3,2017.71,119.18794
2024-11-09,119.18794,121.73885171428573,118.50545,42.0442,143.35,7.286860923727389,73.87,70.38,2.0123,4930.21,834.12,13.0,11,10.7,1873.88,120.06217
2024-11-10,120.06217,123.50531571428571,119.18794,42.0442,143.35,4.130834434620542,73.87,70.38,2.0091,4494.21,766.25,12.7,11,11.8,1815.08,127.126835
2024-11-11,127.126835,123.32544214285714,120.06217,43.9516,142.25,3.9040809450177063,71.83,68.04,1.9567,5374.33,791.08,13.0,11,11.5,2087.17,139.60871
2024-11-12,139.60871,125.42698828571429,127.126835,43.4473,142.25,7.3394805004203905,71.89,68.12,1.962,5585.62,804.0,11.0,11,9.5,2126.04,138.067563
2024-11-13,138.067563,127.07382128571427,139.60871,43.9012,141.5,8.782267760672095,72.28,68.43,1.9533,5590.88,836.25,11.9,11,10.9,2153.79,133.489097
2024-11-14,133.489097,128.00682357142855,138.067563,46.3361,141.5,9.108771193574665,72.56,68.7,1.9757,5679.67,817.29,10.0,11,10.9,2242.21,134.550334
2024-11-15,134.550334,130.29894985714284,133.489097,45.7059,141.75,8.30243743887622,71.04,67.02,1.9484,5974.79,849.33,8.0,11,8.6,1893.5,133.198947
2024-11-16,133.198947,132.30052228571427,134.550334,45.7059,141.75,6.714340407342772,71.04,67.02,1.9484,5474.29,859.04,6.5,11,10.6,1860.29,123.857666
2024-11-17,123.857666,132.842736,133.198947,45.7059,141.75,5.626437419929776,71.04,67.02,1.9439,4773.04,803.12,6.7,11,9.6,1913.54,137.210192
2024-11-18,137.210192,134.28321557142857,123.857666,47.1514,141.75,5.193249883944396,73.3,69.16,2.0164,5716.62,854.29,10.0,11,10.5,2112.62,141.381389
2024-11-19,141.381389,134.53645542857143,137.210192,45.904,141.25,5.528612367781857,73.31,69.24,2.0346,6044.25,883.46,10.0,11,11.5,2146.79,130.983648
2024-11-20,130.983648,133.52446757142857,141.381389,46.5855,141.5,5.421841819001219,72.81,68.75,2.0426,6570.08,871.67,16.0,11,12.5,1648.21,134.30106
2024-11-21,134.30106,133.64046228571428,130.983648,48.6731,141.5,5.429638931645125,74.23,70.1,2.048,5936.38,883.12,12.0,11,11.6,2160.67,136.389945
2024-11-22,136.389945,133.90326385714286,134.30106,46.8944,141.25,5.5247052646317725,75.17,71.18,2.0566,5943.96,910.04,8.6,11,11.1,2398.08,137.896267
2024-11-23,137.896267,134.57430957142859,136.389945,46.8944,141.25,5.707160779454808,75.17,71.18,2.0566,5360.17,869.08,6.0,11,8.5,2076.04,132.272329
2024-11-24,132.272329,135.77640428571428,137.896267,46.8944,141.25,3.5535791388092437,75.17,71.18,2.0593,4863.71,805.96,1.7,11,4.8,1960.75,143.310619
2024-11-25,143.310619,136.64789385714286,132.272329,47.8933,141.0,4.567270041907666,73.01,68.94,1.9902,5873.42,888.54,3.0,11,5.1,2135.12,150.17188
2024-11-26,150.17188,137.90367828571428,143.310619,46.5639,141.0,6.765266649360379,72.81,68.77,1.9905,6027.88,905.83,11.0,11,7.2,2219.21,155.751948
2024-11-27,155.751948,141.44200685714287,150.17188,46.4469,140.7,8.733541913266171,72.83,68.72,1.9748,6208.12,904.38,13.0,11,10.0,2247.42,144.601669
2024-11-28,144.601669,142.91352242857144,155.751948,46.722,139.45,8.180070928853365,73.0553,68.9259,1.9789,6157.67,932.75,13.9,11,11.3,2244.08,136.71907
2024-11-29,136.71907,142.9605402857143,144.601669,47.9111,138.9,8.13715824758525,72.38,68.63,1.9063,6195.58,912.25,11.0,11,12.4,2375.54,121.279654
2024-11-30,121.279654,140.58673842857144,136.71907,47.9111,138.9,11.563228250942121,72.38,68.63,1.9063,5314.38,873.46,7.0,11,9.2,2252.92,115.318871
2024-12-01,115.318871,138.16481585714286,121.279654,47.9111,138.9,14.891413874826725,72.38,68.63,1.9054,5314.38,873.46,7.0,12,11.8,2252.92,137.604689
2024-12-02,137.604689,137.34968299999997,115.318871,48.5033,136.0,14.717951647765549,71.93,68.17,1.9176,5872.71,900.54,7.0,12,10.6,2255.46,159.843624
2024-12-03,159.843624,138.73136071428573,137.604689,48.4156,135.15,16.471763804044507,73.66,69.97,1.96,6085.54,915.46,5.9,12,8.9,2319.21,167.946253
2024-12-04,167.946253,140.47340428571428,159.843624,47.2828,134.0,19.019641365263112,72.31,68.54,1.9389,6050.58,947.08,8.2,12,9.2,2458.46,148.532533
2024-12-05,148.532533,141.0349562857143,167.946253,46.4822,132.6,19.218828214022512,72.09,68.3,1.9331,5894.42,935.12,9.0,12,10.8,2556.71,144.739709
2024-12-06,144.739709,142.18076185714287,148.532533,46.5302,132.4,19.157628475844028,71.12,67.2,1.9034,6483.75,947.58,7.2,12,10.3,2220.88,142.820896
2024-12-07,142.820896,145.25808214285715,144.739709,46.5302,132.4,16.829302490941572,71.12,67.2,1.9034,5545.83,887.33,8.0,12,7.2,2123.21,127.987757
2024-12-08,127.987757,147.067923,142.820896,46.5302,132.4,13.406041133109923,71.12,67.2,1.9087,4801.79,839.12,8.0,12,7.5,1960.38,129.840673
2024-12-09,129.840673,145.95877785714288,127.987757,44.9266,133.25,14.588497508677222,72.14,68.37,1.9425,6047.79,968.0,7.7,12,9.0,2244.0,158.318915
2024-12-10,158.318915,145.7409622857143,129.840673,45.6506,133.25,14.356168765733967,72.19,68.59,1.9495,6199.33,952.54,7.7,12,5.2,2494.21,182.117511
2024-12-11,182.117511,147.76542771428572,158.318915,44.722,132.5,18.430439624607917,73.52,70.29,1.9907,6366.92,986.75,7.4,12,3.0,2141.08,174.188461
2024-12-12,174.188461,151.4305602857143,182.117511,42.5608,133.0,20.982701163392807,73.41,70.02,1.9925,6305.29,1002.42,5.0,12,5.0,2299.88,173.847205
2024-12-13,173.847205,155.588774,174.188461,41.1459,130.75,22.27983306691177,74.49,71.29,1.9948,6268.38,1011.96,10.0,12,3.9,2316.0,125.002226
2024-12-14,125.002226,153.04324971428574,173.847205,41.1459,130.75,24.851244508226745,74.49,71.29,1.9948,5655.12,953.67,9.2,12,8.6,2031.29,119.50793
2024-12-15,119.50793,151.83184585714284,125.002226,41.1459,130.75,26.432535443067287,74.49,71.29,2.0002,5185.46,924.83,8.0,12,8.8,1872.38,134.23022
2024-12-16,134.23022,152.45892400000002,119.50793,39.4746,128.75,25.869952132075962,73.91,70.71,1.9729,6118.12,975.67,8.0,12,9.2,2140.04,135.723492
2024-12-17,135.723492,149.23100642857142,134.23022,42.0207,130.35,26.42071651396049,73.19,70.08,1.9462,6302.92,990.92,4.0,12,6.5,2217.46,128.681053
2024-12-18,128.681053,141.5972267142857,135.723492,41.1137,128.6,22.80782694812082,73.39,70.02,1.9296,6268.46,1015.38,6.0,12,8.3,2281.58,119.473547
2024-12-19,119.473547,133.7808104285714,128.681053,43.5337,127.75,18.800602506061125,72.88,69.38,1.9153,6294.54,996.71,7.0,12,6.6,2240.58,114.246255
2024-12-20,114.246255,125.26638899999999,119.473547,43.7517,127.3,8.058031227092354,72.94,69.46,1.9426,6409.79,1013.0,6.8,12,8.1,2077.04,100.189081
2024-12-21,100.189081,121.72165400000002,114.246255,43.7517,127.3,12.452822802049663,72.94,69.46,1.9426,5730.71,967.17,4.1,12,7.4,1960.62,110.609515
2024-12-22,110.609515,120.45045185714287,100.189081,43.7517,127.3,13.15107187917015,72.94,69.46,1.9426,5008.33,948.46,5.0,12,6.2,2024.58,92.947171
2024-12-23,92.947171,114.55287342857142,110.609515,45.7679,125.5,15.05978407334423,72.63,69.24,1.9437,5685.62,1007.54,5.8,12,5.2,2195.5,125.506626
2024-12-24,125.506626,113.09332114285715,92.947171,46.0813,125.0,13.023441254078094,73.58,70.1,1.9632,5347.21,988.12,5.0,12,5.2,2024.0,108.833918
2024-12-25,108.833918,110.25801614285714,125.506626,46.1874,125.0,11.079655396059302,73.617,70.1728,1.9615,4272.17,856.04,6.0,12,9.0,1926.17,118.988127
2024-12-26,118.988127,110.18867042857144,108.833918,45.845,125.0,11.013686538234893,73.26,69.62,1.9466,4628.21,908.04,9.0,12,10.1,1842.25,132.515388
2024-12-27,132.515388,112.79854657142857,118.988127,47.7804,125.0,13.917290789803165,74.17,70.6,1.9489,5497.83,979.83,9.0,12,8.1,2200.29,128.454438
2024-12-28,128.454438,116.8364547142857,132.515388,47.7804,125.0,13.7484623188847,74.17,70.6,1.9489,5046.88,931.62,7.0,12,9.2,2053.46,143.601494
2024-12-29,143.601494,121.54959457142857,128.454438,47.7804,125.0,16.614341372101396,74.17,70.6,1.9564,4938.75,946.25,4.0,12,7.8,2139.96,147.630065
2024-12-30,147.630065,129.36143657142858,143.601494,48.1853,124.55,13.485400815683093,73.99,70.99,1.978,5392.08,987.96,3.0,12,5.5,2412.42,137.761532
2024-12-31,137.761532,131.11213742857143,147.630065,50.4541,125.25,13.695398102932623,74.64,71.72,2.0124,5145.5,965.42,4.0,12,4.4,2261.83,140.728274
